product_id,product_category_name,product_name_lenght,product_description_lenght,product_photos_qty,product_weight_g,product_length_cm,product_height_cm,product_width_cm,product_category_name_english
PRO_1,perfumaria,40.0,287.0,1.0,225.0,16.0,10.0,14.0,59
PRO_2,artes,44.0,276.0,1.0,1000.0,30.0,18.0,20.0,2
PRO_3,esporte_lazer,46.0,250.0,1.0,154.0,18.0,9.0,15.0,65
PRO_4,bebes,27.0,261.0,1.0,371.0,26.0,4.0,26.0,6
PRO_5,utilidades_domesticas,37.0,402.0,4.0,625.0,20.0,17.0,13.0,49
PRO_6,instrumentos_musicais,60.0,745.0,1.0,200.0,38.0,5.0,11.0,56
PRO_7,cool_stuff,56.0,1272.0,4.0,18350.0,70.0,24.0,44.0,20
PRO_8,moveis_decoracao,56.0,184.0,2.0,900.0,40.0,8.0,40.0,39
PRO_9,eletrodomesticos,57.0,163.0,1.0,400.0,27.0,13.0,17.0,44
PRO_10,brinquedos,36.0,1156.0,1.0,600.0,17.0,10.0,12.0,69
PRO_11,cama_mesa_banho,54.0,630.0,1.0,1100.0,16.0,10.0,16.0,7
PRO_12,bebes,49.0,728.0,4.0,7150.0,50.0,19.0,45.0,6
PRO_13,instrumentos_musicais,43.0,1827.0,3.0,250.0,17.0,7.0,17.0,56
PRO_14,moveis_decoracao,51.0,2083.0,2.0,600.0,68.0,11.0,13.0,39
PRO_15,construcao_ferramentas_seguranca,59.0,1602.0,4.0,200.0,17.0,7.0,17.0,19
PRO_16,esporte_lazer,22.0,3021.0,1.0,800.0,16.0,2.0,11.0,65
PRO_17,perfumaria,39.0,346.0,2.0,400.0,27.0,5.0,20.0,59
PRO_18,informatica_acessorios,59.0,636.0,1.0,900.0,40.0,15.0,20.0,15
PRO_19,moveis_decoracao,56.0,296.0,2.0,1700.0,100.0,7.0,15.0,39
PRO_20,cama_mesa_banho,52.0,206.0,1.0,500.0,16.0,10.0,16.0,7
PRO_21,moveis_decoracao,27.0,158.0,4.0,2550.0,29.0,24.0,45.0,39
PRO_22,cama_mesa_banho,27.0,329.0,2.0,800.0,36.0,8.0,16.0,7
PRO_23,beleza_saude,58.0,1987.0,3.0,75.0,21.0,7.0,13.0,43
PRO_24,bebes,55.0,1627.0,1.0,500.0,20.0,13.0,13.0,6
PRO_25,moveis_decoracao,56.0,209.0,1.0,1800.0,40.0,10.0,30.0,39
PRO_26,utilidades_domesticas,52.0,968.0,1.0,900.0,50.0,5.0,50.0,49
PRO_27,malas_acessorios,52.0,573.0,5.0,3600.0,35.0,25.0,50.0,53
PRO_28,informatica_acessorios,35.0,1101.0,2.0,300.0,42.0,2.0,30.0,15
PRO_29,informatica_acessorios,59.0,1890.0,2.0,740.0,23.0,13.0,13.0,15
PRO_30,esporte_lazer,50.0,529.0,2.0,3600.0,62.0,23.0,23.0,65
PRO_31,cama_mesa_banho,45.0,206.0,1.0,650.0,16.0,10.0,16.0,7
PRO_32,ferramentas_jardim,49.0,1163.0,9.0,2150.0,70.0,8.0,34.0,42
PRO_33,moveis_decoracao,60.0,208.0,1.0,800.0,40.0,10.0,34.0,39
PRO_34,moveis_escritorio,57.0,476.0,1.0,8950.0,52.0,51.0,17.0,57
PRO_35,esporte_lazer,50.0,699.0,4.0,1388.0,34.0,9.0,31.0,65
PRO_36,bebes,52.0,708.0,9.0,7950.0,33.0,30.0,44.0,6
PRO_37,automotivo,43.0,1062.0,2.0,6000.0,87.0,3.0,42.0,5
PRO_38,eletronicos,31.0,806.0,1.0,263.0,18.0,12.0,16.0,26
PRO_39,utilidades_domesticas,37.0,352.0,1.0,3900.0,19.0,20.0,15.0,49
PRO_40,moveis_decoracao,47.0,502.0,1.0,600.0,25.0,25.0,25.0,39
PRO_41,moveis_decoracao,63.0,254.0,2.0,2050.0,49.0,13.0,41.0,39
PRO_42,brinquedos,33.0,471.0,2.0,725.0,22.0,17.0,15.0,69
PRO_43,cama_mesa_banho,56.0,509.0,4.0,6350.0,45.0,15.0,35.0,7
PRO_44,bebes,47.0,980.0,4.0,600.0,70.0,11.0,11.0,6
PRO_45,cool_stuff,38.0,1701.0,2.0,11750.0,18.0,40.0,79.0,20
PRO_46,brinquedos,20.0,866.0,3.0,2550.0,22.0,32.0,38.0,69
PRO_47,cool_stuff,38.0,1176.0,3.0,15350.0,47.0,40.0,47.0,20
PRO_48,moveis_decoracao,42.0,303.0,2.0,1300.0,25.0,16.0,25.0,39
PRO_49,moveis_decoracao,60.0,1972.0,2.0,850.0,69.0,11.0,11.0,39
PRO_50,beleza_saude,60.0,330.0,1.0,1300.0,19.0,28.0,17.0,43
PRO_51,esporte_lazer,53.0,3218.0,5.0,4800.0,60.0,30.0,15.0,65
PRO_52,cool_stuff,55.0,410.0,2.0,1300.0,36.0,16.0,24.0,20
PRO_53,automotivo,57.0,311.0,1.0,220.0,18.0,14.0,17.0,5
PRO_54,bebes,50.0,509.0,4.0,5700.0,41.0,17.0,49.0,6
PRO_55,malas_acessorios,53.0,1291.0,2.0,450.0,20.0,40.0,30.0,53
PRO_56,fashion_calcados,60.0,402.0,2.0,2000.0,32.0,12.0,37.0,31
PRO_57,telefonia,51.0,427.0,2.0,100.0,19.0,3.0,11.0,68
PRO_58,cool_stuff,58.0,1252.0,1.0,1100.0,30.0,20.0,23.0,20
PRO_59,papelaria,49.0,488.0,3.0,1400.0,38.0,40.0,39.0,66
PRO_60,brinquedos,50.0,423.0,4.0,250.0,20.0,14.0,12.0,69
PRO_61,esporte_lazer,47.0,956.0,1.0,1050.0,25.0,20.0,14.0,65
PRO_62,papelaria,59.0,144.0,1.0,500.0,24.0,7.0,16.0,66
PRO_63,beleza_saude,51.0,1069.0,1.0,1467.0,23.0,16.0,20.0,43
PRO_64,fashion_bolsas_e_acessorios,50.0,554.0,3.0,100.0,16.0,5.0,11.0,28
PRO_65,papelaria,41.0,92.0,1.0,100.0,16.0,5.0,16.0,66
PRO_66,papelaria,43.0,198.0,2.0,300.0,23.0,7.0,15.0,66
PRO_67,esporte_lazer,50.0,255.0,2.0,950.0,60.0,15.0,15.0,65
PRO_68,ferramentas_jardim,33.0,200.0,1.0,250.0,17.0,3.0,11.0,42
PRO_69,pcs,55.0,1067.0,1.0,12000.0,27.0,50.0,53.0,14
PRO_70,automotivo,60.0,1543.0,6.0,921.0,17.0,9.0,16.0,5
PRO_71,casa_construcao,55.0,1441.0,1.0,10000.0,60.0,25.0,25.0,48
PRO_72,relogios_presentes,56.0,489.0,2.0,250.0,16.0,11.0,11.0,71
PRO_73,cool_stuff,57.0,992.0,3.0,1200.0,44.0,20.0,20.0,20
PRO_74,construcao_ferramentas_construcao,54.0,339.0,1.0,4800.0,25.0,8.0,25.0,17
PRO_75,pet_shop,54.0,463.0,1.0,700.0,40.0,20.0,20.0,60
PRO_76,beleza_saude,40.0,1469.0,3.0,1050.0,18.0,21.0,27.0,43
PRO_77,eletroportateis,58.0,587.0,3.0,350.0,20.0,20.0,20.0,63
PRO_78,perfumaria,52.0,150.0,1.0,422.0,21.0,16.0,18.0,59
PRO_79,relogios_presentes,51.0,484.0,1.0,317.0,19.0,13.0,16.0,71
PRO_80,agro_industria_e_comercio,39.0,430.0,1.0,16400.0,63.0,66.0,56.0,0
PRO_81,beleza_saude,22.0,1313.0,1.0,938.0,29.0,22.0,23.0,43
PRO_82,beleza_saude,37.0,1168.0,1.0,2700.0,21.0,16.0,31.0,43
PRO_83,cama_mesa_banho,39.0,1146.0,1.0,1750.0,30.0,18.0,30.0,7
PRO_84,ferramentas_jardim,42.0,671.0,1.0,3850.0,29.0,12.0,24.0,42
PRO_85,perfumaria,49.0,460.0,2.0,267.0,17.0,13.0,17.0,59
PRO_86,instrumentos_musicais,59.0,2367.0,3.0,16200.0,55.0,40.0,40.0,56
PRO_87,cama_mesa_banho,54.0,381.0,2.0,1400.0,38.0,9.0,27.0,7
PRO_88,cama_mesa_banho,50.0,607.0,1.0,6450.0,100.0,10.0,11.0,7
PRO_89,moveis_decoracao,59.0,1750.0,3.0,2300.0,105.0,3.0,70.0,39
PRO_90,informatica_acessorios,55.0,163.0,2.0,300.0,25.0,8.0,18.0,15
PRO_91,esporte_lazer,43.0,101.0,1.0,600.0,50.0,10.0,12.0,65
PRO_92,beleza_saude,60.0,2497.0,1.0,3600.0,20.0,20.0,20.0,43
PRO_93,beleza_saude,60.0,1146.0,6.0,150.0,20.0,24.0,33.0,43
PRO_94,esporte_lazer,57.0,900.0,4.0,400.0,16.0,4.0,11.0,65
PRO_95,telefonia,49.0,319.0,1.0,100.0,18.0,6.0,11.0,68
PRO_96,moveis_decoracao,55.0,1186.0,2.0,800.0,53.0,8.0,20.0,39
PRO_97,automotivo,58.0,703.0,6.0,5250.0,47.0,19.0,23.0,5
PRO_98,automotivo,50.0,361.0,1.0,200.0,35.0,4.0,26.0,5
PRO_99,relogios_presentes,58.0,899.0,2.0,335.0,17.0,11.0,12.0,71
PRO_100,cama_mesa_banho,49.0,701.0,1.0,1300.0,50.0,12.0,12.0,7
PRO_101,moveis_decoracao,47.0,1405.0,3.0,150.0,35.0,2.0,25.0,39
PRO_102,informatica_acessorios,59.0,504.0,3.0,367.0,16.0,4.0,11.0,15
PRO_103,relogios_presentes,57.0,276.0,4.0,250.0,16.0,2.0,11.0,71
PRO_104,moveis_decoracao,46.0,287.0,1.0,8500.0,75.0,25.0,55.0,39
PRO_105,bebes,46.0,1039.0,1.0,2150.0,42.0,25.0,15.0,6
PRO_106,unknown,51.0,595.0,1.0,650.0,17.0,14.0,12.0,70
PRO_107,esporte_lazer,56.0,663.0,4.0,150.0,16.0,5.0,11.0,65
PRO_108,cama_mesa_banho,39.0,170.0,1.0,650.0,27.0,10.0,22.0,7
PRO_109,eletroportateis,53.0,794.0,4.0,2700.0,20.0,26.0,32.0,63
PRO_110,utilidades_domesticas,56.0,414.0,1.0,1200.0,23.0,22.0,16.0,49
PRO_111,moveis_sala,36.0,312.0,2.0,6050.0,55.0,10.0,46.0,40
PRO_112,esporte_lazer,53.0,425.0,1.0,150.0,16.0,6.0,11.0,65
PRO_113,casa_construcao,58.0,918.0,6.0,1050.0,16.0,20.0,16.0,48
PRO_114,pet_shop,36.0,617.0,1.0,1350.0,23.0,7.0,30.0,60
PRO_115,utilidades_domesticas,41.0,270.0,1.0,600.0,36.0,6.0,19.0,49
PRO_116,moveis_decoracao,22.0,275.0,1.0,1000.0,30.0,18.0,18.0,39
PRO_117,cama_mesa_banho,58.0,381.0,2.0,1550.0,43.0,8.0,33.0,7
PRO_118,cama_mesa_banho,58.0,223.0,1.0,2700.0,45.0,13.0,35.0,7
PRO_119,telefonia,63.0,1930.0,9.0,200.0,19.0,5.0,11.0,68
PRO_120,malas_acessorios,51.0,244.0,1.0,800.0,38.0,8.0,28.0,53
PRO_121,perfumaria,56.0,733.0,3.0,377.0,18.0,13.0,15.0,59
PRO_122,esporte_lazer,52.0,1049.0,3.0,400.0,45.0,22.0,43.0,65
PRO_123,sinalizacao_e_seguranca,51.0,1212.0,1.0,450.0,16.0,5.0,16.0,62
PRO_124,climatizacao,30.0,547.0,1.0,2000.0,32.0,51.0,16.0,1
PRO_125,fashion_bolsas_e_acessorios,53.0,1398.0,1.0,300.0,16.0,2.0,11.0,28
PRO_126,moveis_decoracao,34.0,160.0,1.0,250.0,26.0,14.0,14.0,39
PRO_127,esporte_lazer,57.0,245.0,2.0,1950.0,60.0,15.0,15.0,65
PRO_128,telefonia,50.0,1254.0,2.0,500.0,16.0,15.0,11.0,68
PRO_129,unknown,51.0,595.0,1.0,300.0,16.0,7.0,20.0,70
PRO_130,artes,59.0,1431.0,6.0,7900.0,70.0,15.0,70.0,2
PRO_131,cama_mesa_banho,53.0,261.0,2.0,1800.0,41.0,9.0,34.0,7
PRO_132,ferramentas_jardim,60.0,884.0,1.0,900.0,37.0,3.0,23.0,42
PRO_133,fashion_bolsas_e_acessorios,52.0,68.0,7.0,200.0,16.0,2.0,11.0,28
PRO_134,bebes,30.0,410.0,4.0,4500.0,80.0,70.0,28.0,6
PRO_135,consoles_games,48.0,303.0,3.0,250.0,21.0,7.0,15.0,16
PRO_136,utilidades_domesticas,59.0,943.0,1.0,550.0,16.0,25.0,12.0,49
PRO_137,malas_acessorios,49.0,540.0,4.0,1100.0,39.0,12.0,28.0,53
PRO_138,cama_mesa_banho,53.0,222.0,1.0,3600.0,40.0,20.0,40.0,7
PRO_139,consoles_games,56.0,235.0,1.0,100.0,16.0,3.0,11.0,16
PRO_140,esporte_lazer,50.0,329.0,2.0,150.0,16.0,18.0,16.0,65
PRO_141,esporte_lazer,55.0,144.0,1.0,3775.0,18.0,13.0,16.0,65
PRO_142,cool_stuff,59.0,797.0,2.0,1400.0,25.0,20.0,20.0,20
PRO_143,consoles_games,53.0,439.0,5.0,900.0,22.0,7.0,18.0,16
PRO_144,relogios_presentes,60.0,438.0,2.0,250.0,20.0,12.0,20.0,71
PRO_145,brinquedos,55.0,852.0,1.0,350.0,21.0,9.0,16.0,69
PRO_146,unknown,51.0,595.0,1.0,200.0,20.0,20.0,20.0,70
PRO_147,bebes,39.0,805.0,3.0,1800.0,18.0,32.0,27.0,6
PRO_148,moveis_sala,52.0,420.0,2.0,5050.0,50.0,8.0,50.0,40
PRO_149,automotivo,58.0,386.0,1.0,27100.0,50.0,50.0,50.0,5
PRO_150,eletrodomesticos,50.0,273.0,1.0,1500.0,65.0,8.0,38.0,44
PRO_151,relogios_presentes,43.0,572.0,2.0,500.0,16.0,11.0,11.0,71
PRO_152,cama_mesa_banho,52.0,700.0,2.0,350.0,16.0,10.0,16.0,7
PRO_153,automotivo,47.0,1548.0,3.0,500.0,16.0,12.0,17.0,5
PRO_154,esporte_lazer,55.0,448.0,1.0,1000.0,20.0,20.0,20.0,65
PRO_155,unknown,51.0,595.0,1.0,18500.0,41.0,30.0,41.0,70
PRO_156,brinquedos,51.0,410.0,2.0,300.0,24.0,11.0,24.0,69
PRO_157,beleza_saude,59.0,257.0,1.0,250.0,16.0,2.0,20.0,43
PRO_158,beleza_saude,51.0,863.0,1.0,10700.0,40.0,40.0,40.0,43
PRO_159,utilidades_domesticas,29.0,290.0,1.0,1700.0,32.0,21.0,22.0,49
PRO_160,ferramentas_jardim,31.0,680.0,1.0,7700.0,39.0,28.0,25.0,42
PRO_161,esporte_lazer,57.0,785.0,4.0,5200.0,20.0,60.0,35.0,65
PRO_162,telefonia,51.0,244.0,1.0,125.0,17.0,10.0,14.0,68
PRO_163,moveis_escritorio,50.0,2220.0,1.0,15700.0,58.0,28.0,58.0,57
PRO_164,relogios_presentes,53.0,599.0,2.0,350.0,16.0,11.0,11.0,71
PRO_165,esporte_lazer,57.0,649.0,1.0,213.0,16.0,10.0,13.0,65
PRO_166,fashion_bolsas_e_acessorios,30.0,401.0,3.0,150.0,16.0,11.0,11.0,28
PRO_167,automotivo,35.0,907.0,3.0,18200.0,56.0,15.0,15.0,5
PRO_168,utilidades_domesticas,38.0,390.0,1.0,850.0,18.0,21.0,15.0,49
PRO_169,casa_construcao,55.0,918.0,6.0,1050.0,16.0,20.0,16.0,48
PRO_170,fashion_bolsas_e_acessorios,48.0,382.0,5.0,200.0,16.0,9.0,11.0,28
PRO_171,utilidades_domesticas,32.0,42.0,1.0,300.0,16.0,15.0,11.0,49
PRO_172,informatica_acessorios,47.0,764.0,1.0,200.0,23.0,9.0,13.0,15
PRO_173,esporte_lazer,52.0,406.0,1.0,800.0,20.0,25.0,25.0,65
PRO_174,papelaria,50.0,198.0,2.0,200.0,24.0,7.0,14.0,66
PRO_175,esporte_lazer,50.0,853.0,1.0,698.0,46.0,10.0,14.0,65
PRO_176,telefonia,59.0,776.0,6.0,350.0,17.0,4.0,12.0,68
PRO_177,livros_interesse_geral,50.0,2913.0,3.0,1000.0,24.0,5.0,17.0,8
PRO_178,informatica_acessorios,53.0,585.0,1.0,783.0,21.0,13.0,28.0,15
PRO_179,perfumaria,48.0,1063.0,2.0,600.0,20.0,20.0,20.0,59
PRO_180,brinquedos,47.0,181.0,1.0,11650.0,55.0,30.0,30.0,69
PRO_181,construcao_ferramentas_ferramentas,42.0,369.0,1.0,400.0,16.0,2.0,11.0,22
PRO_182,brinquedos,25.0,274.0,1.0,3050.0,40.0,10.0,40.0,69
PRO_183,telefonia,50.0,744.0,1.0,100.0,16.0,3.0,11.0,68
PRO_184,ferramentas_jardim,44.0,2395.0,1.0,16500.0,40.0,25.0,26.0,42
PRO_185,utilidades_domesticas,59.0,470.0,2.0,750.0,34.0,14.0,24.0,49
PRO_186,fashion_underwear_e_moda_praia,39.0,422.0,1.0,250.0,36.0,4.0,20.0,33
PRO_187,malas_acessorios,59.0,413.0,3.0,2300.0,84.0,14.0,20.0,53
PRO_188,eletronicos,37.0,374.0,1.0,1350.0,33.0,12.0,26.0,26
PRO_189,utilidades_domesticas,22.0,388.0,3.0,530.0,17.0,20.0,20.0,49
PRO_190,automotivo,59.0,162.0,1.0,1300.0,20.0,20.0,20.0,5
PRO_191,fashion_calcados,59.0,605.0,5.0,4000.0,57.0,14.0,36.0,31
PRO_192,esporte_lazer,52.0,234.0,4.0,8150.0,20.0,20.0,20.0,65
PRO_193,construcao_ferramentas_construcao,57.0,272.0,1.0,2200.0,16.0,2.0,11.0,17
PRO_194,beleza_saude,55.0,1029.0,1.0,1150.0,20.0,25.0,20.0,43
PRO_195,relogios_presentes,60.0,312.0,4.0,200.0,16.0,2.0,11.0,71
PRO_196,moveis_decoracao,60.0,1068.0,3.0,400.0,16.0,20.0,16.0,39
PRO_197,moveis_decoracao,63.0,244.0,4.0,600.0,29.0,12.0,23.0,39
PRO_198,unknown,51.0,595.0,1.0,300.0,35.0,7.0,12.0,70
PRO_199,cama_mesa_banho,48.0,645.0,1.0,1200.0,16.0,10.0,16.0,7
PRO_200,cool_stuff,50.0,268.0,5.0,10664.0,61.0,63.0,35.0,20
PRO_201,utilidades_domesticas,43.0,2148.0,2.0,1800.0,50.0,12.0,36.0,49
PRO_202,esporte_lazer,47.0,154.0,3.0,500.0,16.0,2.0,11.0,65
PRO_203,papelaria,48.0,501.0,1.0,258.0,19.0,12.0,19.0,66
PRO_204,papelaria,59.0,209.0,1.0,1400.0,16.0,44.0,37.0,66
PRO_205,brinquedos,59.0,640.0,1.0,400.0,35.0,7.0,35.0,69
PRO_206,climatizacao,58.0,655.0,5.0,1300.0,30.0,10.0,30.0,1
PRO_207,cama_mesa_banho,55.0,315.0,2.0,1000.0,30.0,10.0,25.0,7
PRO_208,pet_shop,52.0,1290.0,3.0,1300.0,30.0,10.0,18.0,60
PRO_209,brinquedos,58.0,443.0,2.0,3305.0,38.0,36.0,19.0,69
PRO_210,bebes,55.0,224.0,2.0,6000.0,75.0,15.0,50.0,6
PRO_211,informatica_acessorios,50.0,281.0,4.0,300.0,35.0,5.0,25.0,15
PRO_212,cama_mesa_banho,57.0,74.0,1.0,250.0,20.0,2.0,15.0,7
PRO_213,perfumaria,45.0,1003.0,2.0,400.0,18.0,11.0,11.0,59
PRO_214,eletronicos,32.0,1274.0,1.0,250.0,16.0,10.0,30.0,26
PRO_215,brinquedos,57.0,1532.0,2.0,1250.0,29.0,19.0,22.0,69
PRO_216,fashion_roupa_masculina,47.0,1026.0,2.0,950.0,40.0,6.0,40.0,30
PRO_217,pet_shop,54.0,261.0,6.0,2000.0,30.0,34.0,17.0,60
PRO_218,bebes,56.0,1395.0,7.0,13575.0,71.0,81.0,44.0,6
PRO_219,beleza_saude,60.0,537.0,1.0,667.0,17.0,16.0,16.0,43
PRO_220,relogios_presentes,55.0,457.0,2.0,267.0,17.0,11.0,12.0,71
PRO_221,cama_mesa_banho,60.0,609.0,2.0,1750.0,45.0,20.0,40.0,7
PRO_222,beleza_saude,52.0,1113.0,1.0,150.0,16.0,12.0,11.0,43
PRO_223,brinquedos,48.0,135.0,1.0,10550.0,65.0,7.0,45.0,69
PRO_224,utilidades_domesticas,57.0,1298.0,1.0,1725.0,100.0,35.0,16.0,49
PRO_225,malas_acessorios,43.0,215.0,1.0,700.0,45.0,10.0,31.0,53
PRO_226,esporte_lazer,29.0,1318.0,1.0,400.0,34.0,16.0,16.0,65
PRO_227,papelaria,23.0,146.0,3.0,300.0,30.0,10.0,20.0,66
PRO_228,casa_construcao,59.0,1582.0,1.0,5850.0,60.0,25.0,25.0,48
PRO_229,relogios_presentes,47.0,687.0,1.0,267.0,17.0,11.0,13.0,71
PRO_230,cama_mesa_banho,53.0,155.0,2.0,1500.0,39.0,12.0,25.0,7
PRO_231,cool_stuff,42.0,727.0,1.0,400.0,24.0,16.0,14.0,20
PRO_232,esporte_lazer,54.0,3830.0,1.0,1300.0,31.0,32.0,31.0,65
PRO_233,utilidades_domesticas,58.0,172.0,1.0,400.0,16.0,10.0,14.0,49
PRO_234,artes,32.0,195.0,1.0,150.0,25.0,2.0,19.0,2
PRO_235,beleza_saude,40.0,654.0,1.0,650.0,25.0,13.0,14.0,43
PRO_236,consoles_games,44.0,421.0,1.0,706.0,32.0,8.0,38.0,16
PRO_237,fashion_bolsas_e_acessorios,59.0,251.0,1.0,300.0,25.0,10.0,25.0,28
PRO_238,cama_mesa_banho,41.0,242.0,1.0,4850.0,75.0,5.0,50.0,7
PRO_239,automotivo,51.0,1741.0,1.0,825.0,20.0,24.0,15.0,5
PRO_240,informatica_acessorios,31.0,432.0,1.0,600.0,46.0,3.0,15.0,15
PRO_241,esporte_lazer,53.0,527.0,2.0,700.0,23.0,9.0,11.0,65
PRO_242,moveis_decoracao,51.0,1442.0,1.0,300.0,40.0,10.0,27.0,39
PRO_243,utilidades_domesticas,55.0,471.0,2.0,1270.0,17.0,14.0,17.0,49
PRO_244,construcao_ferramentas_ferramentas,40.0,338.0,1.0,450.0,20.0,2.0,11.0,22
PRO_245,unknown,51.0,595.0,1.0,2200.0,16.0,2.0,11.0,70
PRO_246,eletrodomesticos,56.0,173.0,1.0,150.0,18.0,8.0,13.0,44
PRO_247,ferramentas_jardim,49.0,192.0,1.0,200.0,16.0,3.0,11.0,42
PRO_248,moveis_cozinha_area_de_servico_jantar_e_jardim,50.0,859.0,1.0,10893.0,33.0,88.0,44.0,51
PRO_249,utilidades_domesticas,53.0,524.0,1.0,1800.0,25.0,7.0,20.0,49
PRO_250,brinquedos,29.0,566.0,2.0,1220.0,20.0,33.0,22.0,69
PRO_251,beleza_saude,53.0,1368.0,6.0,360.0,30.0,19.0,22.0,43
PRO_252,eletronicos,52.0,424.0,1.0,175.0,22.0,11.0,15.0,26
PRO_253,pet_shop,50.0,852.0,1.0,1900.0,50.0,13.0,70.0,60
PRO_254,esporte_lazer,37.0,621.0,5.0,250.0,20.0,20.0,20.0,65
PRO_255,bebes,58.0,1261.0,3.0,6950.0,85.0,11.0,50.0,6
PRO_256,utilidades_domesticas,57.0,1094.0,1.0,1100.0,55.0,5.0,40.0,49
PRO_257,bebes,64.0,882.0,5.0,300.0,17.0,7.0,24.0,6
PRO_258,moveis_escritorio,41.0,2261.0,1.0,16500.0,58.0,28.0,58.0,57
PRO_259,malas_acessorios,28.0,453.0,1.0,300.0,16.0,23.0,19.0,53
PRO_260,eletronicos,25.0,813.0,1.0,1836.0,61.0,6.0,24.0,26
PRO_261,beleza_saude,59.0,822.0,1.0,175.0,18.0,22.0,16.0,43
PRO_262,brinquedos,53.0,579.0,1.0,675.0,22.0,24.0,21.0,69
PRO_263,esporte_lazer,58.0,568.0,4.0,200.0,26.0,5.0,20.0,65
PRO_264,industria_comercio_e_negocios,58.0,1058.0,1.0,1200.0,30.0,20.0,30.0,50
PRO_265,informatica_acessorios,32.0,1074.0,2.0,200.0,39.0,2.0,30.0,15
PRO_266,moveis_escritorio,46.0,1193.0,2.0,16100.0,63.0,61.0,24.0,57
PRO_267,telefonia,51.0,443.0,1.0,117.0,19.0,4.0,12.0,68
PRO_268,telefonia_fixa,27.0,1217.0,1.0,455.0,36.0,18.0,27.0,34
PRO_269,cama_mesa_banho,55.0,613.0,1.0,550.0,16.0,10.0,16.0,7
PRO_270,fashion_calcados,54.0,404.0,4.0,750.0,22.0,12.0,33.0,31
PRO_271,cool_stuff,43.0,447.0,2.0,586.0,18.0,11.0,13.0,20
PRO_272,construcao_ferramentas_iluminacao,57.0,919.0,6.0,540.0,16.0,27.0,16.0,18
PRO_273,esporte_lazer,42.0,2819.0,1.0,3700.0,30.0,20.0,20.0,65
PRO_274,utilidades_domesticas,57.0,623.0,4.0,3150.0,30.0,17.0,30.0,49
PRO_275,cama_mesa_banho,57.0,296.0,1.0,2100.0,53.0,27.0,40.0,7
PRO_276,construcao_ferramentas_seguranca,51.0,1006.0,3.0,314.0,20.0,19.0,18.0,19
PRO_277,cama_mesa_banho,49.0,153.0,1.0,550.0,23.0,15.0,23.0,7
PRO_278,automotivo,55.0,978.0,1.0,13825.0,70.0,35.0,49.0,5
PRO_279,cama_mesa_banho,42.0,431.0,1.0,850.0,40.0,6.0,50.0,7
PRO_280,bebes,19.0,200.0,1.0,250.0,21.0,4.0,13.0,6
PRO_281,brinquedos,55.0,1475.0,1.0,400.0,20.0,20.0,20.0,69
PRO_282,perfumaria,48.0,606.0,2.0,400.0,16.0,20.0,15.0,59
PRO_283,consoles_games,25.0,211.0,1.0,200.0,16.0,2.0,16.0,16
PRO_284,automotivo,60.0,1023.0,5.0,250.0,20.0,20.0,20.0,5
PRO_285,informatica_acessorios,53.0,813.0,4.0,1950.0,17.0,11.0,12.0,15
PRO_286,moveis_decoracao,49.0,607.0,1.0,300.0,35.0,10.0,25.0,39
PRO_287,relogios_presentes,54.0,364.0,1.0,1050.0,30.0,45.0,11.0,71
PRO_288,automotivo,53.0,1373.0,4.0,400.0,16.0,7.0,11.0,5
PRO_289,instrumentos_musicais,40.0,234.0,1.0,1000.0,56.0,9.0,22.0,56
PRO_290,esporte_lazer,39.0,772.0,1.0,150.0,16.0,16.0,11.0,65
PRO_291,beleza_saude,60.0,876.0,1.0,700.0,16.0,16.0,16.0,43
PRO_292,consoles_games,47.0,358.0,3.0,450.0,17.0,7.0,17.0,16
PRO_293,beleza_saude,29.0,556.0,1.0,2000.0,30.0,12.0,16.0,43
PRO_294,construcao_ferramentas_construcao,57.0,954.0,4.0,21400.0,20.0,20.0,20.0,17
PRO_295,unknown,51.0,595.0,1.0,300.0,16.0,7.0,11.0,70
PRO_296,informatica_acessorios,52.0,2515.0,1.0,188.0,20.0,16.0,15.0,15
PRO_297,moveis_decoracao,56.0,646.0,1.0,300.0,16.0,30.0,20.0,39
PRO_298,fashion_bolsas_e_acessorios,38.0,487.0,2.0,13600.0,26.0,60.0,40.0,28
PRO_299,moveis_decoracao,50.0,1342.0,3.0,800.0,25.0,25.0,25.0,39
PRO_300,unknown,51.0,595.0,1.0,300.0,18.0,8.0,14.0,70
PRO_301,moveis_decoracao,49.0,600.0,2.0,1400.0,65.0,12.0,12.0,39
PRO_302,relogios_presentes,50.0,295.0,1.0,650.0,13.0,11.0,12.0,71
PRO_303,construcao_ferramentas_construcao,37.0,2457.0,1.0,600.0,26.0,17.0,17.0,17
PRO_304,moveis_decoracao,58.0,1969.0,2.0,3000.0,69.0,11.0,11.0,39
PRO_305,malas_acessorios,45.0,224.0,1.0,950.0,46.0,10.0,33.0,53
PRO_306,moveis_decoracao,51.0,582.0,2.0,17400.0,42.0,35.0,42.0,39
PRO_307,fashion_roupa_masculina,36.0,940.0,2.0,300.0,16.0,2.0,11.0,30
PRO_308,informatica_acessorios,52.0,1224.0,2.0,700.0,20.0,20.0,20.0,15
PRO_309,pet_shop,56.0,1545.0,2.0,625.0,21.0,16.0,17.0,60
PRO_310,ferramentas_jardim,44.0,586.0,3.0,3250.0,32.0,14.0,22.0,42
PRO_311,fashion_calcados,57.0,404.0,2.0,1500.0,22.0,12.0,33.0,31
PRO_312,cama_mesa_banho,54.0,228.0,1.0,250.0,32.0,3.0,23.0,7
PRO_313,ferramentas_jardim,41.0,198.0,1.0,425.0,31.0,6.0,12.0,42
PRO_314,climatizacao,56.0,1161.0,1.0,150.0,20.0,8.0,13.0,1
PRO_315,moveis_decoracao,56.0,2028.0,3.0,350.0,68.0,8.0,13.0,39
PRO_316,fashion_calcados,44.0,284.0,12.0,300.0,29.0,7.0,16.0,31
PRO_317,telefonia,49.0,276.0,12.0,100.0,19.0,3.0,11.0,68
PRO_318,automotivo,55.0,1658.0,3.0,550.0,16.0,21.0,18.0,5
PRO_319,automotivo,59.0,1250.0,1.0,250.0,16.0,27.0,15.0,5
PRO_320,automotivo,60.0,1541.0,1.0,1000.0,26.0,40.0,20.0,5
PRO_321,utilidades_domesticas,55.0,998.0,3.0,14850.0,35.0,102.0,35.0,49
PRO_322,bebes,46.0,726.0,3.0,850.0,42.0,25.0,15.0,6
PRO_323,consoles_games,56.0,3354.0,4.0,1850.0,28.0,14.0,19.0,16
PRO_324,fashion_bolsas_e_acessorios,54.0,1399.0,1.0,300.0,16.0,2.0,11.0,28
PRO_325,telefonia,61.0,212.0,1.0,200.0,19.0,4.0,11.0,68
PRO_326,beleza_saude,46.0,803.0,1.0,150.0,22.0,3.0,15.0,43
PRO_327,esporte_lazer,55.0,1392.0,1.0,900.0,16.0,16.0,16.0,65
PRO_328,ferramentas_jardim,52.0,497.0,1.0,1900.0,44.0,19.0,19.0,42
PRO_329,cama_mesa_banho,50.0,171.0,1.0,1450.0,45.0,10.0,15.0,7
PRO_330,livros_tecnicos,54.0,1162.0,1.0,1100.0,29.0,3.0,21.0,10
PRO_331,esporte_lazer,54.0,1241.0,5.0,200.0,16.0,11.0,11.0,65
PRO_332,esporte_lazer,43.0,1440.0,1.0,12600.0,20.0,10.0,20.0,65
PRO_333,beleza_saude,21.0,1000.0,1.0,1450.0,25.0,25.0,16.0,43
PRO_334,cool_stuff,49.0,733.0,3.0,800.0,42.0,25.0,15.0,20
PRO_335,perfumaria,50.0,749.0,1.0,1300.0,22.0,14.0,14.0,59
PRO_336,beleza_saude,45.0,802.0,1.0,150.0,22.0,3.0,15.0,43
PRO_337,eletronicos,40.0,549.0,1.0,200.0,20.0,20.0,20.0,26
PRO_338,ferramentas_jardim,60.0,1177.0,3.0,11450.0,23.0,43.0,35.0,42
PRO_339,moveis_decoracao,54.0,220.0,2.0,2200.0,20.0,20.0,20.0,39
PRO_340,eletrodomesticos_2,38.0,2030.0,2.0,13200.0,66.0,19.0,67.0,45
PRO_341,fashion_bolsas_e_acessorios,59.0,119.0,3.0,200.0,16.0,2.0,11.0,28
PRO_342,consoles_games,53.0,310.0,1.0,150.0,19.0,11.0,11.0,16
PRO_343,instrumentos_musicais,51.0,439.0,3.0,3350.0,30.0,30.0,30.0,56
PRO_344,cama_mesa_banho,64.0,702.0,1.0,2200.0,42.0,11.0,36.0,7
PRO_345,moveis_escritorio,48.0,489.0,2.0,30000.0,50.0,50.0,30.0,57
PRO_346,bebes,59.0,255.0,2.0,500.0,30.0,8.0,35.0,6
PRO_347,cama_mesa_banho,51.0,487.0,1.0,1800.0,45.0,10.0,34.0,7
PRO_348,unknown,51.0,595.0,1.0,200.0,22.0,14.0,14.0,70
PRO_349,artigos_de_festas,58.0,134.0,1.0,1300.0,70.0,11.0,11.0,58
PRO_350,fashion_bolsas_e_acessorios,51.0,372.0,2.0,150.0,16.0,9.0,11.0,28
PRO_351,malas_acessorios,39.0,278.0,1.0,700.0,19.0,48.0,35.0,53
PRO_352,malas_acessorios,32.0,1064.0,5.0,2900.0,40.0,55.0,30.0,53
PRO_353,fashion_bolsas_e_acessorios,34.0,426.0,4.0,200.0,16.0,9.0,11.0,28
PRO_354,beleza_saude,45.0,1886.0,1.0,300.0,16.0,18.0,16.0,43
PRO_355,papelaria,41.0,552.0,2.0,200.0,23.0,7.0,15.0,66
PRO_356,cama_mesa_banho,55.0,166.0,1.0,700.0,49.0,4.0,50.0,7
PRO_357,telefonia,52.0,819.0,4.0,200.0,17.0,13.0,16.0,68
PRO_358,climatizacao,51.0,2959.0,4.0,7800.0,105.0,10.0,40.0,1
PRO_359,papelaria,53.0,500.0,2.0,550.0,16.0,4.0,11.0,66
PRO_360,relogios_presentes,60.0,460.0,4.0,200.0,16.0,2.0,11.0,71
PRO_361,cama_mesa_banho,41.0,208.0,2.0,1000.0,30.0,7.0,24.0,7
PRO_362,papelaria,52.0,219.0,1.0,1000.0,26.0,8.0,33.0,66
PRO_363,construcao_ferramentas_iluminacao,49.0,527.0,4.0,1450.0,60.0,5.0,30.0,18
PRO_364,moveis_escritorio,41.0,1071.0,1.0,5850.0,45.0,55.0,16.0,57
PRO_365,bebes,59.0,348.0,2.0,8300.0,45.0,25.0,45.0,6
PRO_366,esporte_lazer,28.0,663.0,1.0,1800.0,28.0,12.0,18.0,65
PRO_367,esporte_lazer,50.0,1212.0,5.0,900.0,26.0,6.0,13.0,65
PRO_368,esporte_lazer,57.0,1156.0,1.0,415.0,19.0,19.0,19.0,65
PRO_369,telefonia,51.0,1015.0,1.0,103.0,21.0,6.0,14.0,68
PRO_370,automotivo,42.0,878.0,2.0,500.0,20.0,8.0,14.0,5
PRO_371,papelaria,62.0,621.0,1.0,600.0,16.0,6.0,11.0,66
PRO_372,informatica_acessorios,59.0,1238.0,5.0,4750.0,18.0,22.0,30.0,15
PRO_373,relogios_presentes,37.0,610.0,1.0,263.0,18.0,15.0,16.0,71
PRO_374,bebes,52.0,446.0,1.0,50.0,16.0,2.0,11.0,6
PRO_375,perfumaria,46.0,499.0,1.0,200.0,16.0,22.0,11.0,59
PRO_376,cama_mesa_banho,44.0,331.0,1.0,360.0,36.0,6.0,26.0,7
PRO_377,cool_stuff,47.0,1392.0,1.0,150.0,16.0,7.0,12.0,20
PRO_378,esporte_lazer,61.0,211.0,4.0,1100.0,32.0,5.0,30.0,65
PRO_379,fashion_bolsas_e_acessorios,60.0,1118.0,6.0,2250.0,22.0,15.0,20.0,28
PRO_380,automotivo,59.0,633.0,5.0,1475.0,68.0,9.0,35.0,5
PRO_381,esporte_lazer,29.0,347.0,1.0,1600.0,100.0,7.0,11.0,65
PRO_382,beleza_saude,51.0,1918.0,1.0,1650.0,25.0,30.0,20.0,43
PRO_383,brinquedos,59.0,3492.0,3.0,650.0,35.0,10.0,15.0,69
PRO_384,utilidades_domesticas,22.0,663.0,1.0,900.0,21.0,34.0,34.0,49
PRO_385,telefonia,42.0,356.0,4.0,75.0,19.0,3.0,11.0,68
PRO_386,ferramentas_jardim,60.0,481.0,4.0,600.0,19.0,7.0,14.0,42
PRO_387,moveis_decoracao,47.0,470.0,3.0,400.0,35.0,6.0,15.0,39
PRO_388,utilidades_domesticas,45.0,561.0,2.0,553.0,18.0,9.0,15.0,49
PRO_389,livros_interesse_geral,42.0,1109.0,1.0,900.0,18.0,25.0,16.0,8
PRO_390,utilidades_domesticas,37.0,261.0,2.0,250.0,25.0,25.0,25.0,49
PRO_391,moveis_escritorio,38.0,2088.0,1.0,14900.0,58.0,28.0,58.0,57
PRO_392,cama_mesa_banho,52.0,701.0,1.0,1100.0,16.0,10.0,16.0,7
PRO_393,moveis_decoracao,56.0,945.0,2.0,2050.0,30.0,22.0,18.0,39
PRO_394,moveis_decoracao,58.0,1953.0,1.0,850.0,69.0,11.0,11.0,39
PRO_395,cama_mesa_banho,58.0,744.0,1.0,350.0,16.0,10.0,16.0,7
PRO_396,ferramentas_jardim,45.0,616.0,3.0,1400.0,20.0,20.0,30.0,42
PRO_397,informatica_acessorios,60.0,789.0,4.0,200.0,20.0,20.0,20.0,15
PRO_398,informatica_acessorios,18.0,389.0,2.0,617.0,17.0,14.0,17.0,15
PRO_399,utilidades_domesticas,21.0,718.0,1.0,2600.0,16.0,41.0,41.0,49
PRO_400,bebidas,57.0,497.0,1.0,200.0,20.0,9.0,14.0,24
PRO_401,cama_mesa_banho,44.0,305.0,1.0,2000.0,49.0,16.0,39.0,7
PRO_402,beleza_saude,42.0,167.0,2.0,266.0,20.0,8.0,18.0,43
PRO_403,telefonia,54.0,409.0,1.0,200.0,19.0,4.0,11.0,68
PRO_404,bebes,52.0,1659.0,1.0,300.0,68.0,7.0,13.0,6
PRO_405,pet_shop,59.0,140.0,1.0,300.0,16.0,16.0,16.0,60
PRO_406,relogios_presentes,54.0,182.0,1.0,200.0,16.0,2.0,20.0,71
PRO_407,eletroportateis,58.0,613.0,1.0,1300.0,20.0,16.0,20.0,63
PRO_408,esporte_lazer,50.0,1530.0,4.0,482.0,18.0,11.0,16.0,65
PRO_409,cama_mesa_banho,54.0,223.0,1.0,550.0,16.0,10.0,16.0,7
PRO_410,beleza_saude,48.0,762.0,1.0,270.0,16.0,16.0,15.0,43
PRO_411,telefonia,60.0,818.0,6.0,300.0,17.0,4.0,12.0,68
PRO_412,market_place,50.0,257.0,3.0,2150.0,40.0,25.0,30.0,54
PRO_413,automotivo,58.0,894.0,1.0,3300.0,35.0,20.0,20.0,5
PRO_414,perfumaria,45.0,416.0,1.0,200.0,16.0,16.0,16.0,59
PRO_415,esporte_lazer,41.0,128.0,1.0,200.0,21.0,9.0,13.0,65
PRO_416,perfumaria,40.0,1176.0,1.0,514.0,18.0,12.0,15.0,59
PRO_417,casa_construcao,37.0,426.0,2.0,3100.0,38.0,28.0,28.0,48
PRO_418,utilidades_domesticas,42.0,395.0,1.0,1200.0,27.0,18.0,23.0,49
PRO_419,esporte_lazer,56.0,813.0,2.0,250.0,16.0,10.0,16.0,65
PRO_420,brinquedos,35.0,537.0,2.0,7400.0,45.0,29.0,53.0,69
PRO_421,la_cuisine,57.0,232.0,1.0,7600.0,55.0,15.0,55.0,52
PRO_422,esporte_lazer,50.0,844.0,1.0,875.0,40.0,26.0,20.0,65
PRO_423,moveis_decoracao,58.0,1047.0,3.0,700.0,35.0,7.0,27.0,39
PRO_424,moveis_escritorio,58.0,869.0,2.0,900.0,17.0,10.0,15.0,57
PRO_425,esporte_lazer,28.0,733.0,6.0,700.0,49.0,12.0,27.0,65
PRO_426,cama_mesa_banho,53.0,628.0,2.0,1100.0,16.0,10.0,16.0,7
PRO_427,cool_stuff,34.0,443.0,7.0,1150.0,28.0,10.0,25.0,20
PRO_428,cool_stuff,53.0,304.0,1.0,900.0,25.0,10.0,25.0,20
PRO_429,unknown,51.0,595.0,1.0,1400.0,25.0,25.0,25.0,70
PRO_430,livros_tecnicos,60.0,1265.0,1.0,2050.0,29.0,5.0,21.0,10
PRO_431,beleza_saude,57.0,1571.0,1.0,2150.0,28.0,32.0,11.0,43
PRO_432,beleza_saude,58.0,1690.0,4.0,490.0,30.0,5.0,25.0,43
PRO_433,brinquedos,59.0,1272.0,5.0,1000.0,30.0,13.0,30.0,69
PRO_434,informatica_acessorios,57.0,991.0,4.0,200.0,16.0,4.0,14.0,15
PRO_435,utilidades_domesticas,31.0,580.0,2.0,500.0,19.0,13.0,20.0,49
PRO_436,cama_mesa_banho,50.0,208.0,1.0,500.0,16.0,10.0,16.0,7
PRO_437,unknown,51.0,595.0,1.0,4300.0,30.0,10.0,48.0,70
PRO_438,perfumaria,46.0,483.0,1.0,1000.0,20.0,14.0,13.0,59
PRO_439,automotivo,60.0,651.0,5.0,4200.0,78.0,4.0,47.0,5
PRO_440,perfumaria,60.0,773.0,1.0,350.0,16.0,11.0,11.0,59
PRO_441,telefonia,43.0,533.0,2.0,125.0,19.0,3.0,11.0,68
PRO_442,telefonia,46.0,660.0,2.0,100.0,19.0,3.0,11.0,68
PRO_443,utilidades_domesticas,60.0,1206.0,4.0,4100.0,51.0,31.0,31.0,49
PRO_444,eletronicos,56.0,505.0,2.0,200.0,20.0,20.0,20.0,26
PRO_445,consoles_games,39.0,319.0,4.0,300.0,23.0,3.0,11.0,16
PRO_446,utilidades_domesticas,55.0,871.0,7.0,8400.0,50.0,28.0,31.0,49
PRO_447,utilidades_domesticas,60.0,314.0,1.0,1550.0,46.0,10.0,35.0,49
PRO_448,utilidades_domesticas,17.0,395.0,1.0,600.0,17.0,17.0,18.0,49
PRO_449,fashion_bolsas_e_acessorios,56.0,1410.0,1.0,200.0,16.0,2.0,20.0,28
PRO_450,automotivo,57.0,1631.0,3.0,500.0,16.0,21.0,18.0,5
PRO_451,construcao_ferramentas_ferramentas,50.0,289.0,1.0,1250.0,22.0,17.0,20.0,22
PRO_452,informatica_acessorios,52.0,260.0,1.0,667.0,27.0,19.0,20.0,15
PRO_453,cama_mesa_banho,48.0,120.0,1.0,300.0,40.0,4.0,30.0,7
PRO_454,perfumaria,52.0,365.0,1.0,400.0,18.0,18.0,12.0,59
PRO_455,esporte_lazer,38.0,256.0,3.0,450.0,25.0,25.0,25.0,65
PRO_456,automotivo,41.0,1510.0,1.0,2800.0,16.0,2.0,11.0,5
PRO_457,moveis_decoracao,60.0,438.0,1.0,250.0,20.0,6.0,11.0,39
PRO_458,moveis_decoracao,51.0,535.0,1.0,250.0,35.0,5.0,25.0,39
PRO_459,pet_shop,50.0,365.0,3.0,300.0,24.0,12.0,12.0,60
PRO_460,unknown,51.0,595.0,1.0,150.0,16.0,2.0,11.0,70
PRO_461,moveis_decoracao,28.0,196.0,2.0,1000.0,35.0,25.0,25.0,39
PRO_462,moveis_decoracao,29.0,764.0,1.0,6267.0,36.0,40.0,36.0,39
PRO_463,esporte_lazer,46.0,254.0,1.0,2653.0,53.0,15.0,36.0,65
PRO_464,moveis_decoracao,58.0,2130.0,2.0,3000.0,69.0,11.0,11.0,39
PRO_465,automotivo,54.0,1636.0,1.0,8500.0,18.0,29.0,13.0,5
PRO_466,esporte_lazer,43.0,877.0,1.0,2120.0,26.0,25.0,25.0,65
PRO_467,eletroportateis,52.0,640.0,3.0,750.0,30.0,30.0,30.0,63
PRO_468,beleza_saude,40.0,684.0,2.0,200.0,16.0,16.0,12.0,43
PRO_469,cama_mesa_banho,56.0,198.0,1.0,1650.0,35.0,20.0,30.0,7
PRO_470,informatica_acessorios,53.0,192.0,1.0,900.0,26.0,13.0,21.0,15
PRO_471,utilidades_domesticas,55.0,783.0,1.0,150.0,32.0,5.0,16.0,49
PRO_472,utilidades_domesticas,52.0,202.0,1.0,800.0,31.0,5.0,21.0,49
PRO_473,cool_stuff,22.0,683.0,3.0,700.0,20.0,20.0,20.0,20
PRO_474,bebidas,59.0,879.0,1.0,700.0,20.0,20.0,20.0,24
PRO_475,bebes,46.0,1654.0,6.0,10400.0,100.0,23.0,27.0,6
PRO_476,instrumentos_musicais,57.0,374.0,1.0,5850.0,40.0,9.0,105.0,56
PRO_477,cama_mesa_banho,39.0,347.0,1.0,75.0,17.0,12.0,17.0,7
PRO_478,papelaria,55.0,1349.0,2.0,1000.0,27.0,10.0,20.0,66
PRO_479,automotivo,45.0,764.0,4.0,1475.0,32.0,28.0,28.0,5
PRO_480,fashion_bolsas_e_acessorios,52.0,1383.0,4.0,750.0,36.0,18.0,36.0,28
PRO_481,papelaria,52.0,145.0,10.0,3600.0,36.0,8.0,15.0,66
PRO_482,moveis_decoracao,42.0,461.0,3.0,2200.0,28.0,28.0,38.0,39
PRO_483,eletrodomesticos,47.0,82.0,1.0,150.0,20.0,13.0,15.0,44
PRO_484,casa_construcao,58.0,247.0,1.0,1750.0,30.0,20.0,30.0,48
PRO_485,esporte_lazer,54.0,1162.0,4.0,1300.0,44.0,8.0,30.0,65
PRO_486,moveis_sala,24.0,356.0,2.0,7750.0,33.0,25.0,33.0,40
PRO_487,utilidades_domesticas,46.0,616.0,1.0,3100.0,32.0,26.0,21.0,49
PRO_488,malas_acessorios,21.0,769.0,4.0,1600.0,55.0,37.0,30.0,53
PRO_489,relogios_presentes,58.0,635.0,2.0,350.0,19.0,13.0,13.0,71
PRO_490,beleza_saude,50.0,355.0,1.0,888.0,18.0,17.0,18.0,43
PRO_491,informatica_acessorios,39.0,160.0,3.0,150.0,16.0,4.0,14.0,15
PRO_492,utilidades_domesticas,46.0,193.0,1.0,1025.0,25.0,23.0,25.0,49
PRO_493,utilidades_domesticas,63.0,261.0,2.0,250.0,20.0,9.0,12.0,49
PRO_494,cama_mesa_banho,56.0,509.0,4.0,450.0,45.0,15.0,35.0,7
PRO_495,beleza_saude,50.0,546.0,1.0,1000.0,16.0,12.0,13.0,43
PRO_496,utilidades_domesticas,26.0,201.0,1.0,400.0,16.0,9.0,12.0,49
PRO_497,telefonia,56.0,367.0,3.0,150.0,21.0,7.0,14.0,68
PRO_498,informatica_acessorios,45.0,554.0,3.0,400.0,16.0,4.0,16.0,15
PRO_499,construcao_ferramentas_jardim,55.0,749.0,1.0,9500.0,56.0,30.0,28.0,21
PRO_500,cool_stuff,46.0,269.0,1.0,300.0,34.0,5.0,27.0,20
PRO_501,perfumaria,30.0,138.0,1.0,150.0,22.0,7.0,16.0,59
PRO_502,cama_mesa_banho,44.0,421.0,1.0,550.0,30.0,5.0,25.0,7
PRO_503,automotivo,39.0,1571.0,3.0,1100.0,37.0,12.0,30.0,5
PRO_504,beleza_saude,46.0,841.0,1.0,300.0,19.0,12.0,13.0,43
PRO_505,unknown,51.0,595.0,1.0,21450.0,70.0,34.0,50.0,70
PRO_506,beleza_saude,57.0,1668.0,1.0,850.0,18.0,10.0,14.0,43
PRO_507,relogios_presentes,42.0,431.0,2.0,500.0,17.0,22.0,17.0,71
PRO_508,esporte_lazer,54.0,675.0,1.0,750.0,26.0,23.0,23.0,65
PRO_509,beleza_saude,59.0,3939.0,6.0,150.0,28.0,13.0,12.0,43
PRO_510,utilidades_domesticas,54.0,2952.0,3.0,30000.0,76.0,51.0,51.0,49
PRO_511,sinalizacao_e_seguranca,53.0,512.0,1.0,325.0,17.0,17.0,17.0,62
PRO_512,fashion_bolsas_e_acessorios,53.0,770.0,1.0,200.0,16.0,2.0,11.0,28
PRO_513,telefonia,50.0,561.0,3.0,200.0,19.0,3.0,12.0,68
PRO_514,esporte_lazer,52.0,473.0,1.0,200.0,20.0,15.0,15.0,65
PRO_515,unknown,51.0,595.0,1.0,1000.0,16.0,14.0,30.0,70
PRO_516,fashion_roupa_masculina,32.0,713.0,2.0,800.0,20.0,7.0,20.0,30
PRO_517,beleza_saude,48.0,589.0,1.0,700.0,20.0,16.0,17.0,43
PRO_518,relogios_presentes,60.0,394.0,6.0,250.0,16.0,2.0,11.0,71
PRO_519,automotivo,58.0,674.0,3.0,1800.0,22.0,10.0,18.0,5
PRO_520,relogios_presentes,51.0,393.0,1.0,300.0,19.0,13.0,13.0,71
PRO_521,livros_tecnicos,42.0,492.0,1.0,450.0,29.0,2.0,17.0,10
PRO_522,informatica_acessorios,57.0,761.0,1.0,400.0,16.0,21.0,15.0,15
PRO_523,cool_stuff,59.0,988.0,1.0,1635.0,23.0,30.0,17.0,20
PRO_524,moveis_decoracao,52.0,832.0,1.0,750.0,20.0,35.0,20.0,39
PRO_525,beleza_saude,54.0,340.0,1.0,500.0,24.0,20.0,24.0,43
PRO_526,consoles_games,59.0,434.0,3.0,350.0,20.0,20.0,20.0,16
PRO_527,brinquedos,43.0,389.0,1.0,200.0,18.0,13.0,16.0,69
PRO_528,cama_mesa_banho,60.0,166.0,3.0,950.0,26.0,15.0,19.0,7
PRO_529,brinquedos,25.0,119.0,1.0,300.0,16.0,17.0,11.0,69
PRO_530,beleza_saude,50.0,1083.0,2.0,452.0,20.0,11.0,18.0,43
PRO_531,brinquedos,60.0,919.0,2.0,17650.0,45.0,50.0,45.0,69
PRO_532,cama_mesa_banho,56.0,393.0,2.0,1100.0,35.0,9.0,35.0,7
PRO_533,utilidades_domesticas,58.0,235.0,5.0,5250.0,35.0,15.0,35.0,49
PRO_534,brinquedos,31.0,254.0,1.0,200.0,16.0,10.0,11.0,69
PRO_535,relogios_presentes,52.0,654.0,4.0,340.0,47.0,13.0,13.0,71
PRO_536,beleza_saude,57.0,677.0,1.0,750.0,16.0,16.0,16.0,43
PRO_537,cama_mesa_banho,58.0,430.0,1.0,2650.0,33.0,10.0,33.0,7
PRO_538,moveis_decoracao,58.0,477.0,1.0,300.0,35.0,10.0,25.0,39
PRO_539,utilidades_domesticas,50.0,1123.0,1.0,13600.0,16.0,65.0,60.0,49
PRO_540,construcao_ferramentas_construcao,59.0,711.0,6.0,1250.0,30.0,10.0,20.0,17
PRO_541,cama_mesa_banho,50.0,627.0,2.0,3950.0,33.0,14.0,33.0,7
PRO_542,informatica_acessorios,32.0,1095.0,2.0,400.0,38.0,2.0,29.0,15
PRO_543,malas_acessorios,59.0,857.0,7.0,1100.0,35.0,14.0,29.0,53
PRO_544,beleza_saude,45.0,379.0,3.0,200.0,16.0,16.0,16.0,43
PRO_545,eletrodomesticos,60.0,230.0,1.0,425.0,39.0,17.0,39.0,44
PRO_546,utilidades_domesticas,43.0,1129.0,1.0,22050.0,55.0,40.0,60.0,49
PRO_547,informatica_acessorios,58.0,240.0,1.0,150.0,35.0,8.0,11.0,15
PRO_548,utilidades_domesticas,46.0,290.0,1.0,800.0,20.0,8.0,20.0,49
PRO_549,moveis_decoracao,57.0,209.0,11.0,800.0,40.0,8.0,35.0,39
PRO_550,perfumaria,60.0,418.0,1.0,650.0,16.0,10.0,11.0,59
PRO_551,fashion_roupa_feminina,43.0,754.0,2.0,500.0,16.0,2.0,11.0,27
PRO_552,cool_stuff,57.0,1255.0,4.0,198.0,17.0,9.0,15.0,20
PRO_553,unknown,51.0,595.0,1.0,9150.0,33.0,30.0,44.0,70
PRO_554,utilidades_domesticas,27.0,868.0,2.0,500.0,22.0,16.0,16.0,49
PRO_555,utilidades_domesticas,41.0,687.0,2.0,950.0,27.0,30.0,27.0,49
PRO_556,automotivo,56.0,1310.0,1.0,3750.0,42.0,19.0,25.0,5
PRO_557,esporte_lazer,32.0,513.0,3.0,250.0,16.0,6.0,20.0,65
PRO_558,fashion_bolsas_e_acessorios,42.0,361.0,1.0,100.0,17.0,3.0,12.0,28
PRO_559,papelaria,59.0,495.0,7.0,800.0,22.0,7.0,15.0,66
PRO_560,construcao_ferramentas_seguranca,58.0,1720.0,3.0,200.0,17.0,7.0,17.0,19
PRO_561,industria_comercio_e_negocios,44.0,1396.0,2.0,7225.0,16.0,103.0,25.0,50
PRO_562,cool_stuff,20.0,740.0,1.0,50.0,40.0,30.0,50.0,20
PRO_563,beleza_saude,52.0,1976.0,3.0,425.0,20.0,9.0,18.0,43
PRO_564,cama_mesa_banho,54.0,383.0,1.0,950.0,50.0,5.0,50.0,7
PRO_565,brinquedos,52.0,397.0,5.0,550.0,32.0,11.0,20.0,69
PRO_566,eletrodomesticos_2,59.0,319.0,7.0,14350.0,41.0,55.0,31.0,45
PRO_567,beleza_saude,32.0,1046.0,1.0,328.0,20.0,14.0,18.0,43
PRO_568,cama_mesa_banho,32.0,306.0,1.0,1950.0,58.0,15.0,46.0,7
PRO_569,beleza_saude,36.0,642.0,1.0,700.0,16.0,40.0,11.0,43
PRO_570,eletrodomesticos,57.0,335.0,1.0,1250.0,22.0,11.0,20.0,44
PRO_571,construcao_ferramentas_construcao,56.0,290.0,2.0,400.0,20.0,5.0,20.0,17
PRO_572,esporte_lazer,55.0,936.0,3.0,2320.0,63.0,33.0,17.0,65
PRO_573,ferramentas_jardim,41.0,394.0,1.0,2700.0,16.0,30.0,25.0,42
PRO_574,perfumaria,47.0,723.0,1.0,455.0,21.0,15.0,17.0,59
PRO_575,fashion_bolsas_e_acessorios,38.0,366.0,3.0,150.0,16.0,6.0,20.0,28
PRO_576,cama_mesa_banho,51.0,115.0,1.0,2200.0,45.0,25.0,35.0,7
PRO_577,cama_mesa_banho,49.0,297.0,2.0,1400.0,37.0,23.0,35.0,7
PRO_578,casa_conforto,55.0,200.0,2.0,450.0,45.0,15.0,35.0,47
PRO_579,cama_mesa_banho,54.0,120.0,1.0,835.0,40.0,9.0,33.0,7
PRO_580,cool_stuff,55.0,418.0,2.0,1250.0,36.0,16.0,24.0,20
PRO_581,informatica_acessorios,34.0,2457.0,1.0,550.0,26.0,17.0,17.0,15
PRO_582,cama_mesa_banho,49.0,729.0,1.0,3850.0,20.0,30.0,30.0,7
PRO_583,cool_stuff,63.0,877.0,6.0,7000.0,22.0,52.0,27.0,20
PRO_584,cama_mesa_banho,53.0,681.0,1.0,1250.0,19.0,17.0,22.0,7
PRO_585,relogios_presentes,47.0,528.0,3.0,850.0,48.0,16.0,25.0,71
PRO_586,ferramentas_jardim,49.0,374.0,1.0,900.0,30.0,10.0,20.0,42
PRO_587,fashion_underwear_e_moda_praia,63.0,3140.0,11.0,400.0,16.0,5.0,11.0,33
PRO_588,relogios_presentes,52.0,585.0,1.0,400.0,20.0,11.0,19.0,71
PRO_589,esporte_lazer,52.0,682.0,2.0,1100.0,24.0,16.0,15.0,65
PRO_590,ferramentas_jardim,57.0,365.0,6.0,850.0,24.0,13.0,18.0,42
PRO_591,relogios_presentes,54.0,630.0,6.0,400.0,18.0,11.0,15.0,71
PRO_592,audio,60.0,1046.0,1.0,675.0,22.0,9.0,16.0,4
PRO_593,beleza_saude,56.0,483.0,2.0,175.0,19.0,12.0,13.0,43
PRO_594,alimentos_bebidas,57.0,1322.0,1.0,1350.0,18.0,17.0,16.0,37
PRO_595,informatica_acessorios,60.0,1503.0,5.0,588.0,20.0,17.0,15.0,15
PRO_596,utilidades_domesticas,41.0,897.0,1.0,450.0,20.0,10.0,20.0,49
PRO_597,automotivo,59.0,867.0,5.0,1500.0,68.0,9.0,33.0,5
PRO_598,esporte_lazer,25.0,267.0,2.0,1550.0,35.0,30.0,40.0,65
PRO_599,beleza_saude,46.0,1969.0,1.0,683.0,31.0,16.0,16.0,43
PRO_600,moveis_decoracao,53.0,575.0,1.0,2500.0,35.0,9.0,25.0,39
PRO_601,bebes,51.0,1243.0,2.0,500.0,30.0,6.0,23.0,6
PRO_602,esporte_lazer,52.0,1113.0,2.0,300.0,20.0,34.0,44.0,65
PRO_603,beleza_saude,44.0,820.0,1.0,350.0,16.0,16.0,15.0,43
PRO_604,cool_stuff,51.0,425.0,1.0,250.0,16.0,12.0,11.0,20
PRO_605,moveis_decoracao,47.0,348.0,1.0,2900.0,40.0,10.0,35.0,39
PRO_606,informatica_acessorios,23.0,1036.0,2.0,200.0,16.0,2.0,11.0,15
PRO_607,telefonia,45.0,742.0,3.0,383.0,16.0,12.0,13.0,68
PRO_608,consoles_games,49.0,781.0,5.0,200.0,16.0,16.0,16.0,16
PRO_609,informatica_acessorios,56.0,1173.0,1.0,1300.0,30.0,16.0,16.0,15
PRO_610,bebidas,44.0,744.0,1.0,4300.0,16.0,15.0,11.0,24
PRO_611,beleza_saude,53.0,2610.0,2.0,150.0,16.0,7.0,12.0,43
PRO_612,moveis_decoracao,59.0,589.0,1.0,400.0,17.0,8.0,17.0,39
PRO_613,cama_mesa_banho,58.0,262.0,1.0,1400.0,25.0,10.0,25.0,7
PRO_614,automotivo,56.0,1108.0,6.0,450.0,20.0,15.0,15.0,5
PRO_615,esporte_lazer,54.0,660.0,1.0,154.0,17.0,10.0,13.0,65
PRO_616,utilidades_domesticas,55.0,132.0,1.0,470.0,21.0,23.0,21.0,49
PRO_617,unknown,51.0,595.0,1.0,5500.0,33.0,22.0,33.0,70
PRO_618,eletroportateis,58.0,613.0,1.0,650.0,16.0,10.0,16.0,63
PRO_619,informatica_acessorios,34.0,1122.0,2.0,100.0,18.0,11.0,14.0,15
PRO_620,cama_mesa_banho,55.0,739.0,1.0,1600.0,40.0,20.0,20.0,7
PRO_621,moveis_decoracao,52.0,646.0,1.0,400.0,16.0,30.0,20.0,39
PRO_622,cama_mesa_banho,60.0,298.0,1.0,2350.0,33.0,7.0,37.0,7
PRO_623,utilidades_domesticas,52.0,1301.0,1.0,975.0,31.0,12.0,21.0,49
PRO_624,moveis_decoracao,59.0,439.0,1.0,1800.0,30.0,6.0,20.0,39
PRO_625,cama_mesa_banho,54.0,687.0,2.0,1150.0,32.0,5.0,30.0,7
PRO_626,cama_mesa_banho,58.0,678.0,1.0,1250.0,19.0,17.0,22.0,7
PRO_627,beleza_saude,60.0,950.0,2.0,1300.0,42.0,12.0,20.0,43
PRO_628,unknown,51.0,595.0,1.0,1300.0,30.0,20.0,30.0,70
PRO_629,unknown,51.0,595.0,1.0,1200.0,20.0,20.0,20.0,70
PRO_630,moveis_decoracao,58.0,275.0,1.0,1800.0,45.0,14.0,35.0,39
PRO_631,ferramentas_jardim,54.0,2155.0,1.0,509.0,17.0,13.0,13.0,42
PRO_632,automotivo,58.0,177.0,1.0,100.0,16.0,15.0,16.0,5
PRO_633,esporte_lazer,59.0,1104.0,1.0,8809.0,52.0,52.0,17.0,65
PRO_634,construcao_ferramentas_construcao,58.0,138.0,6.0,14900.0,48.0,30.0,48.0,17
PRO_635,moveis_decoracao,56.0,296.0,2.0,1050.0,100.0,7.0,15.0,39
PRO_636,cama_mesa_banho,57.0,520.0,1.0,950.0,29.0,10.0,25.0,7
PRO_637,cool_stuff,35.0,377.0,2.0,500.0,19.0,17.0,25.0,20
PRO_638,telefonia,58.0,733.0,6.0,100.0,18.0,6.0,14.0,68
PRO_639,cool_stuff,45.0,3033.0,5.0,12400.0,35.0,35.0,50.0,20
PRO_640,papelaria,36.0,215.0,1.0,700.0,45.0,10.0,31.0,66
PRO_641,relogios_presentes,39.0,700.0,2.0,253.0,18.0,11.0,13.0,71
PRO_642,beleza_saude,45.0,1194.0,1.0,1413.0,40.0,16.0,31.0,43
PRO_643,moveis_cozinha_area_de_servico_jantar_e_jardim,57.0,354.0,4.0,1150.0,27.0,15.0,16.0,51
PRO_644,bebes,36.0,654.0,3.0,18667.0,88.0,28.0,67.0,6
PRO_645,construcao_ferramentas_jardim,34.0,376.0,1.0,65.0,17.0,12.0,17.0,21
PRO_646,pet_shop,54.0,947.0,4.0,700.0,36.0,12.0,30.0,60
PRO_647,ferramentas_jardim,42.0,567.0,3.0,1075.0,34.0,31.0,34.0,42
PRO_648,pet_shop,42.0,244.0,4.0,4050.0,30.0,53.0,30.0,60
PRO_649,artigos_de_festas,60.0,430.0,1.0,200.0,16.0,6.0,11.0,58
PRO_650,cama_mesa_banho,35.0,2618.0,1.0,1200.0,16.0,22.0,11.0,7
PRO_651,pet_shop,57.0,651.0,1.0,500.0,25.0,15.0,20.0,60
PRO_652,construcao_ferramentas_construcao,38.0,409.0,2.0,8817.0,43.0,24.0,47.0,17
PRO_653,musica,50.0,364.0,2.0,100.0,24.0,11.0,16.0,55
PRO_654,cool_stuff,58.0,989.0,1.0,2050.0,42.0,25.0,15.0,20
PRO_655,moveis_escritorio,42.0,2115.0,1.0,13600.0,58.0,28.0,58.0,57
PRO_656,telefonia,58.0,734.0,3.0,250.0,17.0,4.0,12.0,68
PRO_657,eletronicos,60.0,300.0,4.0,24050.0,80.0,30.0,60.0,26
PRO_658,beleza_saude,59.0,1935.0,3.0,300.0,27.0,11.0,15.0,43
PRO_659,relogios_presentes,55.0,266.0,3.0,667.0,20.0,17.0,18.0,71
PRO_660,construcao_ferramentas_construcao,58.0,339.0,1.0,7100.0,29.0,8.0,29.0,17
PRO_661,brinquedos,60.0,804.0,1.0,600.0,23.0,25.0,20.0,69
PRO_662,beleza_saude,59.0,374.0,2.0,1450.0,38.0,31.0,24.0,43
PRO_663,utilidades_domesticas,55.0,747.0,1.0,6250.0,53.0,23.0,28.0,49
PRO_664,telefonia_fixa,28.0,1252.0,3.0,400.0,20.0,30.0,11.0,34
PRO_665,relogios_presentes,26.0,567.0,1.0,283.0,18.0,12.0,13.0,71
PRO_666,perfumaria,47.0,1090.0,1.0,850.0,16.0,14.0,11.0,59
PRO_667,cama_mesa_banho,58.0,871.0,1.0,1200.0,40.0,10.0,37.0,7
PRO_668,automotivo,48.0,557.0,4.0,350.0,44.0,17.0,30.0,5
PRO_669,automotivo,51.0,93.0,1.0,200.0,16.0,15.0,15.0,5
PRO_670,telefonia,55.0,316.0,2.0,150.0,16.0,4.0,11.0,68
PRO_671,informatica_acessorios,35.0,1101.0,1.0,250.0,42.0,2.0,30.0,15
PRO_672,malas_acessorios,41.0,1047.0,1.0,2240.0,76.0,10.0,14.0,53
PRO_673,livros_tecnicos,25.0,2021.0,1.0,213.0,21.0,2.0,14.0,10
PRO_674,brinquedos,60.0,196.0,4.0,1150.0,30.0,30.0,30.0,69
PRO_675,cama_mesa_banho,59.0,273.0,1.0,8850.0,16.0,10.0,16.0,7
PRO_676,moveis_decoracao,58.0,1969.0,2.0,3000.0,69.0,11.0,11.0,39
PRO_677,utilidades_domesticas,58.0,803.0,3.0,10900.0,71.0,25.0,45.0,49
PRO_678,brinquedos,58.0,246.0,1.0,300.0,37.0,20.0,20.0,69
PRO_679,moveis_decoracao,32.0,926.0,1.0,600.0,17.0,17.0,17.0,39
PRO_680,fashion_bolsas_e_acessorios,51.0,1081.0,1.0,415.0,23.0,19.0,18.0,28
PRO_681,brinquedos,54.0,457.0,1.0,400.0,30.0,10.0,20.0,69
PRO_682,cama_mesa_banho,59.0,796.0,3.0,8150.0,50.0,20.0,40.0,7
PRO_683,moveis_decoracao,60.0,956.0,4.0,5250.0,66.0,15.0,33.0,39
PRO_684,consoles_games,49.0,472.0,1.0,700.0,20.0,15.0,20.0,16
PRO_685,informatica_acessorios,53.0,240.0,1.0,650.0,34.0,15.0,15.0,15
PRO_686,informatica_acessorios,24.0,718.0,2.0,200.0,41.0,2.0,29.0,15
PRO_687,cool_stuff,44.0,854.0,3.0,1000.0,35.0,28.0,16.0,20
PRO_688,papelaria,57.0,223.0,4.0,1500.0,60.0,20.0,29.0,66
PRO_689,telefonia,59.0,486.0,1.0,253.0,20.0,10.0,18.0,68
PRO_690,papelaria,42.0,148.0,4.0,800.0,29.0,10.0,25.0,66
PRO_691,automotivo,58.0,1590.0,4.0,7350.0,24.0,69.0,53.0,5
PRO_692,moveis_cozinha_area_de_servico_jantar_e_jardim,60.0,356.0,1.0,4400.0,27.0,27.0,37.0,51
PRO_693,brinquedos,42.0,241.0,1.0,1200.0,30.0,16.0,20.0,69
PRO_694,beleza_saude,49.0,1216.0,1.0,1600.0,20.0,20.0,20.0,43
PRO_695,informatica_acessorios,25.0,153.0,3.0,250.0,16.0,15.0,15.0,15
PRO_696,telefonia,54.0,653.0,1.0,150.0,19.0,3.0,11.0,68
PRO_697,unknown,51.0,595.0,1.0,200.0,16.0,2.0,11.0,70
PRO_698,market_place,53.0,213.0,3.0,775.0,35.0,9.0,15.0,54
PRO_699,brinquedos,63.0,784.0,1.0,300.0,20.0,7.0,20.0,69
PRO_700,beleza_saude,41.0,763.0,1.0,150.0,20.0,10.0,20.0,43
PRO_701,unknown,51.0,595.0,1.0,950.0,45.0,12.0,30.0,70
PRO_702,moveis_decoracao,40.0,241.0,2.0,4000.0,52.0,6.0,52.0,39
PRO_703,esporte_lazer,57.0,407.0,1.0,500.0,20.0,6.0,15.0,65
PRO_704,esporte_lazer,31.0,447.0,1.0,100.0,16.0,6.0,11.0,65
PRO_705,automotivo,60.0,505.0,3.0,200.0,24.0,2.0,17.0,5
PRO_706,moveis_decoracao,52.0,1743.0,2.0,800.0,68.0,8.0,13.0,39
PRO_707,esporte_lazer,26.0,3694.0,1.0,300.0,20.0,10.0,15.0,65
PRO_708,esporte_lazer,58.0,1042.0,1.0,2000.0,28.0,8.0,15.0,65
PRO_709,telefonia,25.0,1052.0,5.0,300.0,16.0,7.0,11.0,68
PRO_710,livros_tecnicos,32.0,2228.0,1.0,1900.0,30.0,6.0,30.0,10
PRO_711,musica,43.0,656.0,2.0,783.0,16.0,8.0,15.0,55
PRO_712,informatica_acessorios,41.0,260.0,1.0,775.0,21.0,18.0,26.0,15
PRO_713,utilidades_domesticas,55.0,716.0,1.0,1400.0,25.0,35.0,35.0,49
PRO_714,utilidades_domesticas,55.0,536.0,1.0,600.0,28.0,18.0,17.0,49
PRO_715,fashion_underwear_e_moda_praia,40.0,549.0,3.0,200.0,30.0,30.0,30.0,33
PRO_716,utilidades_domesticas,44.0,919.0,2.0,1000.0,29.0,19.0,21.0,49
PRO_717,utilidades_domesticas,50.0,379.0,1.0,1100.0,25.0,22.0,21.0,49
PRO_718,fashion_calcados,48.0,375.0,6.0,100.0,29.0,7.0,16.0,31
PRO_719,instrumentos_musicais,50.0,1053.0,1.0,400.0,19.0,11.0,19.0,56
PRO_720,utilidades_domesticas,59.0,889.0,2.0,250.0,20.0,5.0,16.0,49
PRO_721,agro_industria_e_comercio,39.0,326.0,1.0,1050.0,38.0,41.0,39.0,0
PRO_722,unknown,51.0,595.0,1.0,200.0,16.0,2.0,11.0,70
PRO_723,fashion_bolsas_e_acessorios,48.0,248.0,3.0,300.0,30.0,26.0,22.0,28
PRO_724,brinquedos,52.0,706.0,4.0,2450.0,23.0,7.0,23.0,69
PRO_725,papelaria,54.0,447.0,1.0,400.0,25.0,10.0,17.0,66
PRO_726,moveis_decoracao,55.0,743.0,1.0,2200.0,34.0,8.0,22.0,39
PRO_727,perfumaria,46.0,458.0,1.0,500.0,20.0,12.0,15.0,59
PRO_728,cama_mesa_banho,58.0,373.0,2.0,1700.0,34.0,10.0,34.0,7
PRO_729,beleza_saude,49.0,166.0,1.0,325.0,25.0,10.0,13.0,43
PRO_730,esporte_lazer,36.0,1581.0,1.0,150.0,18.0,7.0,14.0,65
PRO_731,perfumaria,37.0,107.0,2.0,200.0,22.0,3.0,11.0,59
PRO_732,construcao_ferramentas_construcao,56.0,1087.0,4.0,6250.0,55.0,14.0,44.0,17
PRO_733,fashion_roupa_masculina,33.0,939.0,2.0,950.0,40.0,6.0,35.0,30
PRO_734,automotivo,47.0,84.0,2.0,200.0,32.0,8.0,26.0,5
PRO_735,cama_mesa_banho,55.0,148.0,1.0,6200.0,35.0,15.0,25.0,7
PRO_736,cool_stuff,52.0,330.0,1.0,1650.0,33.0,44.0,19.0,20
PRO_737,unknown,51.0,595.0,1.0,200.0,22.0,14.0,14.0,70
PRO_738,alimentos,45.0,911.0,1.0,3350.0,20.0,21.0,20.0,36
PRO_739,perfumaria,60.0,1772.0,1.0,150.0,16.0,16.0,15.0,59
PRO_740,pet_shop,60.0,1614.0,1.0,2900.0,83.0,82.0,12.0,60
PRO_741,artigos_de_festas,36.0,378.0,1.0,1550.0,23.0,17.0,18.0,58
PRO_742,automotivo,53.0,366.0,1.0,5750.0,30.0,19.0,31.0,5
PRO_743,automotivo,52.0,1304.0,1.0,200.0,18.0,9.0,13.0,5
PRO_744,automotivo,45.0,736.0,3.0,350.0,25.0,10.0,20.0,5
PRO_745,papelaria,51.0,59.0,1.0,100.0,16.0,5.0,16.0,66
PRO_746,malas_acessorios,42.0,413.0,1.0,700.0,16.0,30.0,20.0,53
PRO_747,beleza_saude,51.0,495.0,1.0,233.0,18.0,16.0,14.0,43
PRO_748,esporte_lazer,41.0,194.0,1.0,100.0,25.0,20.0,20.0,65
PRO_749,unknown,51.0,595.0,1.0,1800.0,25.0,25.0,25.0,70
PRO_750,malas_acessorios,57.0,455.0,3.0,10700.0,40.0,100.0,16.0,53
PRO_751,bebes,60.0,849.0,5.0,750.0,50.0,5.0,40.0,6
PRO_752,unknown,51.0,595.0,1.0,300.0,27.0,5.0,18.0,70
PRO_753,automotivo,32.0,1313.0,2.0,250.0,18.0,19.0,15.0,5
PRO_754,esporte_lazer,44.0,233.0,5.0,461.0,18.0,10.0,14.0,65
PRO_755,automotivo,60.0,1146.0,1.0,4000.0,65.0,25.0,25.0,5
PRO_756,cama_mesa_banho,50.0,353.0,1.0,1250.0,16.0,10.0,16.0,7
PRO_757,beleza_saude,43.0,876.0,2.0,543.0,30.0,12.0,16.0,43
PRO_758,alimentos_bebidas,42.0,2263.0,6.0,1000.0,28.0,13.0,13.0,37
PRO_759,automotivo,60.0,703.0,6.0,9050.0,56.0,11.0,32.0,5
PRO_760,cama_mesa_banho,58.0,774.0,1.0,1550.0,32.0,8.0,29.0,7
PRO_761,esporte_lazer,56.0,1494.0,1.0,300.0,20.0,20.0,20.0,65
PRO_762,unknown,51.0,595.0,1.0,200.0,16.0,2.0,11.0,70
PRO_763,beleza_saude,47.0,886.0,4.0,500.0,30.0,14.0,16.0,43
PRO_764,utilidades_domesticas,52.0,303.0,2.0,9900.0,61.0,31.0,31.0,49
PRO_765,brinquedos,41.0,517.0,1.0,875.0,65.0,23.0,20.0,69
PRO_766,cama_mesa_banho,60.0,850.0,1.0,1100.0,40.0,10.0,30.0,7
PRO_767,instrumentos_musicais,56.0,349.0,3.0,200.0,16.0,12.0,20.0,56
PRO_768,telefonia,55.0,880.0,3.0,50.0,18.0,6.0,11.0,68
PRO_769,eletronicos,55.0,1702.0,5.0,750.0,21.0,10.0,14.0,26
PRO_770,consoles_games,50.0,429.0,4.0,530.0,18.0,24.0,18.0,16
PRO_771,moveis_decoracao,50.0,314.0,1.0,400.0,40.0,15.0,40.0,39
PRO_772,beleza_saude,55.0,1181.0,1.0,250.0,16.0,11.0,14.0,43
PRO_773,esporte_lazer,49.0,375.0,2.0,2000.0,20.0,40.0,30.0,65
PRO_774,cama_mesa_banho,53.0,558.0,1.0,2400.0,41.0,11.0,36.0,7
PRO_775,livros_tecnicos,18.0,612.0,1.0,500.0,23.0,2.0,16.0,10
PRO_776,telefonia_fixa,50.0,78.0,1.0,99.0,22.0,3.0,16.0,34
PRO_777,esporte_lazer,45.0,179.0,1.0,1150.0,16.0,12.0,12.0,65
PRO_778,cool_stuff,52.0,673.0,1.0,175.0,30.0,20.0,25.0,20
PRO_779,beleza_saude,57.0,991.0,1.0,217.0,17.0,13.0,15.0,43
PRO_780,fashion_bolsas_e_acessorios,42.0,831.0,1.0,100.0,16.0,5.0,16.0,28
PRO_781,perfumaria,54.0,909.0,2.0,700.0,20.0,20.0,20.0,59
PRO_782,informatica_acessorios,36.0,218.0,1.0,900.0,30.0,14.0,11.0,15
PRO_783,moveis_decoracao,40.0,274.0,1.0,200.0,27.0,10.0,12.0,39
PRO_784,automotivo,49.0,199.0,1.0,2800.0,95.0,7.0,33.0,5
PRO_785,relogios_presentes,58.0,591.0,1.0,500.0,16.0,11.0,11.0,71
PRO_786,utilidades_domesticas,48.0,204.0,1.0,1150.0,19.0,22.0,19.0,49
PRO_787,esporte_lazer,56.0,1100.0,2.0,300.0,30.0,20.0,40.0,65
PRO_788,utilidades_domesticas,58.0,102.0,1.0,200.0,30.0,40.0,30.0,49
PRO_789,moveis_decoracao,53.0,1750.0,3.0,2550.0,105.0,3.0,70.0,39
PRO_790,telefonia,54.0,1057.0,6.0,200.0,18.0,3.0,16.0,68
PRO_791,cama_mesa_banho,64.0,409.0,2.0,10900.0,45.0,15.0,35.0,7
PRO_792,beleza_saude,52.0,572.0,1.0,300.0,17.0,14.0,14.0,43
PRO_793,brinquedos,51.0,122.0,4.0,450.0,20.0,31.0,30.0,69
PRO_794,relogios_presentes,33.0,523.0,3.0,584.0,16.0,11.0,13.0,71
PRO_795,cama_mesa_banho,56.0,729.0,1.0,2700.0,20.0,30.0,30.0,7
PRO_796,cama_mesa_banho,58.0,663.0,1.0,4200.0,34.0,10.0,38.0,7
PRO_797,brinquedos,54.0,240.0,1.0,300.0,20.0,20.0,20.0,69
PRO_798,cama_mesa_banho,58.0,2375.0,6.0,1400.0,30.0,20.0,26.0,7
PRO_799,telefonia,57.0,1887.0,2.0,600.0,23.0,18.0,20.0,68
PRO_800,cool_stuff,52.0,894.0,1.0,2250.0,34.0,52.0,30.0,20
PRO_801,artigos_de_festas,45.0,499.0,6.0,4500.0,102.0,12.0,12.0,58
PRO_802,pet_shop,47.0,115.0,6.0,500.0,20.0,20.0,20.0,60
PRO_803,esporte_lazer,55.0,800.0,1.0,900.0,23.0,18.0,18.0,65
PRO_804,relogios_presentes,55.0,943.0,4.0,450.0,16.0,11.0,12.0,71
PRO_805,casa_conforto,30.0,503.0,1.0,700.0,18.0,12.0,18.0,47
PRO_806,pet_shop,58.0,502.0,4.0,200.0,27.0,9.0,26.0,60
PRO_807,brinquedos,31.0,735.0,3.0,600.0,20.0,20.0,20.0,69
PRO_808,telefonia,25.0,287.0,1.0,75.0,19.0,3.0,11.0,68
PRO_809,relogios_presentes,50.0,589.0,2.0,600.0,19.0,10.0,15.0,71
PRO_810,esporte_lazer,60.0,1596.0,3.0,750.0,30.0,11.0,20.0,65
PRO_811,automotivo,60.0,332.0,2.0,100.0,16.0,5.0,16.0,5
PRO_812,consoles_games,15.0,728.0,1.0,110.0,17.0,2.0,14.0,16
PRO_813,beleza_saude,47.0,1115.0,3.0,125.0,24.0,12.0,20.0,43
PRO_814,telefonia,58.0,751.0,5.0,300.0,17.0,4.0,12.0,68
PRO_815,informatica_acessorios,59.0,445.0,1.0,133.0,16.0,12.0,15.0,15
PRO_816,esporte_lazer,51.0,546.0,3.0,750.0,23.0,28.0,38.0,65
PRO_817,automotivo,37.0,269.0,3.0,6700.0,70.0,25.0,22.0,5
PRO_818,moveis_cozinha_area_de_servico_jantar_e_jardim,60.0,137.0,1.0,16900.0,40.0,30.0,40.0,51
PRO_819,automotivo,59.0,651.0,5.0,4200.0,78.0,4.0,47.0,5
PRO_820,telefonia,60.0,776.0,6.0,100.0,17.0,4.0,12.0,68
PRO_821,utilidades_domesticas,28.0,238.0,1.0,150.0,26.0,16.0,16.0,49
PRO_822,cama_mesa_banho,42.0,331.0,1.0,550.0,23.0,37.0,35.0,7
PRO_823,moveis_decoracao,25.0,253.0,3.0,7000.0,25.0,25.0,25.0,39
PRO_824,esporte_lazer,56.0,617.0,3.0,1100.0,32.0,9.0,21.0,65
PRO_825,brinquedos,44.0,1250.0,4.0,3850.0,35.0,26.0,41.0,69
PRO_826,automotivo,51.0,966.0,3.0,800.0,21.0,8.0,14.0,5
PRO_827,pet_shop,55.0,703.0,1.0,1500.0,50.0,30.0,33.0,60
PRO_828,perfumaria,58.0,942.0,2.0,450.0,16.0,16.0,22.0,59
PRO_829,esporte_lazer,31.0,958.0,3.0,2350.0,92.0,4.0,24.0,65
PRO_830,beleza_saude,51.0,309.0,1.0,700.0,28.0,10.0,11.0,43
PRO_831,automotivo,53.0,357.0,2.0,500.0,16.0,16.0,12.0,5
PRO_832,cama_mesa_banho,51.0,231.0,1.0,2100.0,40.0,6.0,29.0,7
PRO_833,automotivo,57.0,703.0,6.0,4700.0,47.0,19.0,23.0,5
PRO_834,esporte_lazer,39.0,468.0,1.0,200.0,20.0,20.0,20.0,65
PRO_835,cama_mesa_banho,55.0,514.0,1.0,900.0,16.0,10.0,16.0,7
PRO_836,perfumaria,52.0,693.0,1.0,400.0,18.0,18.0,18.0,59
PRO_837,informatica_acessorios,54.0,1785.0,1.0,7000.0,57.0,11.0,52.0,15
PRO_838,esporte_lazer,55.0,416.0,1.0,400.0,22.0,5.0,20.0,65
PRO_839,pet_shop,50.0,619.0,5.0,1150.0,40.0,20.0,30.0,60
PRO_840,eletronicos,54.0,381.0,2.0,100.0,16.0,8.0,16.0,26
PRO_841,casa_construcao,57.0,707.0,1.0,10100.0,30.0,61.0,30.0,48
PRO_842,telefonia,55.0,370.0,1.0,250.0,16.0,8.0,11.0,68
PRO_843,automotivo,59.0,555.0,1.0,4500.0,59.0,10.0,59.0,5
PRO_844,esporte_lazer,59.0,1100.0,6.0,1550.0,16.0,10.0,16.0,65
PRO_845,esporte_lazer,56.0,1720.0,1.0,1000.0,20.0,20.0,14.0,65
PRO_846,cama_mesa_banho,58.0,184.0,1.0,3000.0,55.0,25.0,35.0,7
PRO_847,informatica_acessorios,60.0,401.0,2.0,150.0,16.0,5.0,15.0,15
PRO_848,utilidades_domesticas,30.0,167.0,1.0,2150.0,21.0,4.0,71.0,49
PRO_849,esporte_lazer,49.0,515.0,1.0,550.0,27.0,25.0,25.0,65
PRO_850,bebes,60.0,566.0,1.0,17600.0,65.0,36.0,45.0,6
PRO_851,utilidades_domesticas,30.0,299.0,2.0,250.0,16.0,23.0,14.0,49
PRO_852,beleza_saude,46.0,803.0,1.0,350.0,22.0,3.0,15.0,43
PRO_853,construcao_ferramentas_construcao,52.0,3500.0,3.0,2700.0,16.0,11.0,11.0,17
PRO_854,malas_acessorios,56.0,488.0,3.0,17150.0,36.0,48.0,56.0,53
PRO_855,tablets_impressao_imagem,64.0,547.0,3.0,300.0,26.0,3.0,26.0,67
PRO_856,beleza_saude,32.0,1883.0,1.0,250.0,17.0,12.0,12.0,43
PRO_857,bebes,16.0,978.0,1.0,300.0,16.0,8.0,11.0,6
PRO_858,utilidades_domesticas,59.0,760.0,2.0,650.0,20.0,11.0,15.0,49
PRO_859,automotivo,59.0,1391.0,3.0,1700.0,34.0,18.0,16.0,5
PRO_860,fashion_bolsas_e_acessorios,48.0,731.0,1.0,200.0,16.0,2.0,11.0,28
PRO_861,cama_mesa_banho,55.0,617.0,1.0,6400.0,30.0,30.0,30.0,7
PRO_862,eletronicos,52.0,537.0,1.0,200.0,21.0,7.0,14.0,26
PRO_863,cama_mesa_banho,59.0,497.0,2.0,1350.0,50.0,11.0,11.0,7
PRO_864,brinquedos,30.0,1155.0,1.0,263.0,19.0,14.0,16.0,69
PRO_865,livros_interesse_geral,10.0,2068.0,1.0,1000.0,33.0,6.0,22.0,8
PRO_866,esporte_lazer,56.0,1236.0,1.0,4350.0,20.0,20.0,20.0,65
PRO_867,moveis_decoracao,54.0,315.0,1.0,303.0,14.0,14.0,28.0,39
PRO_868,telefonia,56.0,214.0,2.0,200.0,22.0,16.0,16.0,68
PRO_869,alimentos_bebidas,58.0,457.0,3.0,2950.0,17.0,22.0,17.0,37
PRO_870,informatica_acessorios,54.0,90.0,2.0,100.0,16.0,8.0,11.0,15
PRO_871,cool_stuff,35.0,240.0,3.0,130.0,100.0,25.0,35.0,20
PRO_872,cama_mesa_banho,49.0,476.0,1.0,350.0,16.0,10.0,16.0,7
PRO_873,moveis_decoracao,33.0,106.0,2.0,250.0,20.0,20.0,20.0,39
PRO_874,moveis_decoracao,54.0,757.0,6.0,3300.0,19.0,7.0,16.0,39
PRO_875,eletrodomesticos,37.0,1642.0,10.0,5500.0,29.0,37.0,25.0,44
PRO_876,papelaria,41.0,312.0,2.0,200.0,24.0,7.0,14.0,66
PRO_877,construcao_ferramentas_construcao,56.0,1133.0,1.0,4200.0,30.0,20.0,20.0,17
PRO_878,beleza_saude,41.0,1109.0,1.0,217.0,17.0,10.0,14.0,43
PRO_879,moveis_sala,55.0,595.0,1.0,5600.0,20.0,5.0,60.0,40
PRO_880,beleza_saude,59.0,1343.0,2.0,150.0,16.0,13.0,11.0,43
PRO_881,informatica_acessorios,55.0,956.0,3.0,239.0,27.0,8.0,16.0,15
PRO_882,livros_importados,63.0,1071.0,7.0,1300.0,29.0,9.0,18.0,9
PRO_883,fashion_bolsas_e_acessorios,60.0,83.0,1.0,200.0,16.0,2.0,11.0,28
PRO_884,utilidades_domesticas,45.0,928.0,1.0,800.0,39.0,6.0,28.0,49
PRO_885,construcao_ferramentas_construcao,59.0,274.0,1.0,150.0,24.0,13.0,13.0,17
PRO_886,beleza_saude,41.0,1918.0,1.0,580.0,39.0,11.0,15.0,43
PRO_887,automotivo,50.0,214.0,4.0,1600.0,25.0,9.0,17.0,5
PRO_888,fashion_bolsas_e_acessorios,35.0,385.0,1.0,100.0,17.0,3.0,12.0,28
PRO_889,informatica_acessorios,52.0,294.0,2.0,1000.0,20.0,20.0,20.0,15
PRO_890,construcao_ferramentas_jardim,54.0,118.0,1.0,1450.0,16.0,16.0,12.0,21
PRO_891,moveis_decoracao,60.0,473.0,1.0,600.0,30.0,4.0,20.0,39
PRO_892,automotivo,50.0,520.0,2.0,1200.0,19.0,6.0,14.0,5
PRO_893,alimentos,28.0,528.0,1.0,1376.0,23.0,15.0,21.0,36
PRO_894,unknown,51.0,595.0,1.0,350.0,16.0,6.0,11.0,70
PRO_895,informatica_acessorios,52.0,967.0,1.0,220.0,22.0,13.0,12.0,15
PRO_896,brinquedos,42.0,1604.0,1.0,6084.0,68.0,14.0,68.0,69
PRO_897,relogios_presentes,53.0,542.0,2.0,400.0,16.0,11.0,20.0,71
PRO_898,beleza_saude,60.0,180.0,1.0,300.0,17.0,12.0,11.0,43
PRO_899,brinquedos,32.0,122.0,2.0,250.0,16.0,15.0,15.0,69
PRO_900,utilidades_domesticas,53.0,532.0,1.0,600.0,20.0,7.0,20.0,49
PRO_901,consoles_games,48.0,691.0,2.0,317.0,20.0,7.0,16.0,16
PRO_902,malas_acessorios,47.0,414.0,1.0,2000.0,35.0,27.0,12.0,53
PRO_903,construcao_ferramentas_jardim,34.0,1007.0,5.0,5650.0,40.0,16.0,50.0,21
PRO_904,automotivo,55.0,1440.0,1.0,575.0,20.0,10.0,15.0,5
PRO_905,eletrodomesticos_2,33.0,94.0,1.0,18450.0,68.0,21.0,42.0,45
PRO_906,malas_acessorios,47.0,114.0,1.0,1000.0,35.0,10.0,34.0,53
PRO_907,moveis_decoracao,39.0,400.0,1.0,450.0,35.0,35.0,11.0,39
PRO_908,automotivo,56.0,199.0,2.0,75.0,16.0,15.0,15.0,5
PRO_909,perfumaria,55.0,310.0,3.0,200.0,20.0,5.0,13.0,59
PRO_910,beleza_saude,40.0,774.0,1.0,625.0,16.0,14.0,15.0,43
PRO_911,unknown,51.0,595.0,1.0,200.0,16.0,2.0,11.0,70
PRO_912,pet_shop,35.0,503.0,2.0,1500.0,40.0,45.0,30.0,60
PRO_913,malas_acessorios,54.0,1632.0,6.0,650.0,20.0,40.0,50.0,53
PRO_914,perfumaria,42.0,155.0,1.0,600.0,20.0,20.0,30.0,59
PRO_915,informatica_acessorios,60.0,1873.0,1.0,225.0,17.0,17.0,17.0,15
PRO_916,eletroportateis,57.0,2259.0,1.0,550.0,20.0,13.0,21.0,63
PRO_917,brinquedos,50.0,690.0,1.0,7175.0,50.0,22.0,40.0,69
PRO_918,relogios_presentes,42.0,576.0,3.0,300.0,16.0,2.0,20.0,71
PRO_919,brinquedos,35.0,272.0,2.0,350.0,19.0,22.0,17.0,69
PRO_920,moveis_decoracao,49.0,199.0,4.0,650.0,19.0,20.0,15.0,39
PRO_921,informatica_acessorios,53.0,514.0,3.0,424.0,25.0,10.0,19.0,15
PRO_922,pet_shop,57.0,1268.0,2.0,102.0,20.0,6.0,13.0,60
PRO_923,casa_conforto,28.0,102.0,1.0,200.0,30.0,15.0,15.0,47
PRO_924,beleza_saude,36.0,668.0,1.0,650.0,16.0,40.0,11.0,43
PRO_925,papelaria,60.0,466.0,7.0,400.0,21.0,7.0,15.0,66
PRO_926,relogios_presentes,60.0,628.0,2.0,200.0,16.0,11.0,11.0,71
PRO_927,moveis_decoracao,36.0,80.0,2.0,400.0,16.0,28.0,16.0,39
PRO_928,bebes,58.0,801.0,1.0,2300.0,36.0,30.0,19.0,6
PRO_929,esporte_lazer,51.0,1368.0,2.0,400.0,20.0,17.0,17.0,65
PRO_930,utilidades_domesticas,60.0,279.0,1.0,300.0,35.0,4.0,15.0,49
PRO_931,beleza_saude,54.0,3569.0,2.0,150.0,32.0,20.0,20.0,43
PRO_932,esporte_lazer,52.0,920.0,4.0,600.0,35.0,15.0,30.0,65
PRO_933,climatizacao,52.0,1427.0,1.0,10050.0,51.0,49.0,24.0,1
PRO_934,brinquedos,22.0,265.0,1.0,420.0,28.0,12.0,22.0,69
PRO_935,relogios_presentes,59.0,168.0,3.0,200.0,16.0,2.0,11.0,71
PRO_936,cama_mesa_banho,55.0,661.0,1.0,1200.0,35.0,3.0,30.0,7
PRO_937,livros_tecnicos,53.0,1909.0,1.0,500.0,25.0,4.0,18.0,10
PRO_938,brinquedos,58.0,701.0,6.0,2250.0,55.0,12.0,35.0,69
PRO_939,moveis_decoracao,39.0,202.0,1.0,2300.0,40.0,10.0,30.0,39
PRO_940,cama_mesa_banho,57.0,729.0,1.0,1500.0,20.0,30.0,30.0,7
PRO_941,esporte_lazer,54.0,664.0,1.0,250.0,22.0,10.0,15.0,65
PRO_942,automotivo,40.0,622.0,6.0,700.0,40.0,15.0,40.0,5
PRO_943,moveis_decoracao,59.0,646.0,1.0,300.0,20.0,30.0,20.0,39
PRO_944,telefonia,57.0,1260.0,2.0,175.0,17.0,3.0,12.0,68
PRO_945,cama_mesa_banho,59.0,266.0,1.0,3975.0,46.0,12.0,43.0,7
PRO_946,cool_stuff,48.0,662.0,2.0,18600.0,38.0,74.0,38.0,20
PRO_947,pet_shop,17.0,746.0,1.0,300.0,16.0,4.0,11.0,60
PRO_948,telefonia_fixa,63.0,150.0,2.0,100.0,16.0,16.0,16.0,34
PRO_949,fashion_bolsas_e_acessorios,51.0,731.0,1.0,200.0,16.0,2.0,11.0,28
PRO_950,beleza_saude,55.0,1735.0,1.0,2550.0,20.0,40.0,25.0,43
PRO_951,utilidades_domesticas,42.0,1182.0,1.0,15050.0,60.0,25.0,60.0,49
PRO_952,cool_stuff,54.0,940.0,1.0,1800.0,42.0,25.0,15.0,20
PRO_953,brinquedos,37.0,337.0,1.0,325.0,17.0,18.0,12.0,69
PRO_954,utilidades_domesticas,51.0,339.0,2.0,9500.0,42.0,54.0,25.0,49
PRO_955,ferramentas_jardim,52.0,1493.0,6.0,4000.0,30.0,21.0,24.0,42
PRO_956,unknown,51.0,595.0,1.0,30000.0,65.0,65.0,65.0,70
PRO_957,ferramentas_jardim,54.0,1318.0,1.0,700.0,30.0,10.0,20.0,42
PRO_958,telefonia,56.0,160.0,2.0,150.0,20.0,5.0,12.0,68
PRO_959,esporte_lazer,48.0,1422.0,1.0,200.0,18.0,8.0,14.0,65
PRO_960,eletrodomesticos,58.0,108.0,1.0,150.0,27.0,13.0,17.0,44
PRO_961,beleza_saude,42.0,3887.0,1.0,100.0,16.0,8.0,11.0,43
PRO_962,eletronicos,45.0,1198.0,2.0,595.0,8.0,6.0,6.0,26
PRO_963,beleza_saude,44.0,610.0,1.0,600.0,26.0,6.0,18.0,43
PRO_964,relogios_presentes,54.0,691.0,2.0,200.0,16.0,2.0,11.0,71
PRO_965,construcao_ferramentas_iluminacao,58.0,291.0,1.0,2350.0,30.0,30.0,30.0,18
PRO_966,ferramentas_jardim,39.0,120.0,2.0,200.0,25.0,5.0,12.0,42
PRO_967,esporte_lazer,57.0,722.0,4.0,500.0,16.0,15.0,20.0,65
PRO_968,pet_shop,54.0,802.0,17.0,9000.0,33.0,30.0,44.0,60
PRO_969,moveis_decoracao,63.0,522.0,2.0,500.0,80.0,10.0,60.0,39
PRO_970,beleza_saude,32.0,1032.0,1.0,100.0,16.0,2.0,11.0,43
PRO_971,beleza_saude,42.0,951.0,2.0,400.0,18.0,18.0,18.0,43
PRO_972,ferramentas_jardim,60.0,681.0,4.0,16900.0,38.0,70.0,38.0,42
PRO_973,telefonia,58.0,381.0,3.0,200.0,19.0,4.0,11.0,68
PRO_974,consoles_games,38.0,456.0,1.0,150.0,29.0,2.0,16.0,16
PRO_975,portateis_casa_forno_e_cafe,46.0,490.0,1.0,225.0,18.0,18.0,16.0,64
PRO_976,moveis_decoracao,52.0,745.0,4.0,18200.0,40.0,60.0,40.0,39
PRO_977,brinquedos,58.0,789.0,2.0,790.0,28.0,24.0,31.0,69
PRO_978,bebes,41.0,1064.0,1.0,21467.0,76.0,57.0,51.0,6
PRO_979,relogios_presentes,52.0,706.0,2.0,300.0,16.0,11.0,11.0,71
PRO_980,moveis_decoracao,33.0,1405.0,3.0,150.0,35.0,2.0,25.0,39
PRO_981,beleza_saude,30.0,530.0,1.0,975.0,19.0,12.0,15.0,43
PRO_982,telefonia,56.0,1613.0,2.0,304.0,19.0,11.0,16.0,68
PRO_983,bebes,39.0,1285.0,2.0,8200.0,40.0,35.0,35.0,6
PRO_984,pet_shop,41.0,186.0,2.0,700.0,16.0,35.0,25.0,60
PRO_985,brinquedos,60.0,48.0,1.0,1400.0,60.0,30.0,16.0,69
PRO_986,automotivo,46.0,2145.0,8.0,18000.0,50.0,20.0,20.0,5
PRO_987,fashion_bolsas_e_acessorios,58.0,526.0,5.0,350.0,43.0,16.0,27.0,28
PRO_988,moveis_decoracao,52.0,603.0,2.0,1200.0,65.0,12.0,12.0,39
PRO_989,cool_stuff,53.0,953.0,1.0,1200.0,42.0,25.0,15.0,20
PRO_990,cama_mesa_banho,59.0,282.0,2.0,7683.0,38.0,45.0,52.0,7
PRO_991,eletronicos,60.0,443.0,2.0,100.0,22.0,4.0,11.0,26
PRO_992,moveis_decoracao,49.0,1720.0,2.0,600.0,65.0,11.0,11.0,39
PRO_993,unknown,51.0,595.0,1.0,1400.0,35.0,3.0,35.0,70
PRO_994,climatizacao,60.0,1271.0,1.0,4550.0,40.0,21.0,32.0,1
PRO_995,cama_mesa_banho,48.0,267.0,1.0,1588.0,48.0,12.0,44.0,7
PRO_996,pet_shop,40.0,287.0,6.0,1400.0,20.0,16.0,22.0,60
PRO_997,automotivo,58.0,797.0,5.0,1100.0,23.0,7.0,38.0,5
PRO_998,moveis_decoracao,29.0,250.0,2.0,800.0,32.0,6.0,28.0,39
PRO_999,esporte_lazer,45.0,1134.0,1.0,867.0,26.0,15.0,18.0,65
PRO_1000,informatica_acessorios,32.0,999.0,3.0,225.0,17.0,5.0,20.0,15
PRO_1001,perfumaria,45.0,650.0,1.0,75.0,11.0,11.0,8.0,59
PRO_1002,esporte_lazer,57.0,1176.0,4.0,3350.0,66.0,6.0,43.0,65
PRO_1003,market_place,63.0,1498.0,4.0,1800.0,20.0,40.0,21.0,54
PRO_1004,utilidades_domesticas,44.0,205.0,6.0,100.0,16.0,7.0,20.0,49
PRO_1005,utilidades_domesticas,31.0,322.0,2.0,300.0,25.0,6.0,15.0,49
PRO_1006,papelaria,55.0,787.0,2.0,300.0,16.0,5.0,17.0,66
PRO_1007,utilidades_domesticas,24.0,761.0,4.0,950.0,21.0,27.0,21.0,49
PRO_1008,perfumaria,43.0,478.0,1.0,100.0,20.0,20.0,20.0,59
PRO_1009,cama_mesa_banho,48.0,2154.0,1.0,1800.0,30.0,23.0,11.0,7
PRO_1010,moveis_decoracao,55.0,133.0,1.0,700.0,35.0,4.0,30.0,39
PRO_1011,automotivo,59.0,586.0,3.0,1125.0,60.0,8.0,33.0,5
PRO_1012,utilidades_domesticas,44.0,343.0,1.0,1200.0,36.0,12.0,23.0,49
PRO_1013,eletronicos,52.0,468.0,3.0,230.0,16.0,14.0,15.0,26
PRO_1014,alimentos_bebidas,57.0,1551.0,1.0,300.0,20.0,20.0,20.0,37
PRO_1015,brinquedos,44.0,952.0,3.0,200.0,20.0,25.0,25.0,69
PRO_1016,utilidades_domesticas,56.0,217.0,1.0,400.0,17.0,11.0,11.0,49
PRO_1017,agro_industria_e_comercio,48.0,157.0,1.0,250.0,17.0,3.0,10.0,0
PRO_1018,ferramentas_jardim,45.0,434.0,2.0,5903.0,38.0,31.0,33.0,42
PRO_1019,eletronicos,34.0,279.0,4.0,417.0,17.0,9.0,15.0,26
PRO_1020,moveis_decoracao,47.0,1750.0,4.0,2550.0,105.0,3.0,70.0,39
PRO_1021,automotivo,51.0,840.0,1.0,6800.0,45.0,20.0,45.0,5
PRO_1022,cama_mesa_banho,35.0,564.0,1.0,1900.0,16.0,2.0,11.0,7
PRO_1023,cool_stuff,44.0,354.0,5.0,900.0,43.0,21.0,26.0,20
PRO_1024,esporte_lazer,51.0,236.0,2.0,400.0,38.0,26.0,26.0,65
PRO_1025,instrumentos_musicais,48.0,2756.0,3.0,350.0,17.0,7.0,11.0,56
PRO_1026,moveis_decoracao,51.0,1362.0,3.0,800.0,24.0,11.0,17.0,39
PRO_1027,relogios_presentes,57.0,500.0,1.0,300.0,16.0,11.0,11.0,71
PRO_1028,brinquedos,49.0,170.0,6.0,200.0,17.0,7.0,12.0,69
PRO_1029,bebes,55.0,1633.0,1.0,550.0,20.0,13.0,13.0,6
PRO_1030,brinquedos,36.0,1588.0,4.0,2050.0,47.0,13.0,24.0,69
PRO_1031,moveis_decoracao,63.0,394.0,1.0,1650.0,45.0,15.0,35.0,39
PRO_1032,esporte_lazer,50.0,1352.0,2.0,4400.0,20.0,20.0,20.0,65
PRO_1033,informatica_acessorios,53.0,192.0,1.0,100.0,16.0,8.0,11.0,15
PRO_1034,informatica_acessorios,40.0,202.0,1.0,850.0,16.0,20.0,15.0,15
PRO_1035,bebes,54.0,369.0,1.0,450.0,35.0,2.0,25.0,6
PRO_1036,alimentos_bebidas,52.0,1412.0,1.0,1850.0,20.0,20.0,20.0,37
PRO_1037,cama_mesa_banho,41.0,384.0,1.0,2555.0,55.0,17.0,48.0,7
PRO_1038,beleza_saude,58.0,905.0,2.0,300.0,20.0,10.0,15.0,43
PRO_1039,moveis_decoracao,57.0,384.0,1.0,600.0,30.0,10.0,20.0,39
PRO_1040,perfumaria,52.0,1400.0,1.0,100.0,16.0,3.0,15.0,59
PRO_1041,relogios_presentes,57.0,623.0,2.0,317.0,18.0,13.0,14.0,71
PRO_1042,esporte_lazer,60.0,1483.0,1.0,100.0,20.0,8.0,16.0,65
PRO_1043,moveis_decoracao,55.0,529.0,4.0,2000.0,28.0,18.0,38.0,39
PRO_1044,automotivo,52.0,231.0,1.0,1050.0,20.0,16.0,16.0,5
PRO_1045,moveis_decoracao,54.0,553.0,1.0,1200.0,35.0,9.0,25.0,39
PRO_1046,eletronicos,47.0,653.0,1.0,150.0,16.0,16.0,16.0,26
PRO_1047,moveis_decoracao,51.0,208.0,3.0,200.0,55.0,6.0,55.0,39
PRO_1048,relogios_presentes,55.0,139.0,5.0,150.0,16.0,2.0,11.0,71
PRO_1049,livros_tecnicos,40.0,1120.0,1.0,500.0,25.0,3.0,18.0,10
PRO_1050,papelaria,59.0,307.0,2.0,8350.0,38.0,30.0,28.0,66
PRO_1051,telefonia,45.0,702.0,4.0,100.0,19.0,3.0,11.0,68
PRO_1052,moveis_decoracao,55.0,1646.0,1.0,300.0,16.0,6.0,11.0,39
PRO_1053,malas_acessorios,52.0,1030.0,4.0,325.0,24.0,19.0,20.0,53
PRO_1054,informatica_acessorios,34.0,1080.0,2.0,250.0,41.0,2.0,29.0,15
PRO_1055,telefonia,60.0,549.0,4.0,100.0,18.0,12.0,16.0,68
PRO_1056,eletrodomesticos_2,47.0,796.0,3.0,7300.0,82.0,10.0,54.0,45
PRO_1057,esporte_lazer,48.0,541.0,4.0,3000.0,67.0,13.0,17.0,65
PRO_1058,telefonia,59.0,400.0,2.0,233.0,16.0,13.0,13.0,68
PRO_1059,utilidades_domesticas,42.0,237.0,1.0,900.0,39.0,4.0,27.0,49
PRO_1060,unknown,51.0,595.0,1.0,1550.0,38.0,4.0,23.0,70
PRO_1061,informatica_acessorios,34.0,774.0,1.0,900.0,36.0,9.0,11.0,15
PRO_1062,relogios_presentes,34.0,608.0,3.0,600.0,23.0,19.0,15.0,71
PRO_1063,utilidades_domesticas,50.0,205.0,1.0,800.0,16.0,11.0,18.0,49
PRO_1064,beleza_saude,53.0,3826.0,2.0,350.0,20.0,20.0,20.0,43
PRO_1065,bebes,58.0,374.0,6.0,200.0,16.0,9.0,11.0,6
PRO_1066,fashion_underwear_e_moda_praia,60.0,1511.0,5.0,300.0,30.0,16.0,11.0,33
PRO_1067,unknown,51.0,595.0,1.0,850.0,27.0,13.0,21.0,70
PRO_1068,informatica_acessorios,57.0,2637.0,3.0,1000.0,20.0,25.0,20.0,15
PRO_1069,beleza_saude,32.0,820.0,1.0,2100.0,24.0,26.0,24.0,43
PRO_1070,fashion_bolsas_e_acessorios,27.0,819.0,1.0,100.0,16.0,5.0,16.0,28
PRO_1071,papelaria,47.0,167.0,4.0,800.0,35.0,10.0,55.0,66
PRO_1072,moveis_decoracao,38.0,478.0,2.0,14300.0,49.0,42.0,42.0,39
PRO_1073,esporte_lazer,43.0,513.0,1.0,400.0,30.0,5.0,20.0,65
PRO_1074,relogios_presentes,60.0,415.0,7.0,300.0,16.0,2.0,20.0,71
PRO_1075,automotivo,58.0,623.0,1.0,3100.0,70.0,8.0,70.0,5
PRO_1076,automotivo,41.0,547.0,4.0,100.0,18.0,13.0,13.0,5
PRO_1077,esporte_lazer,51.0,695.0,1.0,200.0,20.0,18.0,18.0,65
PRO_1078,utilidades_domesticas,59.0,675.0,1.0,20300.0,44.0,93.0,30.0,49
PRO_1079,bebes,59.0,809.0,5.0,6600.0,45.0,25.0,35.0,6
PRO_1080,cama_mesa_banho,48.0,306.0,1.0,11550.0,50.0,20.0,50.0,7
PRO_1081,construcao_ferramentas_construcao,54.0,713.0,1.0,750.0,16.0,11.0,11.0,17
PRO_1082,utilidades_domesticas,54.0,460.0,1.0,475.0,24.0,19.0,24.0,49
PRO_1083,brinquedos,36.0,210.0,1.0,900.0,45.0,15.0,35.0,69
PRO_1084,moveis_decoracao,35.0,596.0,4.0,5500.0,32.0,32.0,32.0,39
PRO_1085,esporte_lazer,47.0,80.0,1.0,850.0,36.0,23.0,18.0,65
PRO_1086,moveis_escritorio,55.0,594.0,1.0,650.0,20.0,12.0,15.0,57
PRO_1087,moveis_sala,33.0,332.0,1.0,6750.0,54.0,18.0,53.0,40
PRO_1088,moveis_decoracao,30.0,669.0,4.0,975.0,35.0,25.0,21.0,39
PRO_1089,cama_mesa_banho,48.0,557.0,3.0,250.0,28.0,4.0,18.0,7
PRO_1090,beleza_saude,44.0,635.0,1.0,4050.0,25.0,22.0,21.0,43
PRO_1091,esporte_lazer,55.0,985.0,1.0,717.0,18.0,15.0,18.0,65
PRO_1092,construcao_ferramentas_jardim,55.0,2038.0,6.0,155.0,18.0,7.0,14.0,21
PRO_1093,alimentos_bebidas,31.0,502.0,1.0,475.0,20.0,16.0,13.0,37
PRO_1094,moveis_decoracao,53.0,1991.0,2.0,600.0,60.0,7.0,14.0,39
PRO_1095,perfumaria,54.0,522.0,1.0,150.0,16.0,12.0,11.0,59
PRO_1096,automotivo,60.0,1657.0,3.0,650.0,16.0,21.0,18.0,5
PRO_1097,esporte_lazer,54.0,493.0,1.0,400.0,21.0,26.0,21.0,65
PRO_1098,esporte_lazer,48.0,541.0,1.0,200.0,26.0,5.0,13.0,65
PRO_1099,informatica_acessorios,60.0,878.0,5.0,1050.0,29.0,16.0,18.0,15
PRO_1100,papelaria,60.0,815.0,5.0,1150.0,21.0,15.0,15.0,66
PRO_1101,pet_shop,43.0,261.0,4.0,950.0,50.0,20.0,20.0,60
PRO_1102,cama_mesa_banho,59.0,333.0,1.0,2300.0,40.0,10.0,40.0,7
PRO_1103,brinquedos,57.0,696.0,4.0,405.0,21.0,7.0,16.0,69
PRO_1104,cama_mesa_banho,52.0,167.0,1.0,1900.0,47.0,7.0,35.0,7
PRO_1105,utilidades_domesticas,43.0,357.0,1.0,217.0,18.0,5.0,14.0,49
PRO_1106,papelaria,39.0,1361.0,1.0,300.0,27.0,5.0,23.0,66
PRO_1107,casa_construcao,47.0,186.0,2.0,225.0,23.0,18.0,18.0,48
PRO_1108,cama_mesa_banho,50.0,145.0,3.0,150.0,26.0,6.0,19.0,7
PRO_1109,utilidades_domesticas,56.0,179.0,1.0,400.0,20.0,7.0,11.0,49
PRO_1110,informatica_acessorios,27.0,645.0,2.0,125.0,18.0,3.0,11.0,15
PRO_1111,beleza_saude,63.0,1421.0,5.0,200.0,16.0,5.0,11.0,43
PRO_1112,cama_mesa_banho,44.0,826.0,4.0,600.0,31.0,4.0,17.0,7
PRO_1113,unknown,51.0,595.0,1.0,1300.0,52.0,10.0,38.0,70
PRO_1114,esporte_lazer,25.0,1002.0,1.0,2433.0,30.0,24.0,24.0,65
PRO_1115,livros_interesse_geral,35.0,1254.0,4.0,1833.0,17.0,17.0,18.0,8
PRO_1116,brinquedos,38.0,1338.0,2.0,150.0,16.0,21.0,11.0,69
PRO_1117,utilidades_domesticas,43.0,165.0,2.0,100.0,30.0,8.0,12.0,49
PRO_1118,moveis_decoracao,49.0,833.0,1.0,1000.0,40.0,8.0,40.0,39
PRO_1119,automotivo,59.0,1655.0,3.0,550.0,16.0,21.0,18.0,5
PRO_1120,fashion_bolsas_e_acessorios,41.0,187.0,1.0,100.0,16.0,16.0,16.0,28
PRO_1121,brinquedos,55.0,1131.0,3.0,1950.0,30.0,35.0,35.0,69
PRO_1122,utilidades_domesticas,30.0,678.0,3.0,267.0,24.0,15.0,12.0,49
PRO_1123,cama_mesa_banho,49.0,486.0,1.0,800.0,43.0,23.0,23.0,7
PRO_1124,fashion_bolsas_e_acessorios,33.0,406.0,1.0,200.0,16.0,8.0,11.0,28
PRO_1125,eletrodomesticos,54.0,192.0,1.0,150.0,27.0,13.0,17.0,44
PRO_1126,telefonia,44.0,101.0,1.0,100.0,20.0,20.0,20.0,68
PRO_1127,automotivo,60.0,968.0,3.0,800.0,16.0,16.0,11.0,5
PRO_1128,telefonia,59.0,540.0,3.0,300.0,17.0,4.0,12.0,68
PRO_1129,fashion_roupa_masculina,54.0,275.0,2.0,750.0,40.0,6.0,35.0,30
PRO_1130,brinquedos,58.0,419.0,5.0,1700.0,30.0,35.0,25.0,69
PRO_1131,telefonia,40.0,1886.0,2.0,300.0,21.0,11.0,14.0,68
PRO_1132,esporte_lazer,56.0,1392.0,4.0,1050.0,40.0,20.0,30.0,65
PRO_1133,pet_shop,41.0,998.0,1.0,533.0,24.0,15.0,16.0,60
PRO_1134,relogios_presentes,40.0,262.0,1.0,600.0,16.0,27.0,17.0,71
PRO_1135,relogios_presentes,49.0,705.0,2.0,500.0,23.0,15.0,19.0,71
PRO_1136,moveis_decoracao,39.0,354.0,1.0,1350.0,30.0,30.0,30.0,39
PRO_1137,cama_mesa_banho,52.0,530.0,6.0,949.0,30.0,20.0,26.0,7
PRO_1138,cama_mesa_banho,54.0,123.0,2.0,350.0,70.0,8.0,45.0,7
PRO_1139,automotivo,58.0,1020.0,3.0,1800.0,34.0,40.0,19.0,5
PRO_1140,beleza_saude,45.0,918.0,1.0,283.0,17.0,11.0,16.0,43
PRO_1141,esporte_lazer,60.0,1412.0,2.0,433.0,16.0,16.0,16.0,65
PRO_1142,eletrodomesticos,54.0,246.0,1.0,100.0,18.0,8.0,13.0,44
PRO_1143,automotivo,51.0,1001.0,1.0,3375.0,47.0,22.0,11.0,5
PRO_1144,beleza_saude,15.0,726.0,1.0,450.0,16.0,2.0,11.0,43
PRO_1145,esporte_lazer,57.0,1537.0,5.0,450.0,30.0,10.0,30.0,65
PRO_1146,cool_stuff,53.0,805.0,1.0,800.0,26.0,15.0,20.0,20
PRO_1147,telefonia,60.0,540.0,6.0,300.0,17.0,4.0,11.0,68
PRO_1148,esporte_lazer,49.0,1840.0,5.0,3350.0,50.0,39.0,12.0,65
PRO_1149,eletrodomesticos,57.0,137.0,1.0,100.0,18.0,8.0,13.0,44
PRO_1150,fashion_bolsas_e_acessorios,60.0,487.0,15.0,500.0,20.0,10.0,20.0,28
PRO_1151,utilidades_domesticas,56.0,1220.0,2.0,500.0,23.0,2.0,23.0,49
PRO_1152,moveis_decoracao,56.0,1750.0,3.0,2450.0,105.0,3.0,70.0,39
PRO_1153,perfumaria,49.0,300.0,1.0,520.0,24.0,13.0,17.0,59
PRO_1154,cama_mesa_banho,39.0,292.0,1.0,1300.0,41.0,7.0,41.0,7
PRO_1155,ferramentas_jardim,56.0,354.0,1.0,5050.0,21.0,35.0,21.0,42
PRO_1156,telefonia,52.0,728.0,1.0,75.0,19.0,5.0,11.0,68
PRO_1157,relogios_presentes,36.0,562.0,1.0,450.0,22.0,14.0,17.0,71
PRO_1158,telefonia,59.0,502.0,1.0,325.0,40.0,10.0,11.0,68
PRO_1159,moveis_decoracao,40.0,94.0,5.0,200.0,16.0,5.0,20.0,39
PRO_1160,moveis_decoracao,63.0,886.0,5.0,30000.0,61.0,70.0,65.0,39
PRO_1161,telefonia,60.0,816.0,1.0,150.0,27.0,5.0,20.0,68
PRO_1162,eletronicos,42.0,943.0,1.0,200.0,20.0,20.0,20.0,26
PRO_1163,cama_mesa_banho,54.0,672.0,2.0,250.0,16.0,10.0,16.0,7
PRO_1164,fashion_underwear_e_moda_praia,47.0,187.0,2.0,100.0,26.0,5.0,18.0,33
PRO_1165,construcao_ferramentas_construcao,60.0,1988.0,3.0,450.0,16.0,14.0,11.0,17
PRO_1166,moveis_decoracao,31.0,479.0,3.0,1000.0,16.0,19.0,29.0,39
PRO_1167,beleza_saude,59.0,763.0,2.0,300.0,20.0,10.0,15.0,43
PRO_1168,utilidades_domesticas,43.0,2372.0,1.0,1350.0,44.0,11.0,25.0,49
PRO_1169,fashion_esporte,51.0,511.0,2.0,200.0,16.0,12.0,12.0,32
PRO_1170,cool_stuff,26.0,1105.0,3.0,200.0,17.0,4.0,13.0,20
PRO_1171,market_place,50.0,312.0,9.0,600.0,29.0,12.0,23.0,54
PRO_1172,instrumentos_musicais,46.0,259.0,1.0,700.0,38.0,4.0,30.0,56
PRO_1173,telefonia,58.0,607.0,3.0,200.0,19.0,4.0,11.0,68
PRO_1174,beleza_saude,24.0,1690.0,1.0,4000.0,30.0,35.0,30.0,43
PRO_1175,eletroportateis,47.0,2378.0,6.0,4683.0,45.0,29.0,22.0,63
PRO_1176,cool_stuff,54.0,661.0,2.0,1450.0,42.0,25.0,15.0,20
PRO_1177,beleza_saude,34.0,336.0,2.0,300.0,16.0,9.0,15.0,43
PRO_1178,cama_mesa_banho,50.0,222.0,1.0,600.0,45.0,15.0,35.0,7
PRO_1179,eletronicos,44.0,293.0,3.0,16850.0,22.0,22.0,18.0,26
PRO_1180,automotivo,53.0,2720.0,5.0,975.0,22.0,6.0,13.0,5
PRO_1181,bebidas,39.0,394.0,1.0,1550.0,16.0,36.0,16.0,24
PRO_1182,eletroportateis,50.0,481.0,1.0,2500.0,25.0,23.0,32.0,63
PRO_1183,esporte_lazer,50.0,736.0,1.0,2350.0,60.0,15.0,43.0,65
PRO_1184,cama_mesa_banho,58.0,295.0,1.0,550.0,60.0,10.0,40.0,7
PRO_1185,automotivo,60.0,1394.0,3.0,2275.0,33.0,7.0,26.0,5
PRO_1186,relogios_presentes,56.0,559.0,2.0,215.0,19.0,13.0,19.0,71
PRO_1187,brinquedos,57.0,925.0,5.0,19450.0,45.0,50.0,45.0,69
PRO_1188,perfumaria,37.0,531.0,1.0,500.0,16.0,16.0,16.0,59
PRO_1189,brinquedos,43.0,223.0,1.0,350.0,45.0,15.0,35.0,69
PRO_1190,relogios_presentes,58.0,195.0,3.0,200.0,16.0,2.0,11.0,71
PRO_1191,perfumaria,58.0,1061.0,2.0,368.0,22.0,15.0,18.0,59
PRO_1192,bebes,33.0,104.0,1.0,750.0,40.0,11.0,35.0,6
PRO_1193,unknown,51.0,595.0,1.0,17900.0,48.0,32.0,28.0,70
PRO_1194,perfumaria,30.0,138.0,1.0,150.0,22.0,7.0,16.0,59
PRO_1195,cama_mesa_banho,46.0,128.0,1.0,250.0,40.0,4.0,30.0,7
PRO_1196,fashion_calcados,42.0,649.0,3.0,700.0,16.0,8.0,18.0,31
PRO_1197,consoles_games,27.0,462.0,1.0,200.0,24.0,3.0,19.0,16
PRO_1198,perfumaria,37.0,641.0,1.0,200.0,16.0,3.0,12.0,59
PRO_1199,cama_mesa_banho,50.0,395.0,1.0,690.0,25.0,11.0,22.0,7
PRO_1200,informatica_acessorios,59.0,211.0,2.0,700.0,30.0,12.0,12.0,15
PRO_1201,artigos_de_festas,25.0,354.0,1.0,350.0,16.0,11.0,11.0,58
PRO_1202,beleza_saude,54.0,2627.0,1.0,700.0,16.0,16.0,15.0,43
PRO_1203,cama_mesa_banho,54.0,660.0,1.0,1050.0,35.0,3.0,30.0,7
PRO_1204,beleza_saude,55.0,865.0,4.0,1350.0,42.0,12.0,11.0,43
PRO_1205,fashion_bolsas_e_acessorios,49.0,378.0,5.0,150.0,16.0,9.0,11.0,28
PRO_1206,papelaria,37.0,129.0,2.0,80.0,17.0,9.0,14.0,66
PRO_1207,fashion_bolsas_e_acessorios,27.0,542.0,2.0,1000.0,20.0,20.0,20.0,28
PRO_1208,moveis_decoracao,63.0,199.0,6.0,3800.0,42.0,16.0,26.0,39
PRO_1209,esporte_lazer,60.0,874.0,1.0,500.0,16.0,30.0,16.0,65
PRO_1210,relogios_presentes,58.0,485.0,3.0,1000.0,17.0,10.0,16.0,71
PRO_1211,bebes,46.0,1947.0,4.0,10000.0,50.0,34.0,50.0,6
PRO_1212,eletroportateis,57.0,270.0,1.0,200.0,20.0,10.0,15.0,63
PRO_1213,malas_acessorios,55.0,1002.0,8.0,850.0,30.0,15.0,15.0,53
PRO_1214,cama_mesa_banho,56.0,557.0,1.0,700.0,16.0,10.0,16.0,7
PRO_1215,telefonia,60.0,1440.0,4.0,225.0,18.0,5.0,16.0,68
PRO_1216,esporte_lazer,54.0,1186.0,1.0,3800.0,31.0,31.0,31.0,65
PRO_1217,informatica_acessorios,60.0,162.0,1.0,1000.0,22.0,22.0,22.0,15
PRO_1218,moveis_decoracao,58.0,1068.0,1.0,680.0,33.0,4.0,33.0,39
PRO_1219,informatica_acessorios,41.0,344.0,2.0,183.0,23.0,14.0,14.0,15
PRO_1220,bebes,49.0,376.0,1.0,450.0,35.0,2.0,25.0,6
PRO_1221,papelaria,54.0,983.0,5.0,8800.0,32.0,5.0,40.0,66
PRO_1222,cool_stuff,55.0,985.0,1.0,1625.0,44.0,24.0,32.0,20
PRO_1223,beleza_saude,25.0,1340.0,1.0,400.0,20.0,9.0,15.0,43
PRO_1224,utilidades_domesticas,47.0,390.0,3.0,525.0,18.0,19.0,16.0,49
PRO_1225,esporte_lazer,42.0,2034.0,1.0,800.0,25.0,25.0,25.0,65
PRO_1226,automotivo,60.0,1409.0,3.0,2200.0,22.0,4.0,22.0,5
PRO_1227,beleza_saude,53.0,2496.0,1.0,200.0,16.0,6.0,11.0,43
PRO_1228,unknown,51.0,595.0,1.0,450.0,16.0,20.0,11.0,70
PRO_1229,construcao_ferramentas_jardim,33.0,164.0,1.0,200.0,16.0,16.0,12.0,21
PRO_1230,brinquedos,59.0,1961.0,6.0,950.0,35.0,6.0,25.0,69
PRO_1231,construcao_ferramentas_jardim,57.0,1289.0,1.0,1300.0,60.0,13.0,23.0,21
PRO_1232,informatica_acessorios,46.0,518.0,1.0,850.0,35.0,15.0,15.0,15
PRO_1233,eletrodomesticos,59.0,754.0,1.0,16350.0,25.0,25.0,25.0,44
PRO_1234,papelaria,60.0,126.0,3.0,6150.0,25.0,55.0,45.0,66
PRO_1235,informatica_acessorios,30.0,642.0,2.0,200.0,20.0,10.0,15.0,15
PRO_1236,instrumentos_musicais,23.0,816.0,1.0,9100.0,55.0,25.0,35.0,56
PRO_1237,telefonia,47.0,816.0,2.0,300.0,16.0,5.0,12.0,68
PRO_1238,perfumaria,36.0,47.0,1.0,210.0,17.0,11.0,14.0,59
PRO_1239,informatica_acessorios,51.0,518.0,1.0,214.0,18.0,14.0,13.0,15
PRO_1240,cool_stuff,25.0,258.0,1.0,10600.0,57.0,34.0,37.0,20
PRO_1241,casa_construcao,51.0,1558.0,2.0,300.0,27.0,8.0,21.0,48
PRO_1242,moveis_decoracao,59.0,438.0,1.0,900.0,30.0,4.0,20.0,39
PRO_1243,utilidades_domesticas,60.0,512.0,1.0,500.0,16.0,30.0,40.0,49
PRO_1244,utilidades_domesticas,49.0,539.0,3.0,3350.0,22.0,17.0,23.0,49
PRO_1245,cama_mesa_banho,58.0,781.0,1.0,500.0,20.0,10.0,20.0,7
PRO_1246,moveis_decoracao,63.0,395.0,1.0,150.0,25.0,5.0,20.0,39
PRO_1247,relogios_presentes,58.0,401.0,2.0,200.0,16.0,2.0,20.0,71
PRO_1248,informatica_acessorios,59.0,129.0,2.0,100.0,16.0,8.0,11.0,15
PRO_1249,moveis_decoracao,43.0,471.0,1.0,700.0,20.0,20.0,20.0,39
PRO_1250,consoles_games,23.0,1537.0,1.0,200.0,21.0,5.0,14.0,16
PRO_1251,relogios_presentes,60.0,272.0,5.0,300.0,16.0,2.0,11.0,71
PRO_1252,fashion_calcados,57.0,404.0,4.0,750.0,22.0,12.0,33.0,31
PRO_1253,sinalizacao_e_seguranca,47.0,686.0,1.0,233.0,22.0,17.0,15.0,62
PRO_1254,esporte_lazer,31.0,792.0,3.0,400.0,23.0,20.0,15.0,65
PRO_1255,bebidas,28.0,932.0,1.0,1400.0,25.0,25.0,25.0,24
PRO_1256,moveis_escritorio,51.0,2206.0,1.0,20500.0,58.0,28.0,58.0,57
PRO_1257,moveis_decoracao,57.0,2260.0,3.0,1550.0,69.0,11.0,11.0,39
PRO_1258,unknown,51.0,595.0,1.0,1600.0,38.0,28.0,40.0,70
PRO_1259,esporte_lazer,60.0,1461.0,1.0,2850.0,16.0,15.0,15.0,65
PRO_1260,cama_mesa_banho,40.0,185.0,2.0,300.0,20.0,10.0,20.0,7
PRO_1261,beleza_saude,52.0,1796.0,1.0,2100.0,30.0,17.0,17.0,43
PRO_1262,papelaria,40.0,264.0,8.0,550.0,25.0,7.0,20.0,66
PRO_1263,fashion_bolsas_e_acessorios,52.0,1519.0,2.0,200.0,16.0,2.0,20.0,28
PRO_1264,telefonia_fixa,57.0,631.0,1.0,725.0,22.0,12.0,17.0,34
PRO_1265,bebes,57.0,1644.0,3.0,500.0,23.0,33.0,11.0,6
PRO_1266,automotivo,51.0,346.0,2.0,200.0,16.0,16.0,12.0,5
PRO_1267,artigos_de_natal,60.0,298.0,9.0,4200.0,40.0,35.0,40.0,12
PRO_1268,esporte_lazer,63.0,213.0,4.0,1600.0,26.0,26.0,26.0,65
PRO_1269,automotivo,56.0,882.0,4.0,450.0,16.0,9.0,15.0,5
PRO_1270,esporte_lazer,55.0,1889.0,5.0,650.0,38.0,10.0,28.0,65
PRO_1271,cool_stuff,58.0,681.0,3.0,275.0,16.0,16.0,13.0,20
PRO_1272,cama_mesa_banho,55.0,198.0,1.0,2200.0,35.0,20.0,30.0,7
PRO_1273,brinquedos,58.0,78.0,2.0,367.0,29.0,21.0,21.0,69
PRO_1274,beleza_saude,49.0,1490.0,1.0,850.0,31.0,14.0,20.0,43
PRO_1275,papelaria,57.0,487.0,2.0,150.0,16.0,6.0,11.0,66
PRO_1276,cama_mesa_banho,59.0,575.0,2.0,4150.0,51.0,11.0,51.0,7
PRO_1277,moveis_decoracao,47.0,610.0,1.0,2550.0,30.0,35.0,30.0,39
PRO_1278,automotivo,44.0,1335.0,1.0,250.0,18.0,11.0,14.0,5
PRO_1279,moveis_decoracao,54.0,602.0,2.0,1700.0,69.0,20.0,53.0,39
PRO_1280,cama_mesa_banho,59.0,223.0,1.0,2150.0,45.0,13.0,35.0,7
PRO_1281,esporte_lazer,40.0,1213.0,5.0,300.0,40.0,10.0,15.0,65
PRO_1282,esporte_lazer,52.0,303.0,1.0,150.0,25.0,5.0,20.0,65
PRO_1283,utilidades_domesticas,53.0,810.0,1.0,6500.0,63.0,14.0,44.0,49
PRO_1284,consoles_games,58.0,1388.0,2.0,700.0,25.0,25.0,16.0,16
PRO_1285,audio,37.0,329.0,4.0,200.0,18.0,6.0,16.0,4
PRO_1286,unknown,51.0,595.0,1.0,50.0,16.0,2.0,11.0,70
PRO_1287,unknown,51.0,595.0,1.0,1000.0,30.0,30.0,30.0,70
PRO_1288,papelaria,59.0,240.0,3.0,10100.0,28.0,55.0,37.0,66
PRO_1289,utilidades_domesticas,60.0,213.0,1.0,450.0,16.0,30.0,11.0,49
PRO_1290,unknown,51.0,595.0,1.0,2500.0,26.0,25.0,47.0,70
PRO_1291,eletroportateis,51.0,1164.0,2.0,1000.0,28.0,20.0,28.0,63
PRO_1292,brinquedos,23.0,273.0,1.0,125.0,22.0,7.0,14.0,69
PRO_1293,beleza_saude,45.0,1544.0,1.0,2000.0,22.0,12.0,16.0,43
PRO_1294,informatica_acessorios,56.0,617.0,1.0,1583.0,18.0,15.0,12.0,15
PRO_1295,bebes,60.0,865.0,1.0,500.0,23.0,23.0,23.0,6
PRO_1296,fashion_bolsas_e_acessorios,55.0,89.0,1.0,200.0,16.0,2.0,11.0,28
PRO_1297,informatica_acessorios,43.0,275.0,1.0,900.0,30.0,15.0,15.0,15
PRO_1298,automotivo,58.0,296.0,4.0,100.0,16.0,20.0,11.0,5
PRO_1299,utilidades_domesticas,54.0,1023.0,2.0,3150.0,34.0,18.0,19.0,49
PRO_1300,eletroportateis,25.0,812.0,1.0,17325.0,35.0,40.0,40.0,63
PRO_1301,beleza_saude,39.0,3580.0,1.0,375.0,29.0,4.0,16.0,43
PRO_1302,beleza_saude,33.0,542.0,1.0,1100.0,20.0,14.0,16.0,43
PRO_1303,automotivo,57.0,667.0,6.0,4450.0,56.0,11.0,32.0,5
PRO_1304,bebes,41.0,243.0,1.0,133.0,21.0,8.0,14.0,6
PRO_1305,brinquedos,52.0,882.0,7.0,50.0,20.0,8.0,17.0,69
PRO_1306,malas_acessorios,48.0,956.0,1.0,100.0,30.0,8.0,25.0,53
PRO_1307,cama_mesa_banho,54.0,505.0,1.0,250.0,16.0,10.0,16.0,7
PRO_1308,bebidas,36.0,1481.0,1.0,2775.0,16.0,38.0,11.0,24
PRO_1309,fashion_calcados,35.0,222.0,5.0,500.0,29.0,12.0,23.0,31
PRO_1310,moveis_decoracao,59.0,2434.0,2.0,400.0,69.0,11.0,11.0,39
PRO_1311,eletrodomesticos,60.0,392.0,1.0,1850.0,20.0,8.0,13.0,44
PRO_1312,moveis_decoracao,56.0,282.0,1.0,1250.0,45.0,8.0,35.0,39
PRO_1313,papelaria,36.0,495.0,1.0,250.0,19.0,3.0,14.0,66
PRO_1314,bebes,55.0,1635.0,1.0,600.0,20.0,13.0,13.0,6
PRO_1315,informatica_acessorios,34.0,518.0,1.0,950.0,26.0,16.0,16.0,15
PRO_1316,utilidades_domesticas,49.0,403.0,1.0,8450.0,19.0,48.0,27.0,49
PRO_1317,esporte_lazer,39.0,1659.0,1.0,850.0,16.0,16.0,16.0,65
PRO_1318,papelaria,34.0,684.0,2.0,300.0,16.0,5.0,11.0,66
PRO_1319,informatica_acessorios,40.0,522.0,3.0,200.0,20.0,20.0,20.0,15
PRO_1320,eletrodomesticos,59.0,113.0,10.0,10750.0,50.0,50.0,50.0,44
PRO_1321,esporte_lazer,58.0,301.0,3.0,250.0,25.0,25.0,25.0,65
PRO_1322,livros_interesse_geral,54.0,626.0,2.0,550.0,25.0,5.0,18.0,8
PRO_1323,utilidades_domesticas,46.0,180.0,2.0,400.0,23.0,6.0,15.0,49
PRO_1324,beleza_saude,42.0,1158.0,1.0,550.0,17.0,9.0,13.0,43
PRO_1325,fashion_calcados,40.0,303.0,12.0,500.0,29.0,7.0,16.0,31
PRO_1326,relogios_presentes,38.0,361.0,1.0,500.0,18.0,11.0,14.0,71
PRO_1327,utilidades_domesticas,41.0,171.0,1.0,4513.0,47.0,32.0,25.0,49
PRO_1328,esporte_lazer,55.0,385.0,1.0,768.0,15.0,13.0,13.0,65
PRO_1329,relogios_presentes,39.0,615.0,1.0,530.0,18.0,9.0,13.0,71
PRO_1330,telefonia,49.0,79.0,1.0,375.0,18.0,10.0,16.0,68
PRO_1331,moveis_decoracao,42.0,1405.0,3.0,150.0,35.0,2.0,25.0,39
PRO_1332,informatica_acessorios,29.0,863.0,4.0,500.0,16.0,16.0,16.0,15
PRO_1333,telefonia,49.0,426.0,2.0,150.0,18.0,6.0,13.0,68
PRO_1334,papelaria,47.0,1076.0,2.0,1300.0,25.0,5.0,20.0,66
PRO_1335,cool_stuff,23.0,779.0,2.0,7100.0,36.0,47.0,32.0,20
PRO_1336,cool_stuff,47.0,1369.0,2.0,20600.0,53.0,45.0,53.0,20
PRO_1337,beleza_saude,43.0,1145.0,1.0,300.0,21.0,6.0,14.0,43
PRO_1338,moveis_decoracao,63.0,641.0,1.0,200.0,27.0,10.0,12.0,39
PRO_1339,cool_stuff,47.0,832.0,3.0,13900.0,34.0,93.0,34.0,20
PRO_1340,utilidades_domesticas,36.0,565.0,3.0,1100.0,30.0,25.0,30.0,49
PRO_1341,cama_mesa_banho,60.0,268.0,1.0,2650.0,46.0,8.0,38.0,7
PRO_1342,esporte_lazer,48.0,652.0,3.0,1200.0,25.0,30.0,25.0,65
PRO_1343,beleza_saude,40.0,664.0,1.0,4800.0,27.0,22.0,39.0,43
PRO_1344,esporte_lazer,59.0,1119.0,1.0,932.0,23.0,24.0,21.0,65
PRO_1345,moveis_decoracao,54.0,241.0,4.0,1050.0,32.0,12.0,32.0,39
PRO_1346,esporte_lazer,31.0,325.0,1.0,920.0,25.0,24.0,22.0,65
PRO_1347,pet_shop,46.0,845.0,1.0,500.0,25.0,20.0,20.0,60
PRO_1348,cool_stuff,55.0,733.0,3.0,600.0,42.0,25.0,15.0,20
PRO_1349,informatica_acessorios,54.0,557.0,5.0,150.0,16.0,8.0,11.0,15
PRO_1350,bebes,18.0,1102.0,3.0,700.0,20.0,8.0,14.0,6
PRO_1351,cama_mesa_banho,57.0,444.0,2.0,1100.0,50.0,16.0,16.0,7
PRO_1352,utilidades_domesticas,50.0,525.0,1.0,400.0,30.0,30.0,30.0,49
PRO_1353,pet_shop,51.0,230.0,1.0,300.0,20.0,10.0,15.0,60
PRO_1354,automotivo,54.0,1120.0,4.0,1350.0,25.0,10.0,20.0,5
PRO_1355,pet_shop,26.0,784.0,1.0,150.0,30.0,20.0,20.0,60
PRO_1356,automotivo,55.0,655.0,5.0,2400.0,30.0,28.0,30.0,5
PRO_1357,livros_tecnicos,28.0,1499.0,1.0,450.0,33.0,6.0,22.0,10
PRO_1358,consoles_games,47.0,1338.0,2.0,600.0,18.0,12.0,18.0,16
PRO_1359,unknown,51.0,595.0,1.0,200.0,16.0,2.0,11.0,70
PRO_1360,esporte_lazer,36.0,1703.0,1.0,269.0,22.0,16.0,19.0,65
PRO_1361,esporte_lazer,55.0,664.0,1.0,700.0,20.0,12.0,20.0,65
PRO_1362,eletrodomesticos,60.0,462.0,1.0,100.0,18.0,8.0,13.0,44
PRO_1363,pet_shop,52.0,458.0,3.0,150.0,26.0,6.0,19.0,60
PRO_1364,cama_mesa_banho,56.0,396.0,1.0,14750.0,58.0,28.0,48.0,7
PRO_1365,ferramentas_jardim,36.0,399.0,2.0,550.0,27.0,8.0,20.0,42
PRO_1366,pet_shop,41.0,302.0,1.0,14725.0,54.0,25.0,37.0,60
PRO_1367,moveis_decoracao,58.0,1722.0,2.0,550.0,52.0,11.0,11.0,39
PRO_1368,brinquedos,52.0,752.0,3.0,1232.0,38.0,18.0,25.0,69
PRO_1369,automotivo,59.0,710.0,1.0,2413.0,69.0,39.0,57.0,5
PRO_1370,cama_mesa_banho,53.0,155.0,3.0,2000.0,38.0,14.0,25.0,7
PRO_1371,esporte_lazer,52.0,855.0,2.0,600.0,16.0,6.0,16.0,65
PRO_1372,moveis_decoracao,53.0,1143.0,2.0,500.0,65.0,11.0,11.0,39
PRO_1373,esporte_lazer,52.0,1541.0,1.0,400.0,33.0,20.0,20.0,65
PRO_1374,esporte_lazer,57.0,382.0,2.0,150.0,20.0,10.0,20.0,65
PRO_1375,utilidades_domesticas,59.0,320.0,1.0,1550.0,32.0,40.0,23.0,49
PRO_1376,telefonia,59.0,824.0,3.0,175.0,16.0,5.0,11.0,68
PRO_1377,construcao_ferramentas_construcao,58.0,338.0,1.0,2900.0,23.0,8.0,23.0,17
PRO_1378,brinquedos,59.0,257.0,3.0,900.0,30.0,4.0,20.0,69
PRO_1379,cama_mesa_banho,52.0,433.0,1.0,1050.0,22.0,16.0,18.0,7
PRO_1380,moveis_decoracao,56.0,1953.0,1.0,750.0,69.0,11.0,11.0,39
PRO_1381,moveis_decoracao,55.0,585.0,1.0,250.0,35.0,5.0,20.0,39
PRO_1382,eletronicos,39.0,2154.0,3.0,100.0,20.0,5.0,12.0,26
PRO_1383,esporte_lazer,24.0,254.0,3.0,150.0,20.0,6.0,14.0,65
PRO_1384,ferramentas_jardim,41.0,515.0,1.0,400.0,30.0,15.0,20.0,42
PRO_1385,unknown,51.0,595.0,1.0,1000.0,31.0,21.0,24.0,70
PRO_1386,papelaria,45.0,355.0,1.0,1200.0,32.0,6.0,26.0,66
PRO_1387,moveis_decoracao,60.0,600.0,1.0,650.0,25.0,25.0,25.0,39
PRO_1388,telefonia,57.0,98.0,4.0,300.0,20.0,30.0,20.0,68
PRO_1389,eletroportateis,59.0,516.0,1.0,300.0,16.0,35.0,25.0,63
PRO_1390,brinquedos,45.0,553.0,5.0,2300.0,98.0,12.0,20.0,69
PRO_1391,beleza_saude,54.0,326.0,1.0,200.0,16.0,21.0,23.0,43
PRO_1392,beleza_saude,29.0,682.0,3.0,859.0,25.0,20.0,18.0,43
PRO_1393,bebes,59.0,2270.0,2.0,350.0,69.0,11.0,11.0,6
PRO_1394,cama_mesa_banho,49.0,155.0,4.0,96.0,25.0,8.0,19.0,7
PRO_1395,relogios_presentes,59.0,901.0,2.0,400.0,16.0,11.0,12.0,71
PRO_1396,papelaria,45.0,151.0,2.0,233.0,20.0,11.0,15.0,66
PRO_1397,telefonia,53.0,285.0,1.0,100.0,19.0,4.0,11.0,68
PRO_1398,eletroportateis,33.0,395.0,1.0,3700.0,28.0,39.0,39.0,63
PRO_1399,esporte_lazer,50.0,258.0,2.0,1000.0,60.0,15.0,15.0,65
PRO_1400,bebes,48.0,776.0,2.0,500.0,20.0,15.0,15.0,6
PRO_1401,eletronicos,60.0,506.0,1.0,2150.0,30.0,30.0,30.0,26
PRO_1402,automotivo,57.0,1031.0,4.0,6250.0,40.0,30.0,30.0,5
PRO_1403,esporte_lazer,58.0,2584.0,1.0,1800.0,16.0,16.0,16.0,65
PRO_1404,moveis_decoracao,59.0,1941.0,4.0,2750.0,105.0,3.0,70.0,39
PRO_1405,cama_mesa_banho,59.0,123.0,2.0,300.0,40.0,8.0,30.0,7
PRO_1406,unknown,51.0,595.0,1.0,1200.0,33.0,2.0,27.0,70
PRO_1407,informatica_acessorios,59.0,1130.0,2.0,243.0,17.0,15.0,12.0,15
PRO_1408,telefonia,38.0,414.0,1.0,150.0,19.0,5.0,20.0,68
PRO_1409,cama_mesa_banho,47.0,701.0,1.0,1000.0,50.0,12.0,12.0,7
PRO_1410,climatizacao,57.0,171.0,2.0,200.0,21.0,8.0,17.0,1
PRO_1411,brinquedos,57.0,364.0,1.0,950.0,68.0,42.0,16.0,69
PRO_1412,construcao_ferramentas_construcao,43.0,408.0,2.0,6397.0,50.0,24.0,48.0,17
PRO_1413,agro_industria_e_comercio,59.0,693.0,6.0,1900.0,45.0,15.0,40.0,0
PRO_1414,market_place,62.0,602.0,1.0,200.0,16.0,16.0,16.0,54
PRO_1415,esporte_lazer,54.0,1786.0,1.0,150.0,20.0,20.0,20.0,65
PRO_1416,cama_mesa_banho,60.0,189.0,1.0,1900.0,36.0,7.0,29.0,7
PRO_1417,pet_shop,50.0,437.0,2.0,150.0,16.0,12.0,15.0,60
PRO_1418,cama_mesa_banho,47.0,718.0,1.0,700.0,28.0,8.0,22.0,7
PRO_1419,moveis_escritorio,63.0,1352.0,1.0,25400.0,64.0,30.0,74.0,57
PRO_1420,brinquedos,41.0,177.0,1.0,900.0,24.0,19.0,17.0,69
PRO_1421,informatica_acessorios,51.0,306.0,1.0,175.0,16.0,12.0,14.0,15
PRO_1422,moveis_sala,31.0,607.0,2.0,9750.0,27.0,15.0,92.0,40
PRO_1423,automotivo,57.0,1062.0,3.0,1750.0,35.0,10.0,35.0,5
PRO_1424,beleza_saude,48.0,2654.0,1.0,1188.0,19.0,12.0,17.0,43
PRO_1425,automotivo,58.0,703.0,6.0,5650.0,47.0,19.0,23.0,5
PRO_1426,relogios_presentes,43.0,315.0,1.0,488.0,16.0,12.0,13.0,71
PRO_1427,perfumaria,55.0,700.0,1.0,500.0,23.0,8.0,15.0,59
PRO_1428,telefonia,51.0,419.0,1.0,350.0,16.0,6.0,11.0,68
PRO_1429,automotivo,54.0,666.0,1.0,3850.0,65.0,25.0,25.0,5
PRO_1430,climatizacao,60.0,3067.0,3.0,300.0,21.0,8.0,17.0,1
PRO_1431,telefonia,19.0,288.0,1.0,203.0,14.0,16.0,14.0,68
PRO_1432,cama_mesa_banho,56.0,527.0,5.0,825.0,29.0,17.0,28.0,7
PRO_1433,informatica_acessorios,37.0,978.0,3.0,1500.0,25.0,15.0,25.0,15
PRO_1434,utilidades_domesticas,53.0,534.0,1.0,4000.0,51.0,25.0,26.0,49
PRO_1435,relogios_presentes,54.0,657.0,1.0,250.0,24.0,10.0,14.0,71
PRO_1436,cama_mesa_banho,59.0,297.0,1.0,2450.0,35.0,10.0,35.0,7
PRO_1437,relogios_presentes,31.0,944.0,2.0,283.0,19.0,14.0,19.0,71
PRO_1438,esporte_lazer,60.0,723.0,1.0,600.0,50.0,12.0,18.0,65
PRO_1439,informatica_acessorios,56.0,901.0,1.0,280.0,20.0,15.0,14.0,15
PRO_1440,moveis_decoracao,61.0,157.0,9.0,3250.0,41.0,15.0,25.0,39
PRO_1441,cama_mesa_banho,54.0,269.0,1.0,1600.0,43.0,15.0,32.0,7
PRO_1442,moveis_sala,37.0,313.0,2.0,4350.0,58.0,16.0,53.0,40
PRO_1443,esporte_lazer,39.0,273.0,4.0,200.0,20.0,6.0,13.0,65
PRO_1444,utilidades_domesticas,36.0,2600.0,1.0,850.0,43.0,5.0,24.0,49
PRO_1445,perfumaria,47.0,918.0,1.0,150.0,16.0,9.0,11.0,59
PRO_1446,utilidades_domesticas,37.0,671.0,1.0,1150.0,31.0,29.0,31.0,49
PRO_1447,esporte_lazer,52.0,1450.0,1.0,1900.0,38.0,25.0,26.0,65
PRO_1448,utilidades_domesticas,40.0,307.0,1.0,1500.0,50.0,16.0,30.0,49
PRO_1449,ferramentas_jardim,44.0,415.0,2.0,5650.0,30.0,25.0,45.0,42
PRO_1450,cool_stuff,41.0,1471.0,1.0,876.0,24.0,23.0,21.0,20
PRO_1451,utilidades_domesticas,46.0,452.0,1.0,26200.0,38.0,33.0,28.0,49
PRO_1452,beleza_saude,46.0,498.0,1.0,440.0,19.0,15.0,14.0,43
PRO_1453,utilidades_domesticas,49.0,821.0,3.0,500.0,16.0,15.0,15.0,49
PRO_1454,unknown,51.0,595.0,1.0,3600.0,39.0,10.0,35.0,70
PRO_1455,utilidades_domesticas,47.0,469.0,1.0,9650.0,22.0,52.0,42.0,49
PRO_1456,utilidades_domesticas,44.0,916.0,2.0,950.0,53.0,5.0,13.0,49
PRO_1457,beleza_saude,53.0,841.0,4.0,1900.0,28.0,5.0,16.0,43
PRO_1458,ferramentas_jardim,57.0,492.0,1.0,25000.0,40.0,40.0,40.0,42
PRO_1459,ferramentas_jardim,34.0,404.0,2.0,125.0,18.0,18.0,18.0,42
PRO_1460,cama_mesa_banho,60.0,662.0,1.0,1150.0,22.0,4.0,28.0,7
PRO_1461,cama_mesa_banho,41.0,735.0,5.0,800.0,20.0,20.0,20.0,7
PRO_1462,bebes,38.0,235.0,2.0,9400.0,75.0,15.0,50.0,6
PRO_1463,esporte_lazer,27.0,202.0,5.0,400.0,70.0,10.0,20.0,65
PRO_1464,esporte_lazer,50.0,315.0,4.0,250.0,22.0,6.0,15.0,65
PRO_1465,relogios_presentes,58.0,509.0,4.0,300.0,16.0,2.0,20.0,71
PRO_1466,brinquedos,58.0,454.0,4.0,390.0,33.0,9.0,18.0,69
PRO_1467,malas_acessorios,51.0,1494.0,10.0,1050.0,30.0,15.0,15.0,53
PRO_1468,cama_mesa_banho,53.0,714.0,1.0,1200.0,33.0,18.0,26.0,7
PRO_1469,brinquedos,16.0,508.0,2.0,300.0,16.0,5.0,16.0,69
PRO_1470,construcao_ferramentas_construcao,44.0,1455.0,6.0,30000.0,100.0,50.0,50.0,17
PRO_1471,utilidades_domesticas,32.0,1172.0,4.0,1200.0,50.0,10.0,15.0,49
PRO_1472,moveis_decoracao,54.0,681.0,4.0,450.0,16.0,21.0,16.0,39
PRO_1473,papelaria,39.0,257.0,2.0,500.0,28.0,12.0,21.0,66
PRO_1474,papelaria,55.0,325.0,3.0,500.0,16.0,11.0,11.0,66
PRO_1475,beleza_saude,55.0,1202.0,3.0,500.0,20.0,10.0,20.0,43
PRO_1476,beleza_saude,38.0,1145.0,2.0,200.0,21.0,8.0,11.0,43
PRO_1477,papelaria,54.0,724.0,2.0,200.0,16.0,7.0,27.0,66
PRO_1478,perfumaria,42.0,931.0,2.0,228.0,18.0,8.0,14.0,59
PRO_1479,cama_mesa_banho,59.0,430.0,1.0,2900.0,42.0,11.0,36.0,7
PRO_1480,brinquedos,58.0,884.0,1.0,250.0,20.0,15.0,20.0,69
PRO_1481,unknown,51.0,595.0,1.0,17100.0,42.0,80.0,30.0,70
PRO_1482,moveis_decoracao,50.0,488.0,3.0,700.0,32.0,4.0,23.0,39
PRO_1483,eletronicos,57.0,1198.0,2.0,250.0,20.0,20.0,20.0,26
PRO_1484,esporte_lazer,37.0,377.0,1.0,300.0,20.0,17.0,17.0,65
PRO_1485,fashion_bolsas_e_acessorios,30.0,358.0,5.0,150.0,16.0,5.0,11.0,28
PRO_1486,cama_mesa_banho,59.0,1841.0,1.0,2350.0,28.0,10.0,28.0,7
PRO_1487,utilidades_domesticas,30.0,718.0,3.0,100.0,17.0,28.0,11.0,49
PRO_1488,esporte_lazer,45.0,190.0,2.0,400.0,29.0,20.0,37.0,65
PRO_1489,perfumaria,47.0,313.0,1.0,500.0,16.0,17.0,15.0,59
PRO_1490,fashion_roupa_infanto_juvenil,47.0,327.0,3.0,300.0,30.0,20.0,20.0,29
PRO_1491,automotivo,52.0,1236.0,1.0,200.0,20.0,6.0,17.0,5
PRO_1492,fashion_bolsas_e_acessorios,31.0,824.0,1.0,100.0,16.0,5.0,16.0,28
PRO_1493,livros_tecnicos,36.0,890.0,1.0,950.0,29.0,3.0,21.0,10
PRO_1494,papelaria,51.0,749.0,2.0,200.0,16.0,7.0,27.0,66
PRO_1495,bebes,58.0,1515.0,1.0,8300.0,20.0,30.0,82.0,6
PRO_1496,brinquedos,47.0,719.0,3.0,1200.0,17.0,21.0,37.0,69
PRO_1497,moveis_escritorio,53.0,1092.0,1.0,8638.0,51.0,62.0,26.0,57
PRO_1498,pcs,55.0,3610.0,4.0,2400.0,16.0,31.0,39.0,14
PRO_1499,esporte_lazer,59.0,355.0,1.0,3450.0,16.0,105.0,55.0,65
PRO_1500,beleza_saude,50.0,686.0,1.0,452.0,25.0,11.0,15.0,43
PRO_1501,informatica_acessorios,57.0,740.0,1.0,1000.0,28.0,15.0,15.0,15
PRO_1502,fashion_bolsas_e_acessorios,54.0,434.0,6.0,120.0,17.0,9.0,17.0,28
PRO_1503,cama_mesa_banho,57.0,677.0,1.0,1200.0,28.0,14.0,16.0,7
PRO_1504,brinquedos,34.0,721.0,2.0,4800.0,60.0,20.0,47.0,69
PRO_1505,beleza_saude,56.0,1448.0,1.0,1450.0,35.0,15.0,20.0,43
PRO_1506,automotivo,47.0,660.0,1.0,13300.0,62.0,62.0,21.0,5
PRO_1507,casa_construcao,53.0,871.0,6.0,450.0,16.0,20.0,16.0,48
PRO_1508,cama_mesa_banho,44.0,459.0,1.0,2150.0,47.0,9.0,38.0,7
PRO_1509,fashion_bolsas_e_acessorios,25.0,202.0,3.0,250.0,18.0,9.0,11.0,28
PRO_1510,utilidades_domesticas,51.0,897.0,2.0,450.0,20.0,10.0,20.0,49
PRO_1511,fashion_bolsas_e_acessorios,53.0,133.0,5.0,150.0,16.0,9.0,11.0,28
PRO_1512,moveis_decoracao,59.0,2001.0,3.0,850.0,69.0,11.0,11.0,39
PRO_1513,papelaria,53.0,367.0,1.0,2343.0,32.0,39.0,35.0,66
PRO_1514,eletronicos,39.0,559.0,1.0,400.0,18.0,8.0,11.0,26
PRO_1515,beleza_saude,50.0,193.0,1.0,30000.0,67.0,64.0,61.0,43
PRO_1516,consoles_games,27.0,205.0,3.0,550.0,34.0,7.0,19.0,16
PRO_1517,esporte_lazer,59.0,2087.0,1.0,200.0,35.0,15.0,15.0,65
PRO_1518,automotivo,59.0,131.0,1.0,750.0,30.0,8.0,30.0,5
PRO_1519,relogios_presentes,57.0,634.0,2.0,120.0,17.0,12.0,13.0,71
PRO_1520,beleza_saude,42.0,639.0,1.0,350.0,19.0,12.0,13.0,43
PRO_1521,consoles_games,30.0,288.0,1.0,200.0,25.0,20.0,15.0,16
PRO_1522,brinquedos,48.0,1156.0,1.0,300.0,17.0,10.0,12.0,69
PRO_1523,perfumaria,42.0,3923.0,1.0,150.0,16.0,8.0,11.0,59
PRO_1524,automotivo,57.0,326.0,2.0,100.0,16.0,10.0,15.0,5
PRO_1525,automotivo,59.0,2034.0,6.0,1975.0,42.0,28.0,31.0,5
PRO_1526,ferramentas_jardim,30.0,2284.0,1.0,1450.0,26.0,15.0,23.0,42
PRO_1527,telefonia,60.0,710.0,2.0,150.0,17.0,8.0,11.0,68
PRO_1528,moveis_decoracao,34.0,259.0,2.0,5700.0,40.0,30.0,40.0,39
PRO_1529,telefonia,60.0,361.0,3.0,150.0,21.0,7.0,14.0,68
PRO_1530,fashion_bolsas_e_acessorios,39.0,412.0,5.0,500.0,30.0,26.0,22.0,28
PRO_1531,papelaria,52.0,177.0,1.0,1000.0,36.0,6.0,29.0,66
PRO_1532,unknown,51.0,595.0,1.0,7000.0,55.0,30.0,45.0,70
PRO_1533,cama_mesa_banho,58.0,231.0,1.0,1600.0,40.0,5.0,30.0,7
PRO_1534,cama_mesa_banho,56.0,383.0,1.0,600.0,16.0,10.0,16.0,7
PRO_1535,esporte_lazer,35.0,1385.0,2.0,650.0,16.0,2.0,11.0,65
PRO_1536,unknown,51.0,595.0,1.0,3550.0,40.0,10.0,40.0,70
PRO_1537,eletrodomesticos,59.0,207.0,3.0,300.0,40.0,25.0,25.0,44
PRO_1538,fashion_bolsas_e_acessorios,55.0,255.0,1.0,150.0,21.0,9.0,14.0,28
PRO_1539,utilidades_domesticas,49.0,1012.0,2.0,500.0,24.0,20.0,23.0,49
PRO_1540,brinquedos,43.0,713.0,3.0,700.0,35.0,7.0,35.0,69
PRO_1541,brinquedos,53.0,724.0,1.0,1400.0,30.0,22.0,22.0,69
PRO_1542,esporte_lazer,39.0,691.0,1.0,200.0,18.0,8.0,14.0,65
PRO_1543,brinquedos,49.0,1214.0,2.0,400.0,23.0,20.0,20.0,69
PRO_1544,cama_mesa_banho,41.0,111.0,1.0,350.0,40.0,4.0,30.0,7
PRO_1545,moveis_decoracao,53.0,811.0,3.0,400.0,50.0,3.0,25.0,39
PRO_1546,perfumaria,25.0,549.0,1.0,550.0,19.0,13.0,18.0,59
PRO_1547,eletrodomesticos,49.0,790.0,2.0,700.0,20.0,6.0,11.0,44
PRO_1548,relogios_presentes,58.0,486.0,7.0,250.0,16.0,2.0,11.0,71
PRO_1549,automotivo,31.0,728.0,2.0,25100.0,64.0,64.0,49.0,5
PRO_1550,moveis_escritorio,43.0,1207.0,1.0,14550.0,56.0,60.0,36.0,57
PRO_1551,cama_mesa_banho,42.0,355.0,1.0,4200.0,53.0,20.0,34.0,7
PRO_1552,construcao_ferramentas_construcao,52.0,510.0,7.0,7300.0,35.0,14.0,35.0,17
PRO_1553,cama_mesa_banho,49.0,638.0,2.0,1150.0,32.0,17.0,22.0,7
PRO_1554,utilidades_domesticas,28.0,321.0,2.0,600.0,26.0,11.0,11.0,49
PRO_1555,automotivo,55.0,713.0,6.0,3650.0,56.0,6.0,76.0,5
PRO_1556,cool_stuff,33.0,897.0,1.0,1600.0,42.0,25.0,15.0,20
PRO_1557,informatica_acessorios,54.0,816.0,4.0,3950.0,20.0,10.0,20.0,15
PRO_1558,unknown,51.0,595.0,1.0,2700.0,44.0,13.0,44.0,70
PRO_1559,cama_mesa_banho,52.0,411.0,1.0,2550.0,42.0,16.0,36.0,7
PRO_1560,cama_mesa_banho,55.0,139.0,3.0,950.0,36.0,6.0,27.0,7
PRO_1561,utilidades_domesticas,52.0,739.0,3.0,8850.0,56.0,30.0,34.0,49
PRO_1562,beleza_saude,50.0,440.0,5.0,300.0,28.0,7.0,21.0,43
PRO_1563,papelaria,44.0,207.0,1.0,200.0,21.0,7.0,14.0,66
PRO_1564,esporte_lazer,50.0,1290.0,3.0,750.0,25.0,7.0,25.0,65
PRO_1565,pet_shop,39.0,619.0,1.0,140.0,19.0,12.0,15.0,60
PRO_1566,papelaria,45.0,319.0,2.0,1450.0,20.0,35.0,29.0,66
PRO_1567,informatica_acessorios,38.0,488.0,1.0,300.0,27.0,5.0,20.0,15
PRO_1568,cool_stuff,53.0,330.0,1.0,2000.0,35.0,44.0,19.0,20
PRO_1569,esporte_lazer,57.0,731.0,1.0,145.0,22.0,18.0,14.0,65
PRO_1570,bebes,42.0,831.0,1.0,417.0,19.0,13.0,13.0,6
PRO_1571,utilidades_domesticas,54.0,974.0,5.0,600.0,32.0,13.0,24.0,49
PRO_1572,brinquedos,43.0,279.0,1.0,281.0,16.0,12.0,14.0,69
PRO_1573,esporte_lazer,32.0,789.0,6.0,3975.0,33.0,20.0,38.0,65
PRO_1574,beleza_saude,54.0,457.0,4.0,1700.0,36.0,10.0,36.0,43
PRO_1575,esporte_lazer,40.0,1416.0,1.0,225.0,22.0,26.0,13.0,65
PRO_1576,market_place,53.0,1377.0,2.0,250.0,18.0,8.0,18.0,54
PRO_1577,telefonia,49.0,1342.0,3.0,300.0,18.0,5.0,12.0,68
PRO_1578,climatizacao,46.0,847.0,1.0,2700.0,32.0,32.0,16.0,1
PRO_1579,moveis_decoracao,54.0,575.0,1.0,150.0,35.0,10.0,25.0,39
PRO_1580,relogios_presentes,60.0,286.0,4.0,900.0,20.0,20.0,20.0,71
PRO_1581,moveis_decoracao,45.0,169.0,1.0,6950.0,50.0,10.0,70.0,39
PRO_1582,relogios_presentes,53.0,301.0,2.0,1183.0,23.0,5.0,26.0,71
PRO_1583,cama_mesa_banho,59.0,230.0,1.0,1350.0,45.0,15.0,35.0,7
PRO_1584,construcao_ferramentas_jardim,40.0,275.0,1.0,100.0,16.0,2.0,11.0,21
PRO_1585,esporte_lazer,39.0,558.0,2.0,1300.0,20.0,20.0,20.0,65
PRO_1586,ferramentas_jardim,36.0,844.0,1.0,2850.0,22.0,15.0,14.0,42
PRO_1587,fashion_calcados,49.0,375.0,6.0,300.0,29.0,7.0,16.0,31
PRO_1588,moveis_sala,59.0,453.0,2.0,3500.0,100.0,5.0,23.0,40
PRO_1589,dvds_blu_ray,39.0,593.0,1.0,200.0,20.0,2.0,14.0,25
PRO_1590,instrumentos_musicais,61.0,1106.0,8.0,5650.0,50.0,15.0,45.0,56
PRO_1591,telefonia,45.0,356.0,2.0,50.0,19.0,3.0,11.0,68
PRO_1592,climatizacao,60.0,803.0,1.0,16550.0,27.0,36.0,54.0,1
PRO_1593,automotivo,49.0,588.0,5.0,1100.0,63.0,9.0,33.0,5
PRO_1594,automotivo,50.0,430.0,1.0,50.0,16.0,11.0,11.0,5
PRO_1595,perfumaria,51.0,933.0,1.0,400.0,27.0,5.0,20.0,59
PRO_1596,unknown,51.0,595.0,1.0,500.0,35.0,25.0,35.0,70
PRO_1597,informatica_acessorios,46.0,468.0,2.0,150.0,19.0,5.0,13.0,15
PRO_1598,beleza_saude,46.0,1871.0,1.0,850.0,28.0,14.0,20.0,43
PRO_1599,telefonia,58.0,597.0,1.0,150.0,19.0,4.0,11.0,68
PRO_1600,bebes,57.0,838.0,8.0,50.0,20.0,8.0,17.0,6
PRO_1601,artes,35.0,1190.0,1.0,15400.0,100.0,4.0,60.0,2
PRO_1602,bebes,57.0,1988.0,2.0,300.0,69.0,11.0,11.0,6
PRO_1603,perfumaria,43.0,259.0,1.0,610.0,22.0,14.0,16.0,59
PRO_1604,pet_shop,56.0,444.0,1.0,900.0,30.0,30.0,30.0,60
PRO_1605,beleza_saude,36.0,3076.0,4.0,215.0,22.0,6.0,15.0,43
PRO_1606,telefonia,52.0,514.0,1.0,100.0,19.0,3.0,11.0,68
PRO_1607,esporte_lazer,45.0,716.0,1.0,300.0,22.0,18.0,18.0,65
PRO_1608,utilidades_domesticas,59.0,299.0,1.0,350.0,33.0,4.0,20.0,49
PRO_1609,eletronicos,50.0,703.0,3.0,590.0,34.0,18.0,24.0,26
PRO_1610,esporte_lazer,59.0,1432.0,6.0,517.0,27.0,17.0,26.0,65
PRO_1611,esporte_lazer,46.0,565.0,3.0,6150.0,20.0,20.0,20.0,65
PRO_1612,moveis_decoracao,60.0,409.0,1.0,7450.0,52.0,18.0,35.0,39
PRO_1613,automotivo,58.0,537.0,2.0,200.0,16.0,16.0,11.0,5
PRO_1614,brinquedos,59.0,1359.0,3.0,1200.0,32.0,31.0,17.0,69
PRO_1615,artes_e_artesanato,54.0,746.0,5.0,6850.0,105.0,5.0,65.0,3
PRO_1616,brinquedos,42.0,834.0,4.0,804.0,30.0,21.0,21.0,69
PRO_1617,utilidades_domesticas,59.0,414.0,1.0,700.0,30.0,30.0,30.0,49
PRO_1618,eletronicos,35.0,370.0,1.0,100.0,25.0,7.0,16.0,26
PRO_1619,papelaria,53.0,227.0,3.0,5850.0,60.0,20.0,29.0,66
PRO_1620,esporte_lazer,24.0,158.0,2.0,1800.0,26.0,14.0,16.0,65
PRO_1621,bebes,53.0,821.0,2.0,9088.0,39.0,40.0,79.0,6
PRO_1622,esporte_lazer,43.0,410.0,1.0,1201.0,26.0,25.0,22.0,65
PRO_1623,moveis_escritorio,36.0,2071.0,1.0,10850.0,55.0,24.0,55.0,57
PRO_1624,esporte_lazer,45.0,1514.0,4.0,5150.0,100.0,9.0,23.0,65
PRO_1625,cama_mesa_banho,58.0,293.0,1.0,3600.0,50.0,10.0,30.0,7
PRO_1626,relogios_presentes,50.0,368.0,1.0,500.0,25.0,13.0,13.0,71
PRO_1627,eletrodomesticos,52.0,372.0,4.0,200.0,27.0,13.0,17.0,44
PRO_1628,fashion_bolsas_e_acessorios,37.0,828.0,1.0,100.0,16.0,14.0,14.0,28
PRO_1629,pc_gamer,59.0,621.0,4.0,2839.0,19.0,16.0,18.0,70
PRO_1630,construcao_ferramentas_construcao,60.0,1295.0,1.0,2100.0,54.0,10.0,11.0,17
PRO_1631,esporte_lazer,57.0,3285.0,1.0,750.0,28.0,15.0,15.0,65
PRO_1632,cama_mesa_banho,53.0,185.0,1.0,300.0,25.0,3.0,19.0,7
PRO_1633,market_place,16.0,726.0,1.0,300.0,25.0,10.0,16.0,54
PRO_1634,malas_acessorios,38.0,267.0,1.0,500.0,18.0,45.0,32.0,53
PRO_1635,esporte_lazer,53.0,412.0,1.0,1000.0,25.0,20.0,25.0,65
PRO_1636,papelaria,50.0,363.0,3.0,400.0,30.0,52.0,20.0,66
PRO_1637,brinquedos,53.0,623.0,4.0,300.0,33.0,4.0,31.0,69
PRO_1638,bebidas,31.0,1039.0,1.0,450.0,28.0,20.0,20.0,24
PRO_1639,perfumaria,21.0,476.0,2.0,250.0,22.0,5.0,15.0,59
PRO_1640,malas_acessorios,31.0,42.0,1.0,100.0,16.0,3.0,16.0,53
PRO_1641,ferramentas_jardim,38.0,2612.0,3.0,50.0,51.0,22.0,22.0,42
PRO_1642,moveis_escritorio,40.0,1152.0,1.0,7900.0,35.0,52.0,34.0,57
PRO_1643,utilidades_domesticas,59.0,436.0,3.0,800.0,43.0,18.0,16.0,49
PRO_1644,brinquedos,44.0,582.0,1.0,1350.0,45.0,20.0,18.0,69
PRO_1645,esporte_lazer,51.0,477.0,5.0,850.0,102.0,6.0,11.0,65
PRO_1646,moveis_decoracao,60.0,473.0,1.0,500.0,30.0,3.0,19.0,39
PRO_1647,beleza_saude,54.0,1689.0,2.0,250.0,19.0,8.0,14.0,43
PRO_1648,esporte_lazer,41.0,785.0,2.0,700.0,16.0,12.0,22.0,65
PRO_1649,telefonia,60.0,540.0,2.0,300.0,17.0,4.0,12.0,68
PRO_1650,informatica_acessorios,35.0,624.0,2.0,100.0,16.0,4.0,12.0,15
PRO_1651,moveis_decoracao,39.0,213.0,1.0,7650.0,63.0,8.0,63.0,39
PRO_1652,automotivo,58.0,641.0,5.0,1625.0,60.0,8.0,33.0,5
PRO_1653,moveis_decoracao,59.0,846.0,1.0,21300.0,50.0,50.0,50.0,39
PRO_1654,beleza_saude,38.0,1018.0,1.0,2500.0,35.0,16.0,16.0,43
PRO_1655,moveis_sala,51.0,598.0,2.0,1350.0,44.0,14.0,34.0,40
PRO_1656,utilidades_domesticas,42.0,151.0,5.0,200.0,16.0,6.0,12.0,49
PRO_1657,cama_mesa_banho,60.0,235.0,1.0,3800.0,58.0,14.0,48.0,7
PRO_1658,utilidades_domesticas,35.0,813.0,3.0,900.0,22.0,24.0,24.0,49
PRO_1659,moveis_decoracao,33.0,238.0,1.0,2450.0,53.0,3.0,48.0,39
PRO_1660,pet_shop,44.0,430.0,2.0,200.0,16.0,7.0,11.0,60
PRO_1661,utilidades_domesticas,58.0,143.0,1.0,790.0,36.0,8.0,25.0,49
PRO_1662,cool_stuff,51.0,873.0,3.0,1400.0,18.0,9.0,27.0,20
PRO_1663,moveis_decoracao,53.0,371.0,1.0,800.0,40.0,5.0,11.0,39
PRO_1664,cool_stuff,42.0,445.0,2.0,250.0,16.0,13.0,16.0,20
PRO_1665,papelaria,59.0,697.0,5.0,100.0,20.0,8.0,15.0,66
PRO_1666,esporte_lazer,29.0,622.0,1.0,10500.0,34.0,11.0,11.0,65
PRO_1667,cama_mesa_banho,60.0,322.0,1.0,2400.0,45.0,15.0,35.0,7
PRO_1668,livros_interesse_geral,59.0,680.0,4.0,650.0,20.0,10.0,30.0,8
PRO_1669,telefonia,51.0,1350.0,1.0,125.0,21.0,6.0,14.0,68
PRO_1670,relogios_presentes,37.0,637.0,1.0,700.0,19.0,9.0,15.0,71
PRO_1671,esporte_lazer,48.0,161.0,1.0,2775.0,31.0,13.0,30.0,65
PRO_1672,papelaria,53.0,543.0,3.0,1600.0,35.0,42.0,21.0,66
PRO_1673,esporte_lazer,50.0,861.0,1.0,150.0,16.0,6.0,11.0,65
PRO_1674,telefonia,47.0,520.0,1.0,100.0,19.0,3.0,20.0,68
PRO_1675,papelaria,57.0,182.0,3.0,400.0,24.0,7.0,14.0,66
PRO_1676,unknown,51.0,595.0,1.0,600.0,24.0,4.0,15.0,70
PRO_1677,moveis_escritorio,54.0,1085.0,2.0,22800.0,48.0,45.0,56.0,57
PRO_1678,construcao_ferramentas_jardim,55.0,2029.0,5.0,210.0,25.0,7.0,15.0,21
PRO_1679,automotivo,59.0,2811.0,1.0,463.0,16.0,13.0,15.0,5
PRO_1680,beleza_saude,60.0,400.0,1.0,150.0,60.0,11.0,16.0,43
PRO_1681,perfumaria,30.0,138.0,1.0,150.0,22.0,7.0,16.0,59
PRO_1682,moveis_decoracao,54.0,1413.0,5.0,450.0,35.0,2.0,25.0,39
PRO_1683,informatica_acessorios,54.0,882.0,4.0,500.0,20.0,30.0,30.0,15
PRO_1684,telefonia,59.0,1568.0,1.0,100.0,18.0,6.0,11.0,68
PRO_1685,moveis_sala,31.0,618.0,2.0,9750.0,27.0,15.0,92.0,40
PRO_1686,cama_mesa_banho,40.0,582.0,1.0,1550.0,35.0,19.0,45.0,7
PRO_1687,perfumaria,55.0,633.0,5.0,200.0,16.0,2.0,11.0,59
PRO_1688,informatica_acessorios,41.0,701.0,3.0,400.0,16.0,16.0,13.0,15
PRO_1689,moveis_decoracao,60.0,357.0,1.0,650.0,25.0,5.0,17.0,39
PRO_1690,moveis_decoracao,48.0,493.0,2.0,600.0,30.0,20.0,20.0,39
PRO_1691,construcao_ferramentas_seguranca,46.0,506.0,1.0,2300.0,20.0,20.0,20.0,19
PRO_1692,malas_acessorios,56.0,450.0,3.0,12450.0,40.0,25.0,57.0,53
PRO_1693,automotivo,47.0,641.0,4.0,5200.0,44.0,17.0,30.0,5
PRO_1694,perfumaria,41.0,1043.0,1.0,300.0,20.0,20.0,20.0,59
PRO_1695,brinquedos,44.0,420.0,1.0,800.0,28.0,35.0,18.0,69
PRO_1696,livros_interesse_geral,31.0,710.0,7.0,1000.0,22.0,28.0,16.0,8
PRO_1697,casa_conforto,40.0,420.0,1.0,100.0,18.0,18.0,18.0,47
PRO_1698,cama_mesa_banho,58.0,188.0,1.0,1400.0,44.0,2.0,35.0,7
PRO_1699,cama_mesa_banho,54.0,265.0,1.0,1500.0,38.0,13.0,31.0,7
PRO_1700,informatica_acessorios,37.0,567.0,2.0,163.0,18.0,8.0,14.0,15
PRO_1701,esporte_lazer,54.0,790.0,6.0,200.0,17.0,10.0,11.0,65
PRO_1702,pet_shop,57.0,794.0,3.0,30000.0,79.0,2.0,63.0,60
PRO_1703,pet_shop,26.0,294.0,1.0,190.0,17.0,22.0,17.0,60
PRO_1704,perfumaria,44.0,259.0,2.0,425.0,23.0,14.0,17.0,59
PRO_1705,moveis_decoracao,57.0,132.0,1.0,5450.0,30.0,36.0,30.0,39
PRO_1706,beleza_saude,46.0,1290.0,1.0,950.0,25.0,12.0,19.0,43
PRO_1707,utilidades_domesticas,23.0,162.0,1.0,300.0,20.0,4.0,19.0,49
PRO_1708,moveis_decoracao,42.0,790.0,1.0,1400.0,50.0,25.0,25.0,39
PRO_1709,esporte_lazer,37.0,671.0,1.0,920.0,19.0,20.0,17.0,65
PRO_1710,utilidades_domesticas,46.0,819.0,2.0,300.0,16.0,30.0,11.0,49
PRO_1711,informatica_acessorios,60.0,399.0,3.0,475.0,19.0,5.0,15.0,15
PRO_1712,utilidades_domesticas,58.0,641.0,1.0,1000.0,16.0,23.0,15.0,49
PRO_1713,esporte_lazer,57.0,801.0,1.0,1600.0,23.0,24.0,18.0,65
PRO_1714,casa_construcao,52.0,921.0,7.0,1050.0,16.0,20.0,16.0,48
PRO_1715,cool_stuff,33.0,1401.0,2.0,30000.0,70.0,37.0,70.0,20
PRO_1716,pet_shop,57.0,375.0,1.0,27400.0,40.0,30.0,40.0,60
PRO_1717,beleza_saude,56.0,407.0,1.0,200.0,18.0,8.0,13.0,43
PRO_1718,utilidades_domesticas,43.0,1437.0,7.0,900.0,32.0,15.0,32.0,49
PRO_1719,cool_stuff,50.0,330.0,1.0,1700.0,33.0,44.0,19.0,20
PRO_1720,instrumentos_musicais,60.0,283.0,6.0,350.0,16.0,4.0,20.0,56
PRO_1721,moveis_decoracao,38.0,170.0,1.0,250.0,20.0,10.0,15.0,39
PRO_1722,papelaria,30.0,672.0,1.0,1050.0,30.0,30.0,30.0,66
PRO_1723,utilidades_domesticas,59.0,1708.0,1.0,500.0,16.0,24.0,20.0,49
PRO_1724,brinquedos,42.0,586.0,5.0,1507.0,27.0,26.0,28.0,69
PRO_1725,moveis_escritorio,31.0,1222.0,1.0,8425.0,53.0,53.0,18.0,57
PRO_1726,pet_shop,25.0,1399.0,1.0,165.0,16.0,10.0,11.0,60
PRO_1727,esporte_lazer,41.0,1947.0,1.0,2550.0,18.0,78.0,35.0,65
PRO_1728,relogios_presentes,47.0,247.0,1.0,250.0,16.0,11.0,11.0,71
PRO_1729,utilidades_domesticas,29.0,850.0,2.0,600.0,16.0,12.0,12.0,49
PRO_1730,cama_mesa_banho,55.0,428.0,1.0,150.0,16.0,11.0,11.0,7
PRO_1731,beleza_saude,52.0,1336.0,1.0,2150.0,50.0,50.0,11.0,43
PRO_1732,cama_mesa_banho,39.0,1140.0,1.0,3100.0,30.0,25.0,30.0,7
PRO_1733,consoles_games,37.0,360.0,2.0,450.0,19.0,15.0,15.0,16
PRO_1734,automotivo,20.0,83.0,1.0,600.0,16.0,2.0,11.0,5
PRO_1735,cool_stuff,46.0,650.0,1.0,1400.0,40.0,40.0,30.0,20
PRO_1736,informatica_acessorios,45.0,507.0,3.0,400.0,19.0,4.0,14.0,15
PRO_1737,bebes,57.0,291.0,1.0,500.0,40.0,15.0,35.0,6
PRO_1738,eletroportateis,50.0,1423.0,1.0,3525.0,33.0,35.0,34.0,63
PRO_1739,esporte_lazer,50.0,2871.0,1.0,30000.0,90.0,50.0,50.0,65
PRO_1740,automotivo,54.0,1475.0,1.0,300.0,16.0,18.0,15.0,5
PRO_1741,moveis_decoracao,58.0,867.0,1.0,150.0,19.0,5.0,25.0,39
PRO_1742,telefonia,57.0,412.0,1.0,100.0,16.0,6.0,11.0,68
PRO_1743,moveis_escritorio,33.0,2417.0,1.0,14600.0,58.0,28.0,58.0,57
PRO_1744,cama_mesa_banho,53.0,666.0,1.0,1250.0,35.0,3.0,30.0,7
PRO_1745,beleza_saude,50.0,533.0,3.0,243.0,20.0,14.0,19.0,43
PRO_1746,papelaria,49.0,181.0,2.0,10850.0,60.0,20.0,29.0,66
PRO_1747,fashion_calcados,53.0,408.0,3.0,1400.0,22.0,12.0,33.0,31
PRO_1748,esporte_lazer,28.0,143.0,2.0,200.0,25.0,25.0,25.0,65
PRO_1749,construcao_ferramentas_construcao,59.0,1289.0,1.0,1550.0,54.0,10.0,11.0,17
PRO_1750,beleza_saude,48.0,575.0,1.0,100.0,20.0,15.0,15.0,43
PRO_1751,utilidades_domesticas,43.0,192.0,3.0,150.0,16.0,6.0,11.0,49
PRO_1752,bebes,30.0,1570.0,3.0,300.0,30.0,10.0,20.0,6
PRO_1753,informatica_acessorios,46.0,937.0,2.0,50.0,16.0,16.0,11.0,15
PRO_1754,artigos_de_natal,28.0,182.0,1.0,1900.0,70.0,15.0,50.0,12
PRO_1755,bebes,31.0,259.0,1.0,14500.0,57.0,45.0,33.0,6
PRO_1756,market_place,19.0,767.0,1.0,200.0,22.0,24.0,24.0,54
PRO_1757,automotivo,49.0,695.0,4.0,450.0,30.0,30.0,30.0,5
PRO_1758,cama_mesa_banho,58.0,144.0,4.0,500.0,47.0,3.0,37.0,7
PRO_1759,alimentos,34.0,397.0,1.0,533.0,27.0,14.0,17.0,36
PRO_1760,automotivo,56.0,361.0,1.0,200.0,35.0,4.0,26.0,5
PRO_1761,casa_conforto,53.0,1180.0,2.0,1850.0,45.0,15.0,12.0,47
PRO_1762,beleza_saude,43.0,341.0,1.0,350.0,18.0,14.0,15.0,43
PRO_1763,cama_mesa_banho,60.0,166.0,1.0,1100.0,34.0,7.0,32.0,7
PRO_1764,informatica_acessorios,40.0,177.0,3.0,1950.0,20.0,6.0,20.0,15
PRO_1765,cool_stuff,54.0,599.0,6.0,530.0,30.0,9.0,14.0,20
PRO_1766,malas_acessorios,52.0,452.0,2.0,16200.0,43.0,29.0,67.0,53
PRO_1767,cool_stuff,55.0,229.0,2.0,700.0,30.0,22.0,16.0,20
PRO_1768,cama_mesa_banho,60.0,298.0,1.0,4900.0,36.0,15.0,45.0,7
PRO_1769,beleza_saude,46.0,3106.0,1.0,4375.0,28.0,28.0,28.0,43
PRO_1770,artigos_de_natal,54.0,821.0,2.0,283.0,16.0,12.0,14.0,12
PRO_1771,informatica_acessorios,45.0,837.0,1.0,1133.0,16.0,15.0,20.0,15
PRO_1772,automotivo,22.0,661.0,3.0,400.0,53.0,3.0,41.0,5
PRO_1773,cama_mesa_banho,45.0,415.0,1.0,2150.0,16.0,10.0,16.0,7
PRO_1774,esporte_lazer,46.0,1332.0,1.0,2123.0,33.0,28.0,28.0,65
PRO_1775,relogios_presentes,55.0,660.0,2.0,300.0,20.0,13.0,18.0,71
PRO_1776,perfumaria,54.0,1133.0,2.0,400.0,27.0,5.0,20.0,59
PRO_1777,brinquedos,33.0,561.0,2.0,415.0,19.0,16.0,17.0,69
PRO_1778,utilidades_domesticas,58.0,381.0,5.0,550.0,18.0,12.0,12.0,49
PRO_1779,bebes,52.0,828.0,4.0,4950.0,40.0,10.0,40.0,6
PRO_1780,automotivo,55.0,109.0,1.0,300.0,30.0,15.0,30.0,5
PRO_1781,relogios_presentes,55.0,498.0,3.0,300.0,16.0,11.0,15.0,71
PRO_1782,eletrodomesticos,57.0,272.0,1.0,1650.0,50.0,2.0,37.0,44
PRO_1783,informatica_acessorios,60.0,392.0,2.0,540.0,17.0,10.0,14.0,15
PRO_1784,ferramentas_jardim,36.0,153.0,2.0,700.0,22.0,28.0,24.0,42
PRO_1785,moveis_decoracao,31.0,308.0,1.0,2250.0,37.0,30.0,20.0,39
PRO_1786,moveis_decoracao,57.0,306.0,1.0,3775.0,38.0,18.0,32.0,39
PRO_1787,telefonia,51.0,446.0,1.0,124.0,22.0,5.0,16.0,68
PRO_1788,cama_mesa_banho,50.0,204.0,1.0,2900.0,55.0,25.0,35.0,7
PRO_1789,cama_mesa_banho,55.0,210.0,1.0,650.0,16.0,10.0,16.0,7
PRO_1790,beleza_saude,41.0,1178.0,1.0,434.0,20.0,16.0,18.0,43
PRO_1791,automotivo,57.0,453.0,4.0,100.0,21.0,2.0,17.0,5
PRO_1792,informatica_acessorios,57.0,1098.0,4.0,18150.0,17.0,35.0,35.0,15
PRO_1793,alimentos_bebidas,59.0,1562.0,1.0,500.0,20.0,20.0,20.0,37
PRO_1794,fashion_bolsas_e_acessorios,60.0,411.0,5.0,150.0,20.0,20.0,12.0,28
PRO_1795,esporte_lazer,50.0,494.0,2.0,200.0,16.0,7.0,12.0,65
PRO_1796,telefonia,57.0,1009.0,1.0,200.0,18.0,6.0,12.0,68
PRO_1797,moveis_decoracao,58.0,2049.0,4.0,2800.0,69.0,11.0,11.0,39
PRO_1798,utilidades_domesticas,56.0,856.0,4.0,250.0,16.0,15.0,12.0,49
PRO_1799,brinquedos,20.0,274.0,1.0,6550.0,54.0,40.0,15.0,69
PRO_1800,alimentos_bebidas,52.0,595.0,1.0,500.0,33.0,21.0,27.0,37
PRO_1801,cama_mesa_banho,57.0,220.0,1.0,1200.0,45.0,15.0,35.0,7
PRO_1802,brinquedos,54.0,1125.0,3.0,700.0,38.0,15.0,27.0,69
PRO_1803,utilidades_domesticas,59.0,1115.0,1.0,14600.0,43.0,62.0,41.0,49
PRO_1804,fashion_bolsas_e_acessorios,56.0,1485.0,2.0,200.0,16.0,2.0,11.0,28
PRO_1805,cama_mesa_banho,56.0,173.0,1.0,970.0,36.0,4.0,26.0,7
PRO_1806,cama_mesa_banho,43.0,352.0,1.0,800.0,45.0,11.0,11.0,7
PRO_1807,perfumaria,46.0,534.0,7.0,1850.0,35.0,26.0,26.0,59
PRO_1808,utilidades_domesticas,56.0,309.0,1.0,483.0,22.0,26.0,23.0,49
PRO_1809,utilidades_domesticas,56.0,257.0,3.0,12100.0,51.0,54.0,47.0,49
PRO_1810,automotivo,53.0,877.0,4.0,500.0,17.0,4.0,11.0,5
PRO_1811,informatica_acessorios,56.0,482.0,2.0,500.0,35.0,5.0,15.0,15
PRO_1812,telefonia,59.0,474.0,3.0,475.0,17.0,14.0,14.0,68
PRO_1813,utilidades_domesticas,60.0,494.0,2.0,5100.0,36.0,16.0,46.0,49
PRO_1814,brinquedos,52.0,827.0,4.0,2300.0,41.0,60.0,16.0,69
PRO_1815,moveis_decoracao,43.0,197.0,1.0,1600.0,55.0,10.0,30.0,39
PRO_1816,beleza_saude,58.0,767.0,5.0,8900.0,38.0,88.0,30.0,43
PRO_1817,unknown,51.0,595.0,1.0,450.0,16.0,7.0,11.0,70
PRO_1818,moveis_decoracao,43.0,534.0,1.0,600.0,65.0,2.0,13.0,39
PRO_1819,telefonia,60.0,317.0,1.0,100.0,19.0,5.0,11.0,68
PRO_1820,instrumentos_musicais,26.0,821.0,2.0,300.0,30.0,7.0,30.0,56
PRO_1821,informatica_acessorios,58.0,1306.0,1.0,700.0,23.0,20.0,17.0,15
PRO_1822,cama_mesa_banho,58.0,1626.0,4.0,250.0,16.0,22.0,11.0,7
PRO_1823,brinquedos,63.0,849.0,4.0,7300.0,58.0,27.0,33.0,69
PRO_1824,relogios_presentes,42.0,262.0,1.0,500.0,16.0,16.0,16.0,71
PRO_1825,brinquedos,50.0,874.0,2.0,1700.0,16.0,42.0,42.0,69
PRO_1826,moveis_decoracao,51.0,767.0,4.0,550.0,34.0,6.0,23.0,39
PRO_1827,moveis_sala,32.0,787.0,1.0,12200.0,33.0,10.0,93.0,40
PRO_1828,beleza_saude,58.0,2167.0,3.0,850.0,27.0,4.0,11.0,43
PRO_1829,informatica_acessorios,59.0,2168.0,7.0,900.0,35.0,10.0,19.0,15
PRO_1830,fashion_bolsas_e_acessorios,52.0,1359.0,1.0,300.0,16.0,2.0,11.0,28
PRO_1831,esporte_lazer,54.0,470.0,3.0,100.0,18.0,14.0,16.0,65
PRO_1832,cool_stuff,38.0,1499.0,1.0,4317.0,30.0,40.0,28.0,20
PRO_1833,moveis_decoracao,54.0,769.0,1.0,11600.0,45.0,35.0,45.0,39
PRO_1834,utilidades_domesticas,33.0,722.0,7.0,15200.0,64.0,20.0,44.0,49
PRO_1835,cama_mesa_banho,44.0,729.0,1.0,800.0,20.0,30.0,30.0,7
PRO_1836,climatizacao,45.0,252.0,2.0,350.0,20.0,15.0,15.0,1
PRO_1837,informatica_acessorios,36.0,971.0,1.0,450.0,21.0,16.0,16.0,15
PRO_1838,telefonia,58.0,785.0,5.0,350.0,17.0,4.0,12.0,68
PRO_1839,automotivo,58.0,892.0,1.0,3350.0,35.0,20.0,20.0,5
PRO_1840,consoles_games,31.0,241.0,1.0,325.0,17.0,11.0,14.0,16
PRO_1841,automotivo,57.0,1552.0,2.0,500.0,21.0,18.0,13.0,5
PRO_1842,cama_mesa_banho,58.0,137.0,4.0,450.0,29.0,9.0,21.0,7
PRO_1843,esporte_lazer,47.0,1344.0,1.0,4650.0,36.0,31.0,31.0,65
PRO_1844,malas_acessorios,36.0,543.0,1.0,500.0,25.0,7.0,20.0,53
PRO_1845,moveis_cozinha_area_de_servico_jantar_e_jardim,35.0,380.0,3.0,7600.0,66.0,10.0,46.0,51
PRO_1846,cool_stuff,56.0,330.0,1.0,1700.0,33.0,44.0,19.0,20
PRO_1847,esporte_lazer,28.0,1319.0,1.0,600.0,34.0,16.0,16.0,65
PRO_1848,pet_shop,54.0,1581.0,2.0,5450.0,30.0,30.0,30.0,60
PRO_1849,esporte_lazer,43.0,1188.0,1.0,2950.0,36.0,38.0,36.0,65
PRO_1850,utilidades_domesticas,52.0,386.0,3.0,500.0,45.0,45.0,45.0,49
PRO_1851,relogios_presentes,56.0,1068.0,1.0,280.0,16.0,13.0,14.0,71
PRO_1852,beleza_saude,56.0,1128.0,4.0,670.0,17.0,11.0,14.0,43
PRO_1853,moveis_decoracao,53.0,626.0,1.0,8500.0,35.0,45.0,45.0,39
PRO_1854,automotivo,51.0,244.0,1.0,1000.0,20.0,20.0,20.0,5
PRO_1855,telefonia,56.0,1649.0,6.0,200.0,16.0,2.0,11.0,68
PRO_1856,telefonia_fixa,42.0,938.0,2.0,800.0,16.0,28.0,25.0,34
PRO_1857,beleza_saude,31.0,470.0,2.0,250.0,22.0,12.0,17.0,43
PRO_1858,automotivo,56.0,651.0,5.0,6950.0,78.0,4.0,47.0,5
PRO_1859,moveis_decoracao,55.0,541.0,2.0,14200.0,49.0,42.0,42.0,39
PRO_1860,relogios_presentes,37.0,283.0,5.0,700.0,20.0,20.0,20.0,71
PRO_1861,fashion_bolsas_e_acessorios,53.0,1488.0,6.0,150.0,25.0,8.0,18.0,28
PRO_1862,pet_shop,57.0,1600.0,4.0,900.0,30.0,12.0,30.0,60
PRO_1863,eletronicos,58.0,219.0,3.0,600.0,16.0,5.0,20.0,26
PRO_1864,cool_stuff,49.0,933.0,1.0,250.0,22.0,23.0,16.0,20
PRO_1865,informatica_acessorios,56.0,358.0,1.0,400.0,16.0,2.0,20.0,15
PRO_1866,cama_mesa_banho,56.0,365.0,1.0,1250.0,38.0,20.0,25.0,7
PRO_1867,papelaria,47.0,111.0,1.0,6250.0,30.0,10.0,30.0,66
PRO_1868,cama_mesa_banho,57.0,184.0,1.0,650.0,30.0,8.0,25.0,7
PRO_1869,automotivo,56.0,1763.0,1.0,3350.0,40.0,40.0,40.0,5
PRO_1870,bebes,55.0,715.0,3.0,300.0,18.0,24.0,20.0,6
PRO_1871,bebes,46.0,513.0,1.0,12150.0,62.0,35.0,52.0,6
PRO_1872,cama_mesa_banho,54.0,486.0,1.0,1350.0,40.0,5.0,30.0,7
PRO_1873,informatica_acessorios,55.0,204.0,3.0,300.0,35.0,8.0,20.0,15
PRO_1874,papelaria,44.0,893.0,10.0,1600.0,32.0,52.0,19.0,66
PRO_1875,esporte_lazer,31.0,238.0,2.0,2600.0,60.0,15.0,15.0,65
PRO_1876,moveis_decoracao,59.0,141.0,3.0,300.0,25.0,11.0,15.0,39
PRO_1877,moveis_decoracao,63.0,699.0,1.0,650.0,45.0,15.0,35.0,39
PRO_1878,moveis_escritorio,34.0,2419.0,1.0,9275.0,54.0,30.0,53.0,57
PRO_1879,alimentos_bebidas,46.0,553.0,2.0,9550.0,57.0,40.0,25.0,37
PRO_1880,utilidades_domesticas,49.0,430.0,1.0,5275.0,30.0,65.0,30.0,49
PRO_1881,livros_interesse_geral,54.0,2931.0,3.0,2200.0,19.0,26.0,11.0,8
PRO_1882,construcao_ferramentas_construcao,14.0,233.0,3.0,150.0,16.0,10.0,12.0,17
PRO_1883,brinquedos,53.0,623.0,5.0,1950.0,45.0,10.0,45.0,69
PRO_1884,cama_mesa_banho,59.0,463.0,2.0,1900.0,48.0,8.0,39.0,7
PRO_1885,utilidades_domesticas,45.0,231.0,4.0,500.0,16.0,12.0,12.0,49
PRO_1886,moveis_decoracao,36.0,652.0,3.0,950.0,64.0,6.0,11.0,39
PRO_1887,climatizacao,63.0,1729.0,3.0,4800.0,72.0,5.0,11.0,1
PRO_1888,cama_mesa_banho,56.0,674.0,1.0,1200.0,30.0,5.0,30.0,7
PRO_1889,malas_acessorios,57.0,393.0,8.0,950.0,35.0,10.0,20.0,53
PRO_1890,ferramentas_jardim,41.0,3544.0,1.0,16400.0,100.0,30.0,30.0,42
PRO_1891,musica,32.0,366.0,2.0,100.0,19.0,3.0,11.0,55
PRO_1892,telefonia,55.0,211.0,1.0,150.0,19.0,8.0,16.0,68
PRO_1893,bebes,58.0,585.0,2.0,220.0,23.0,9.0,17.0,6
PRO_1894,construcao_ferramentas_ferramentas,57.0,1430.0,8.0,4700.0,35.0,25.0,25.0,22
PRO_1895,papelaria,58.0,125.0,8.0,500.0,30.0,19.0,30.0,66
PRO_1896,bebes,55.0,1072.0,3.0,1050.0,42.0,25.0,15.0,6
PRO_1897,cama_mesa_banho,52.0,435.0,1.0,1050.0,22.0,16.0,18.0,7
PRO_1898,cama_mesa_banho,55.0,342.0,1.0,12900.0,60.0,27.0,50.0,7
PRO_1899,informatica_acessorios,31.0,212.0,2.0,1013.0,30.0,24.0,19.0,15
PRO_1900,esporte_lazer,57.0,1002.0,3.0,450.0,30.0,20.0,20.0,65
PRO_1901,beleza_saude,60.0,528.0,4.0,250.0,19.0,11.0,23.0,43
PRO_1902,relogios_presentes,60.0,645.0,1.0,265.0,18.0,12.0,13.0,71
PRO_1903,construcao_ferramentas_construcao,60.0,996.0,1.0,5500.0,16.0,45.0,15.0,17
PRO_1904,brinquedos,43.0,1156.0,1.0,500.0,17.0,10.0,12.0,69
PRO_1905,eletronicos,37.0,115.0,1.0,350.0,22.0,7.0,16.0,26
PRO_1906,moveis_decoracao,60.0,2138.0,2.0,3000.0,69.0,11.0,11.0,39
PRO_1907,beleza_saude,57.0,721.0,1.0,560.0,20.0,12.0,16.0,43
PRO_1908,construcao_ferramentas_construcao,54.0,740.0,1.0,3250.0,19.0,19.0,19.0,17
PRO_1909,pet_shop,56.0,839.0,15.0,1600.0,33.0,30.0,44.0,60
PRO_1910,beleza_saude,43.0,1182.0,2.0,1350.0,42.0,11.0,12.0,43
PRO_1911,cool_stuff,52.0,791.0,6.0,5200.0,63.0,2.0,79.0,20
PRO_1912,utilidades_domesticas,51.0,453.0,1.0,3400.0,60.0,15.0,25.0,49
PRO_1913,relogios_presentes,54.0,395.0,2.0,550.0,25.0,13.0,25.0,71
PRO_1914,moveis_decoracao,47.0,801.0,2.0,400.0,19.0,10.0,16.0,39
PRO_1915,malas_acessorios,58.0,890.0,9.0,1750.0,32.0,52.0,19.0,53
PRO_1916,papelaria,57.0,722.0,3.0,150.0,16.0,10.0,27.0,66
PRO_1917,esporte_lazer,45.0,1541.0,1.0,500.0,33.0,20.0,20.0,65
PRO_1918,beleza_saude,46.0,1319.0,1.0,500.0,16.0,5.0,12.0,43
PRO_1919,beleza_saude,50.0,1257.0,1.0,700.0,25.0,12.0,19.0,43
PRO_1920,automotivo,52.0,666.0,1.0,4950.0,65.0,25.0,25.0,5
PRO_1921,papelaria,44.0,123.0,3.0,10100.0,38.0,55.0,35.0,66
PRO_1922,cama_mesa_banho,60.0,280.0,1.0,725.0,35.0,10.0,18.0,7
PRO_1923,malas_acessorios,45.0,232.0,1.0,550.0,45.0,10.0,32.0,53
PRO_1924,beleza_saude,30.0,876.0,2.0,1500.0,53.0,48.0,30.0,43
PRO_1925,bebes,29.0,280.0,1.0,700.0,25.0,21.0,19.0,6
PRO_1926,utilidades_domesticas,51.0,139.0,3.0,200.0,26.0,4.0,19.0,49
PRO_1927,moveis_sala,54.0,380.0,2.0,4550.0,50.0,10.0,50.0,40
PRO_1928,fashion_bolsas_e_acessorios,56.0,1666.0,7.0,150.0,17.0,5.0,19.0,28
PRO_1929,eletrodomesticos,47.0,347.0,2.0,100.0,16.0,10.0,11.0,44
PRO_1930,cama_mesa_banho,51.0,696.0,1.0,700.0,25.0,15.0,20.0,7
PRO_1931,casa_construcao,63.0,380.0,4.0,1200.0,16.0,20.0,38.0,48
PRO_1932,esporte_lazer,52.0,642.0,1.0,1136.0,24.0,21.0,18.0,65
PRO_1933,utilidades_domesticas,50.0,482.0,4.0,700.0,27.0,9.0,19.0,49
PRO_1934,fashion_bolsas_e_acessorios,42.0,168.0,1.0,150.0,17.0,7.0,12.0,28
PRO_1935,esporte_lazer,45.0,601.0,1.0,10450.0,20.0,23.0,12.0,65
PRO_1936,beleza_saude,50.0,921.0,1.0,700.0,16.0,16.0,16.0,43
PRO_1937,beleza_saude,50.0,796.0,2.0,150.0,20.0,10.0,20.0,43
PRO_1938,papelaria,59.0,1566.0,1.0,250.0,26.0,26.0,11.0,66
PRO_1939,fashion_bolsas_e_acessorios,39.0,565.0,3.0,100.0,17.0,7.0,17.0,28
PRO_1940,malas_acessorios,51.0,352.0,1.0,450.0,20.0,5.0,20.0,53
PRO_1941,papelaria,49.0,241.0,3.0,6100.0,60.0,20.0,29.0,66
PRO_1942,moveis_sala,33.0,328.0,2.0,6050.0,55.0,14.0,47.0,40
PRO_1943,cama_mesa_banho,55.0,246.0,1.0,950.0,38.0,10.0,38.0,7
PRO_1944,esporte_lazer,51.0,1016.0,2.0,2300.0,30.0,13.0,25.0,65
PRO_1945,cama_mesa_banho,40.0,485.0,2.0,1100.0,40.0,6.0,30.0,7
PRO_1946,automotivo,60.0,547.0,1.0,1050.0,16.0,5.0,16.0,5
PRO_1947,moveis_decoracao,59.0,566.0,1.0,200.0,35.0,10.0,20.0,39
PRO_1948,moveis_sala,52.0,400.0,3.0,6100.0,50.0,50.0,11.0,40
PRO_1949,beleza_saude,53.0,3954.0,1.0,3700.0,40.0,10.0,20.0,43
PRO_1950,eletroportateis,60.0,454.0,3.0,2007.0,30.0,25.0,31.0,63
PRO_1951,construcao_ferramentas_construcao,40.0,1973.0,9.0,200.0,40.0,4.0,30.0,17
PRO_1952,construcao_ferramentas_jardim,58.0,986.0,2.0,3097.0,57.0,9.0,35.0,21
PRO_1953,esporte_lazer,49.0,839.0,1.0,250.0,16.0,16.0,16.0,65
PRO_1954,cama_mesa_banho,60.0,269.0,1.0,3150.0,39.0,13.0,46.0,7
PRO_1955,dvds_blu_ray,49.0,1151.0,1.0,200.0,20.0,2.0,14.0,25
PRO_1956,beleza_saude,37.0,3781.0,1.0,100.0,16.0,5.0,17.0,43
PRO_1957,casa_construcao,59.0,962.0,6.0,50.0,52.0,22.0,52.0,48
PRO_1958,artes,48.0,135.0,1.0,500.0,50.0,6.0,20.0,2
PRO_1959,livros_interesse_geral,44.0,1615.0,1.0,800.0,33.0,6.0,22.0,8
PRO_1960,beleza_saude,56.0,1891.0,1.0,1100.0,16.0,15.0,13.0,43
PRO_1961,beleza_saude,52.0,1784.0,2.0,150.0,16.0,6.0,11.0,43
PRO_1962,instrumentos_musicais,57.0,55.0,1.0,150.0,20.0,7.0,15.0,56
PRO_1963,beleza_saude,27.0,152.0,2.0,1000.0,25.0,6.0,12.0,43
PRO_1964,esporte_lazer,56.0,926.0,5.0,2500.0,93.0,10.0,40.0,65
PRO_1965,beleza_saude,59.0,3323.0,8.0,100.0,28.0,13.0,12.0,43
PRO_1966,automotivo,60.0,651.0,5.0,3300.0,78.0,4.0,47.0,5
PRO_1967,brinquedos,35.0,1099.0,1.0,4200.0,60.0,60.0,30.0,69
PRO_1968,papelaria,44.0,226.0,2.0,200.0,24.0,7.0,14.0,66
PRO_1969,cama_mesa_banho,49.0,189.0,1.0,3305.0,65.0,12.0,45.0,7
PRO_1970,telefonia,60.0,587.0,2.0,200.0,19.0,4.0,11.0,68
PRO_1971,moveis_decoracao,44.0,472.0,2.0,2400.0,19.0,7.0,16.0,39
PRO_1972,utilidades_domesticas,45.0,160.0,4.0,9800.0,61.0,31.0,31.0,49
PRO_1973,eletrodomesticos,47.0,58.0,2.0,1344.0,26.0,27.0,34.0,44
PRO_1974,perfumaria,36.0,2379.0,6.0,300.0,20.0,20.0,20.0,59
PRO_1975,telefonia,42.0,329.0,1.0,150.0,16.0,4.0,13.0,68
PRO_1976,utilidades_domesticas,60.0,333.0,1.0,16000.0,32.0,72.0,32.0,49
PRO_1977,perfumaria,47.0,1985.0,1.0,550.0,22.0,7.0,16.0,59
PRO_1978,ferramentas_jardim,53.0,267.0,3.0,16600.0,42.0,90.0,26.0,42
PRO_1979,eletrodomesticos,57.0,328.0,1.0,150.0,27.0,13.0,17.0,44
PRO_1980,eletrodomesticos,55.0,725.0,3.0,6613.0,49.0,13.0,39.0,44
PRO_1981,esporte_lazer,50.0,867.0,3.0,1050.0,30.0,11.0,11.0,65
PRO_1982,unknown,51.0,595.0,1.0,700.0,35.0,35.0,15.0,70
PRO_1983,esporte_lazer,51.0,375.0,2.0,1650.0,20.0,40.0,30.0,65
PRO_1984,automotivo,59.0,344.0,1.0,2050.0,25.0,25.0,25.0,5
PRO_1985,automotivo,55.0,1311.0,3.0,400.0,16.0,7.0,20.0,5
PRO_1986,brinquedos,48.0,342.0,3.0,1050.0,16.0,20.0,15.0,69
PRO_1987,cama_mesa_banho,60.0,872.0,1.0,1400.0,45.0,15.0,35.0,7
PRO_1988,eletronicos,36.0,175.0,1.0,600.0,16.0,63.0,33.0,26
PRO_1989,papelaria,60.0,427.0,2.0,300.0,24.0,7.0,14.0,66
PRO_1990,unknown,51.0,595.0,1.0,600.0,18.0,18.0,18.0,70
PRO_1991,utilidades_domesticas,54.0,493.0,1.0,1733.0,23.0,23.0,21.0,49
PRO_1992,informatica_acessorios,46.0,2626.0,4.0,486.0,27.0,17.0,28.0,15
PRO_1993,relogios_presentes,63.0,1323.0,3.0,550.0,16.0,13.0,13.0,71
PRO_1994,cama_mesa_banho,58.0,395.0,4.0,5967.0,48.0,37.0,53.0,7
PRO_1995,beleza_saude,42.0,534.0,1.0,983.0,41.0,23.0,35.0,43
PRO_1996,cama_mesa_banho,57.0,427.0,1.0,800.0,45.0,15.0,35.0,7
PRO_1997,cama_mesa_banho,43.0,703.0,1.0,790.0,22.0,15.0,22.0,7
PRO_1998,cama_mesa_banho,41.0,350.0,1.0,1525.0,50.0,15.0,38.0,7
PRO_1999,brinquedos,57.0,564.0,1.0,150.0,20.0,7.0,15.0,69
PRO_2000,pet_shop,55.0,633.0,1.0,300.0,16.0,16.0,16.0,60
PRO_2001,automotivo,56.0,1831.0,1.0,1425.0,24.0,10.0,23.0,5
PRO_2002,esporte_lazer,33.0,959.0,1.0,550.0,25.0,15.0,25.0,65
PRO_2003,cama_mesa_banho,60.0,160.0,3.0,900.0,40.0,7.0,34.0,7
PRO_2004,automotivo,52.0,147.0,3.0,100.0,20.0,3.0,17.0,5
PRO_2005,esporte_lazer,47.0,1582.0,1.0,12000.0,105.0,46.0,46.0,65
PRO_2006,perfumaria,45.0,158.0,1.0,100.0,16.0,16.0,11.0,59
PRO_2007,cama_mesa_banho,49.0,729.0,1.0,850.0,20.0,30.0,30.0,7
PRO_2008,brinquedos,54.0,472.0,2.0,400.0,21.0,7.0,15.0,69
PRO_2009,market_place,35.0,382.0,1.0,285.0,19.0,13.0,15.0,54
PRO_2010,utilidades_domesticas,59.0,789.0,1.0,575.0,16.0,10.0,14.0,49
PRO_2011,relogios_presentes,53.0,581.0,2.0,350.0,16.0,11.0,11.0,71
PRO_2012,casa_construcao,51.0,853.0,6.0,1050.0,16.0,20.0,16.0,48
PRO_2013,beleza_saude,38.0,334.0,1.0,527.0,18.0,16.0,13.0,43
PRO_2014,construcao_ferramentas_construcao,58.0,338.0,1.0,2700.0,24.0,7.0,24.0,17
PRO_2015,construcao_ferramentas_construcao,59.0,1085.0,4.0,800.0,25.0,21.0,25.0,17
PRO_2016,cama_mesa_banho,54.0,289.0,1.0,2150.0,34.0,9.0,33.0,7
PRO_2017,bebes,52.0,704.0,4.0,3600.0,60.0,20.0,50.0,6
PRO_2018,beleza_saude,45.0,3059.0,3.0,250.0,23.0,7.0,15.0,43
PRO_2019,informatica_acessorios,59.0,583.0,1.0,300.0,16.0,8.0,12.0,15
PRO_2020,esporte_lazer,52.0,490.0,2.0,1182.0,21.0,16.0,17.0,65
PRO_2021,cama_mesa_banho,60.0,226.0,1.0,1500.0,49.0,7.0,40.0,7
PRO_2022,relogios_presentes,49.0,628.0,1.0,417.0,16.0,11.0,13.0,71
PRO_2023,brinquedos,26.0,855.0,2.0,500.0,18.0,6.0,21.0,69
PRO_2024,moveis_cozinha_area_de_servico_jantar_e_jardim,43.0,1424.0,1.0,6550.0,21.0,41.0,31.0,51
PRO_2025,eletroportateis,56.0,3498.0,1.0,600.0,16.0,4.0,13.0,63
PRO_2026,artigos_de_natal,52.0,647.0,9.0,2400.0,41.0,16.0,38.0,12
PRO_2027,casa_construcao,22.0,579.0,2.0,30000.0,30.0,105.0,15.0,48
PRO_2028,utilidades_domesticas,55.0,271.0,2.0,2700.0,30.0,16.0,33.0,49
PRO_2029,moveis_sala,58.0,1358.0,1.0,23100.0,50.0,60.0,50.0,40
PRO_2030,relogios_presentes,44.0,546.0,1.0,475.0,19.0,13.0,20.0,71
PRO_2031,automotivo,45.0,334.0,3.0,100.0,38.0,2.0,22.0,5
PRO_2032,relogios_presentes,42.0,2711.0,1.0,175.0,21.0,14.0,18.0,71
PRO_2033,relogios_presentes,32.0,467.0,1.0,457.0,19.0,15.0,24.0,71
PRO_2034,eletrodomesticos,39.0,229.0,1.0,200.0,26.0,15.0,35.0,44
PRO_2035,fashion_calcados,54.0,404.0,4.0,700.0,22.0,12.0,33.0,31
PRO_2036,ferramentas_jardim,54.0,1905.0,3.0,450.0,50.0,20.0,20.0,42
PRO_2037,automotivo,56.0,920.0,1.0,9850.0,56.0,15.0,15.0,5
PRO_2038,perfumaria,45.0,650.0,1.0,350.0,18.0,10.0,12.0,59
PRO_2039,moveis_decoracao,58.0,566.0,2.0,300.0,52.0,3.0,35.0,39
PRO_2040,cool_stuff,33.0,659.0,1.0,1250.0,42.0,25.0,15.0,20
PRO_2041,automotivo,53.0,1421.0,1.0,200.0,20.0,6.0,17.0,5
PRO_2042,utilidades_domesticas,63.0,427.0,3.0,350.0,30.0,5.0,25.0,49
PRO_2043,beleza_saude,59.0,895.0,1.0,50.0,20.0,15.0,15.0,43
PRO_2044,perfumaria,36.0,220.0,1.0,400.0,16.0,18.0,11.0,59
PRO_2045,moveis_decoracao,63.0,461.0,2.0,800.0,80.0,10.0,60.0,39
PRO_2046,perfumaria,19.0,616.0,1.0,100.0,20.0,20.0,30.0,59
PRO_2047,automotivo,52.0,190.0,4.0,11600.0,53.0,77.0,17.0,5
PRO_2048,moveis_decoracao,58.0,575.0,1.0,300.0,35.0,10.0,25.0,39
PRO_2049,esporte_lazer,24.0,1636.0,1.0,7450.0,19.0,22.0,20.0,65
PRO_2050,moveis_cozinha_area_de_servico_jantar_e_jardim,34.0,1932.0,5.0,17000.0,35.0,96.0,12.0,51
PRO_2051,moveis_decoracao,29.0,383.0,1.0,2000.0,30.0,30.0,30.0,39
PRO_2052,utilidades_domesticas,48.0,617.0,1.0,2600.0,33.0,23.0,30.0,49
PRO_2053,beleza_saude,50.0,928.0,1.0,738.0,17.0,19.0,15.0,43
PRO_2054,papelaria,54.0,218.0,3.0,6900.0,28.0,55.0,37.0,66
PRO_2055,moveis_decoracao,32.0,165.0,1.0,400.0,32.0,5.0,22.0,39
PRO_2056,construcao_ferramentas_iluminacao,41.0,971.0,1.0,1050.0,16.0,19.0,16.0,18
PRO_2057,informatica_acessorios,55.0,726.0,1.0,350.0,25.0,3.0,25.0,15
PRO_2058,beleza_saude,58.0,1638.0,1.0,270.0,19.0,20.0,19.0,43
PRO_2059,brinquedos,36.0,478.0,1.0,625.0,31.0,10.0,22.0,69
PRO_2060,automotivo,56.0,461.0,7.0,400.0,30.0,11.0,15.0,5
PRO_2061,eletronicos,59.0,1723.0,1.0,400.0,23.0,11.0,21.0,26
PRO_2062,cama_mesa_banho,48.0,2139.0,1.0,1700.0,30.0,23.0,11.0,7
PRO_2063,cama_mesa_banho,59.0,81.0,1.0,800.0,20.0,2.0,15.0,7
PRO_2064,brinquedos,20.0,234.0,1.0,400.0,17.0,10.0,12.0,69
PRO_2065,utilidades_domesticas,27.0,780.0,2.0,150.0,21.0,34.0,34.0,49
PRO_2066,ferramentas_jardim,37.0,1067.0,3.0,5400.0,34.0,34.0,34.0,42
PRO_2067,esporte_lazer,59.0,471.0,2.0,300.0,30.0,10.0,16.0,65
PRO_2068,consoles_games,23.0,430.0,1.0,525.0,43.0,11.0,17.0,16
PRO_2069,papelaria,59.0,504.0,4.0,150.0,22.0,5.0,12.0,66
PRO_2070,informatica_acessorios,53.0,326.0,4.0,1450.0,56.0,12.0,25.0,15
PRO_2071,fashion_bolsas_e_acessorios,23.0,433.0,3.0,150.0,16.0,10.0,13.0,28
PRO_2072,brinquedos,46.0,435.0,4.0,1600.0,20.0,5.0,18.0,69
PRO_2073,cama_mesa_banho,54.0,532.0,1.0,1450.0,16.0,10.0,16.0,7
PRO_2074,moveis_escritorio,30.0,210.0,3.0,5600.0,90.0,30.0,40.0,57
PRO_2075,construcao_ferramentas_ferramentas,53.0,470.0,3.0,200.0,16.0,16.0,16.0,22
PRO_2076,moveis_decoracao,55.0,287.0,2.0,700.0,28.0,50.0,28.0,39
PRO_2077,construcao_ferramentas_construcao,27.0,116.0,3.0,6900.0,45.0,19.0,45.0,17
PRO_2078,cama_mesa_banho,60.0,516.0,1.0,400.0,26.0,18.0,23.0,7
PRO_2079,utilidades_domesticas,33.0,1520.0,1.0,5950.0,35.0,35.0,29.0,49
PRO_2080,cama_mesa_banho,59.0,289.0,1.0,3400.0,36.0,10.0,35.0,7
PRO_2081,sinalizacao_e_seguranca,50.0,853.0,1.0,450.0,16.0,11.0,16.0,62
PRO_2082,unknown,51.0,595.0,1.0,3000.0,33.0,40.0,22.0,70
PRO_2083,brinquedos,36.0,509.0,1.0,800.0,40.0,10.0,40.0,69
PRO_2084,eletronicos,60.0,740.0,1.0,150.0,18.0,12.0,15.0,26
PRO_2085,moveis_decoracao,58.0,454.0,2.0,467.0,47.0,4.0,35.0,39
PRO_2086,relogios_presentes,54.0,753.0,2.0,300.0,16.0,11.0,11.0,71
PRO_2087,consoles_games,48.0,1199.0,2.0,615.0,19.0,12.0,18.0,16
PRO_2088,perfumaria,52.0,733.0,1.0,350.0,17.0,16.0,17.0,59
PRO_2089,papelaria,60.0,778.0,6.0,1500.0,30.0,50.0,20.0,66
PRO_2090,esporte_lazer,26.0,108.0,1.0,600.0,22.0,16.0,22.0,65
PRO_2091,moveis_decoracao,27.0,889.0,1.0,1250.0,23.0,8.0,8.0,39
PRO_2092,cama_mesa_banho,56.0,146.0,2.0,400.0,40.0,3.0,40.0,7
PRO_2093,eletrodomesticos,50.0,264.0,1.0,500.0,18.0,8.0,13.0,44
PRO_2094,relogios_presentes,55.0,201.0,8.0,200.0,16.0,2.0,11.0,71
PRO_2095,instrumentos_musicais,33.0,487.0,3.0,3250.0,66.0,17.0,36.0,56
PRO_2096,construcao_ferramentas_construcao,55.0,338.0,1.0,2600.0,23.0,8.0,23.0,17
PRO_2097,cama_mesa_banho,55.0,610.0,3.0,7550.0,60.0,30.0,60.0,7
PRO_2098,bebes,56.0,937.0,2.0,400.0,30.0,16.0,16.0,6
PRO_2099,cama_mesa_banho,60.0,146.0,2.0,3250.0,34.0,8.0,41.0,7
PRO_2100,brinquedos,57.0,795.0,1.0,200.0,17.0,12.0,12.0,69
PRO_2101,brinquedos,47.0,493.0,1.0,1185.0,22.0,18.0,23.0,69
PRO_2102,informatica_acessorios,57.0,738.0,2.0,433.0,18.0,4.0,15.0,15
PRO_2103,informatica_acessorios,52.0,153.0,3.0,600.0,19.0,5.0,12.0,15
PRO_2104,moveis_decoracao,47.0,343.0,1.0,800.0,40.0,5.0,20.0,39
PRO_2105,ferramentas_jardim,21.0,703.0,3.0,7600.0,40.0,40.0,40.0,42
PRO_2106,ferramentas_jardim,56.0,318.0,2.0,1900.0,69.0,5.0,22.0,42
PRO_2107,ferramentas_jardim,56.0,381.0,2.0,2900.0,30.0,10.0,25.0,42
PRO_2108,fashion_calcados,54.0,404.0,4.0,900.0,22.0,12.0,33.0,31
PRO_2109,automotivo,42.0,840.0,1.0,5100.0,45.0,20.0,45.0,5
PRO_2110,moveis_sala,26.0,948.0,1.0,8225.0,55.0,73.0,18.0,40
PRO_2111,beleza_saude,59.0,2751.0,4.0,3300.0,23.0,23.0,23.0,43
PRO_2112,utilidades_domesticas,45.0,173.0,1.0,2400.0,50.0,6.0,50.0,49
PRO_2113,pet_shop,53.0,823.0,17.0,1150.0,21.0,17.0,30.0,60
PRO_2114,perfumaria,57.0,2145.0,1.0,783.0,19.0,18.0,17.0,59
PRO_2115,moveis_decoracao,40.0,243.0,3.0,7675.0,71.0,8.0,71.0,39
PRO_2116,moveis_decoracao,59.0,2084.0,2.0,1350.0,69.0,11.0,11.0,39
PRO_2117,brinquedos,55.0,701.0,1.0,1500.0,41.0,16.0,43.0,69
PRO_2118,automotivo,58.0,228.0,2.0,5550.0,55.0,35.0,30.0,5
PRO_2119,beleza_saude,27.0,1840.0,1.0,250.0,17.0,12.0,12.0,43
PRO_2120,automotivo,42.0,756.0,5.0,550.0,17.0,5.0,12.0,5
PRO_2121,beleza_saude,45.0,1703.0,1.0,1400.0,20.0,40.0,20.0,43
PRO_2122,esporte_lazer,41.0,1139.0,1.0,5475.0,32.0,33.0,22.0,65
PRO_2123,cool_stuff,58.0,426.0,7.0,23000.0,60.0,42.0,57.0,20
PRO_2124,fashion_bolsas_e_acessorios,40.0,233.0,1.0,200.0,24.0,9.0,16.0,28
PRO_2125,cool_stuff,45.0,424.0,2.0,600.0,32.0,4.0,29.0,20
PRO_2126,cama_mesa_banho,58.0,289.0,1.0,2200.0,45.0,15.0,35.0,7
PRO_2127,beleza_saude,46.0,862.0,1.0,700.0,25.0,12.0,19.0,43
PRO_2128,informatica_acessorios,54.0,1018.0,3.0,650.0,17.0,15.0,11.0,15
PRO_2129,cama_mesa_banho,34.0,373.0,1.0,16050.0,64.0,32.0,47.0,7
PRO_2130,brinquedos,49.0,911.0,3.0,200.0,20.0,25.0,25.0,69
PRO_2131,cama_mesa_banho,44.0,338.0,1.0,1200.0,34.0,17.0,28.0,7
PRO_2132,eletrodomesticos,57.0,1799.0,3.0,50.0,26.0,2.0,12.0,44
PRO_2133,informatica_acessorios,22.0,716.0,2.0,200.0,44.0,2.0,31.0,15
PRO_2134,casa_construcao,48.0,894.0,1.0,2300.0,30.0,30.0,30.0,48
PRO_2135,pcs,55.0,1105.0,1.0,13700.0,27.0,50.0,53.0,14
PRO_2136,beleza_saude,58.0,3897.0,2.0,800.0,40.0,20.0,30.0,43
PRO_2137,papelaria,33.0,197.0,3.0,200.0,24.0,7.0,14.0,66
PRO_2138,cama_mesa_banho,58.0,763.0,2.0,11850.0,50.0,40.0,43.0,7
PRO_2139,livros_interesse_geral,30.0,253.0,1.0,350.0,24.0,5.0,17.0,8
PRO_2140,utilidades_domesticas,60.0,185.0,2.0,525.0,25.0,28.0,25.0,49
PRO_2141,esporte_lazer,49.0,3148.0,8.0,325.0,19.0,14.0,17.0,65
PRO_2142,automotivo,56.0,1063.0,5.0,3850.0,53.0,43.0,11.0,5
PRO_2143,automotivo,52.0,381.0,2.0,4259.0,24.0,22.0,32.0,5
PRO_2144,fashion_bolsas_e_acessorios,45.0,802.0,1.0,100.0,16.0,5.0,16.0,28
PRO_2145,utilidades_domesticas,50.0,153.0,1.0,9950.0,20.0,50.0,28.0,49
PRO_2146,automotivo,44.0,1034.0,1.0,24000.0,61.0,67.0,33.0,5
PRO_2147,cool_stuff,41.0,364.0,1.0,600.0,32.0,4.0,29.0,20
PRO_2148,eletroportateis,31.0,3033.0,1.0,4450.0,48.0,34.0,33.0,63
PRO_2149,perfumaria,43.0,284.0,1.0,350.0,20.0,10.0,18.0,59
PRO_2150,automotivo,40.0,1387.0,1.0,2140.0,38.0,38.0,36.0,5
PRO_2151,moveis_escritorio,27.0,2161.0,1.0,14600.0,58.0,28.0,58.0,57
PRO_2152,bebes,44.0,705.0,2.0,150.0,17.0,24.0,18.0,6
PRO_2153,cama_mesa_banho,64.0,320.0,1.0,2600.0,45.0,15.0,35.0,7
PRO_2154,esporte_lazer,58.0,380.0,1.0,475.0,20.0,6.0,12.0,65
PRO_2155,utilidades_domesticas,43.0,339.0,1.0,200.0,20.0,10.0,20.0,49
PRO_2156,automotivo,33.0,47.0,1.0,186.0,16.0,13.0,14.0,5
PRO_2157,casa_construcao,53.0,917.0,8.0,1300.0,16.0,27.0,16.0,48
PRO_2158,cama_mesa_banho,57.0,111.0,1.0,900.0,40.0,15.0,30.0,7
PRO_2159,beleza_saude,52.0,1009.0,1.0,433.0,17.0,17.0,15.0,43
PRO_2160,unknown,51.0,595.0,1.0,400.0,17.0,17.0,17.0,70
PRO_2161,moveis_decoracao,55.0,1108.0,1.0,2000.0,28.0,38.0,11.0,39
PRO_2162,moveis_decoracao,57.0,228.0,2.0,1500.0,55.0,15.0,42.0,39
PRO_2163,esporte_lazer,57.0,1600.0,1.0,1300.0,31.0,33.0,32.0,65
PRO_2164,beleza_saude,18.0,592.0,1.0,3600.0,45.0,11.0,15.0,43
PRO_2165,livros_tecnicos,59.0,927.0,1.0,900.0,25.0,5.0,20.0,10
PRO_2166,beleza_saude,58.0,391.0,1.0,250.0,16.0,5.0,15.0,43
PRO_2167,bebes,23.0,358.0,1.0,450.0,30.0,7.0,20.0,6
PRO_2168,fashion_calcados,44.0,284.0,12.0,300.0,29.0,7.0,16.0,31
PRO_2169,utilidades_domesticas,51.0,444.0,1.0,8525.0,27.0,58.0,28.0,49
PRO_2170,cama_mesa_banho,44.0,729.0,1.0,3450.0,20.0,30.0,30.0,7
PRO_2171,telefonia,45.0,385.0,3.0,50.0,19.0,3.0,11.0,68
PRO_2172,utilidades_domesticas,42.0,542.0,2.0,900.0,25.0,10.0,36.0,49
PRO_2173,market_place,37.0,199.0,1.0,50.0,40.0,40.0,30.0,54
PRO_2174,brinquedos,34.0,643.0,1.0,11867.0,43.0,43.0,38.0,69
PRO_2175,telefonia_fixa,50.0,908.0,6.0,300.0,19.0,6.0,15.0,34
PRO_2176,utilidades_domesticas,55.0,1142.0,1.0,19250.0,60.0,60.0,32.0,49
PRO_2177,moveis_decoracao,58.0,884.0,3.0,6050.0,40.0,30.0,30.0,39
PRO_2178,utilidades_domesticas,27.0,331.0,2.0,500.0,20.0,20.0,20.0,49
PRO_2179,utilidades_domesticas,60.0,922.0,5.0,975.0,41.0,36.0,12.0,49
PRO_2180,moveis_escritorio,46.0,1172.0,1.0,250.0,78.0,45.0,21.0,57
PRO_2181,bebidas,43.0,1680.0,1.0,375.0,20.0,12.0,15.0,24
PRO_2182,esporte_lazer,30.0,211.0,1.0,1200.0,51.0,18.0,20.0,65
PRO_2183,pet_shop,57.0,2358.0,6.0,6350.0,56.0,20.0,34.0,60
PRO_2184,esporte_lazer,44.0,228.0,2.0,2350.0,60.0,15.0,15.0,65
PRO_2185,utilidades_domesticas,55.0,1093.0,2.0,7350.0,57.0,28.0,30.0,49
PRO_2186,papelaria,54.0,696.0,5.0,350.0,26.0,36.0,11.0,66
PRO_2187,bebidas,43.0,453.0,2.0,4550.0,40.0,20.0,30.0,24
PRO_2188,livros_interesse_geral,56.0,815.0,1.0,300.0,30.0,5.0,20.0,8
PRO_2189,livros_tecnicos,50.0,153.0,1.0,250.0,23.0,2.0,17.0,10
PRO_2190,moveis_decoracao,55.0,529.0,5.0,1150.0,16.0,33.0,33.0,39
PRO_2191,fashion_roupa_feminina,58.0,360.0,4.0,450.0,16.0,5.0,20.0,27
PRO_2192,cama_mesa_banho,58.0,405.0,1.0,1400.0,40.0,10.0,30.0,7
PRO_2193,informatica_acessorios,57.0,151.0,2.0,800.0,42.0,8.0,31.0,15
PRO_2194,construcao_ferramentas_construcao,40.0,491.0,2.0,1300.0,20.0,20.0,20.0,17
PRO_2195,informatica_acessorios,45.0,503.0,1.0,1150.0,23.0,19.0,26.0,15
PRO_2196,eletronicos,50.0,237.0,1.0,175.0,20.0,16.0,18.0,26
PRO_2197,pet_shop,56.0,834.0,17.0,2000.0,33.0,30.0,44.0,60
PRO_2198,utilidades_domesticas,42.0,1148.0,1.0,450.0,28.0,12.0,23.0,49
PRO_2199,informatica_acessorios,57.0,1138.0,3.0,100.0,18.0,12.0,16.0,15
PRO_2200,esporte_lazer,34.0,359.0,4.0,1400.0,27.0,12.0,49.0,65
PRO_2201,beleza_saude,37.0,510.0,1.0,419.0,22.0,14.0,18.0,43
PRO_2202,fashion_bolsas_e_acessorios,41.0,827.0,1.0,100.0,16.0,5.0,16.0,28
PRO_2203,construcao_ferramentas_iluminacao,56.0,1512.0,6.0,500.0,35.0,14.0,23.0,18
PRO_2204,moveis_decoracao,60.0,1969.0,2.0,400.0,69.0,11.0,11.0,39
PRO_2205,informatica_acessorios,55.0,631.0,1.0,571.0,24.0,25.0,20.0,15
PRO_2206,unknown,51.0,595.0,1.0,900.0,22.0,4.0,14.0,70
PRO_2207,beleza_saude,47.0,770.0,1.0,300.0,19.0,12.0,13.0,43
PRO_2208,automotivo,56.0,1586.0,3.0,550.0,16.0,21.0,18.0,5
PRO_2209,cama_mesa_banho,49.0,1003.0,1.0,1550.0,40.0,9.0,32.0,7
PRO_2210,brinquedos,57.0,571.0,1.0,400.0,28.0,7.0,24.0,69
PRO_2211,perfumaria,51.0,273.0,1.0,350.0,19.0,13.0,16.0,59
PRO_2212,beleza_saude,47.0,766.0,1.0,400.0,18.0,9.0,14.0,43
PRO_2213,eletronicos,59.0,547.0,1.0,1767.0,49.0,10.0,19.0,26
PRO_2214,relogios_presentes,50.0,556.0,1.0,400.0,18.0,12.0,12.0,71
PRO_2215,fashion_bolsas_e_acessorios,28.0,385.0,5.0,500.0,30.0,26.0,22.0,28
PRO_2216,telefonia,45.0,363.0,2.0,150.0,19.0,4.0,11.0,68
PRO_2217,brinquedos,31.0,299.0,2.0,500.0,42.0,6.0,33.0,69
PRO_2218,malas_acessorios,57.0,914.0,2.0,12000.0,35.0,20.0,50.0,53
PRO_2219,utilidades_domesticas,55.0,158.0,1.0,150.0,20.0,20.0,20.0,49
PRO_2220,cama_mesa_banho,26.0,421.0,1.0,200.0,16.0,12.0,11.0,7
PRO_2221,eletrodomesticos,54.0,257.0,3.0,300.0,40.0,25.0,25.0,44
PRO_2222,cama_mesa_banho,59.0,262.0,1.0,4083.0,56.0,16.0,50.0,7
PRO_2223,pet_shop,55.0,1143.0,2.0,1400.0,50.0,20.0,40.0,60
PRO_2224,esporte_lazer,57.0,574.0,6.0,550.0,30.0,16.0,16.0,65
PRO_2225,utilidades_domesticas,49.0,161.0,1.0,500.0,40.0,16.0,16.0,49
PRO_2226,ferramentas_jardim,45.0,267.0,1.0,250.0,18.0,16.0,15.0,42
PRO_2227,telefonia,58.0,477.0,5.0,250.0,17.0,4.0,12.0,68
PRO_2228,moveis_decoracao,52.0,469.0,2.0,100.0,16.0,3.0,23.0,39
PRO_2229,eletronicos,46.0,401.0,1.0,150.0,22.0,11.0,16.0,26
PRO_2230,utilidades_domesticas,57.0,190.0,1.0,350.0,33.0,7.0,15.0,49
PRO_2231,brinquedos,21.0,385.0,2.0,500.0,36.0,24.0,22.0,69
PRO_2232,cama_mesa_banho,43.0,1362.0,1.0,3000.0,40.0,9.0,32.0,7
PRO_2233,cama_mesa_banho,57.0,635.0,1.0,1300.0,20.0,16.0,20.0,7
PRO_2234,esporte_lazer,58.0,1593.0,1.0,300.0,16.0,15.0,15.0,65
PRO_2235,bebes,50.0,297.0,1.0,300.0,23.0,4.0,23.0,6
PRO_2236,fashion_calcados,43.0,647.0,3.0,900.0,20.0,9.0,21.0,31
PRO_2237,utilidades_domesticas,63.0,309.0,3.0,1300.0,17.0,30.0,35.0,49
PRO_2238,relogios_presentes,19.0,699.0,3.0,350.0,18.0,10.0,15.0,71
PRO_2239,utilidades_domesticas,42.0,328.0,4.0,400.0,27.0,9.0,18.0,49
PRO_2240,telefonia,62.0,340.0,1.0,300.0,13.0,8.0,10.0,68
PRO_2241,eletronicos,48.0,287.0,1.0,100.0,23.0,8.0,18.0,26
PRO_2242,esporte_lazer,43.0,856.0,1.0,408.0,17.0,12.0,13.0,65
PRO_2243,malas_acessorios,57.0,488.0,3.0,19100.0,40.0,78.0,41.0,53
PRO_2244,cama_mesa_banho,50.0,194.0,3.0,750.0,37.0,23.0,35.0,7
PRO_2245,fashion_bolsas_e_acessorios,51.0,396.0,4.0,1400.0,40.0,15.0,30.0,28
PRO_2246,eletronicos,47.0,1667.0,1.0,1075.0,19.0,15.0,23.0,26
PRO_2247,relogios_presentes,56.0,1344.0,3.0,500.0,16.0,11.0,12.0,71
PRO_2248,cama_mesa_banho,47.0,370.0,1.0,302.0,26.0,4.0,20.0,7
PRO_2249,papelaria,59.0,248.0,7.0,2000.0,30.0,20.0,29.0,66
PRO_2250,telefonia,60.0,296.0,2.0,150.0,16.0,11.0,11.0,68
PRO_2251,beleza_saude,69.0,918.0,1.0,50.0,22.0,3.0,15.0,43
PRO_2252,livros_interesse_geral,57.0,310.0,1.0,400.0,27.0,6.0,18.0,8
PRO_2253,moveis_escritorio,56.0,740.0,2.0,30000.0,51.0,66.0,63.0,57
PRO_2254,automotivo,59.0,2032.0,6.0,1775.0,42.0,28.0,31.0,5
PRO_2255,utilidades_domesticas,59.0,587.0,2.0,850.0,38.0,31.0,34.0,49
PRO_2256,esporte_lazer,48.0,354.0,2.0,900.0,28.0,25.0,25.0,65
PRO_2257,utilidades_domesticas,52.0,499.0,5.0,267.0,22.0,11.0,19.0,49
PRO_2258,esporte_lazer,52.0,448.0,2.0,250.0,21.0,14.0,15.0,65
PRO_2259,casa_construcao,58.0,1029.0,1.0,400.0,30.0,30.0,30.0,48
PRO_2260,construcao_ferramentas_construcao,55.0,1383.0,1.0,233.0,17.0,9.0,14.0,17
PRO_2261,cool_stuff,55.0,835.0,1.0,900.0,30.0,13.0,30.0,20
PRO_2262,moveis_decoracao,55.0,320.0,1.0,850.0,40.0,5.0,11.0,39
PRO_2263,pet_shop,51.0,458.0,3.0,150.0,26.0,6.0,19.0,60
PRO_2264,perfumaria,34.0,435.0,1.0,300.0,29.0,8.0,20.0,59
PRO_2265,cool_stuff,53.0,545.0,3.0,4500.0,30.0,30.0,30.0,20
PRO_2266,cama_mesa_banho,53.0,89.0,1.0,500.0,20.0,10.0,15.0,7
PRO_2267,bebes,55.0,1629.0,1.0,600.0,20.0,13.0,13.0,6
PRO_2268,malas_acessorios,42.0,791.0,1.0,500.0,50.0,5.0,40.0,53
PRO_2269,relogios_presentes,60.0,159.0,1.0,150.0,16.0,2.0,11.0,71
PRO_2270,informatica_acessorios,58.0,395.0,1.0,217.0,16.0,14.0,14.0,15
PRO_2271,cama_mesa_banho,46.0,162.0,5.0,4600.0,60.0,19.0,50.0,7
PRO_2272,beleza_saude,58.0,689.0,1.0,450.0,25.0,9.0,17.0,43
PRO_2273,moveis_decoracao,53.0,187.0,1.0,900.0,40.0,2.0,30.0,39
PRO_2274,automotivo,50.0,1145.0,3.0,500.0,16.0,5.0,11.0,5
PRO_2275,pet_shop,51.0,1815.0,2.0,200.0,20.0,7.0,14.0,60
PRO_2276,market_place,56.0,975.0,1.0,950.0,26.0,17.0,24.0,54
PRO_2277,papelaria,26.0,473.0,6.0,1500.0,35.0,50.0,20.0,66
PRO_2278,informatica_acessorios,48.0,591.0,3.0,138.0,16.0,13.0,13.0,15
PRO_2279,esporte_lazer,44.0,907.0,1.0,300.0,16.0,7.0,11.0,65
PRO_2280,unknown,51.0,595.0,1.0,800.0,38.0,10.0,16.0,70
PRO_2281,utilidades_domesticas,42.0,540.0,4.0,9950.0,31.0,61.0,31.0,49
PRO_2282,malas_acessorios,51.0,1419.0,3.0,100.0,17.0,3.0,13.0,53
PRO_2283,beleza_saude,51.0,1237.0,1.0,200.0,16.0,9.0,12.0,43
PRO_2284,cama_mesa_banho,47.0,228.0,1.0,200.0,32.0,3.0,23.0,7
PRO_2285,beleza_saude,56.0,632.0,2.0,200.0,20.0,10.0,15.0,43
PRO_2286,eletronicos,57.0,2060.0,2.0,3250.0,70.0,10.0,25.0,26
PRO_2287,automotivo,56.0,1445.0,2.0,1100.0,32.0,13.0,30.0,5
PRO_2288,sinalizacao_e_seguranca,38.0,1174.0,3.0,200.0,19.0,12.0,12.0,62
PRO_2289,cool_stuff,33.0,604.0,1.0,1700.0,42.0,25.0,15.0,20
PRO_2290,casa_conforto,52.0,275.0,2.0,1500.0,45.0,15.0,35.0,47
PRO_2291,utilidades_domesticas,51.0,408.0,3.0,950.0,16.0,40.0,16.0,49
PRO_2292,moveis_decoracao,52.0,563.0,2.0,450.0,25.0,29.0,25.0,39
PRO_2293,beleza_saude,50.0,902.0,1.0,683.0,22.0,17.0,24.0,43
PRO_2294,cama_mesa_banho,52.0,431.0,1.0,3550.0,45.0,15.0,35.0,7
PRO_2295,moveis_decoracao,61.0,157.0,9.0,3450.0,41.0,15.0,25.0,39
PRO_2296,esporte_lazer,33.0,221.0,2.0,3650.0,60.0,15.0,15.0,65
PRO_2297,moveis_decoracao,26.0,218.0,1.0,600.0,25.0,25.0,11.0,39
PRO_2298,cama_mesa_banho,60.0,347.0,1.0,7950.0,45.0,18.0,38.0,7
PRO_2299,cool_stuff,41.0,909.0,1.0,1400.0,42.0,25.0,15.0,20
PRO_2300,instrumentos_musicais,45.0,154.0,1.0,550.0,30.0,10.0,20.0,56
PRO_2301,esporte_lazer,42.0,852.0,2.0,1400.0,16.0,12.0,11.0,65
PRO_2302,automotivo,60.0,204.0,2.0,150.0,25.0,20.0,25.0,5
PRO_2303,artigos_de_natal,51.0,280.0,1.0,250.0,16.0,12.0,11.0,12
PRO_2304,moveis_sala,20.0,466.0,1.0,3350.0,33.0,13.0,33.0,40
PRO_2305,moveis_decoracao,43.0,203.0,2.0,383.0,24.0,22.0,21.0,39
PRO_2306,utilidades_domesticas,16.0,270.0,1.0,550.0,40.0,20.0,20.0,49
PRO_2307,cama_mesa_banho,55.0,248.0,1.0,3025.0,44.0,14.0,38.0,7
PRO_2308,informatica_acessorios,35.0,843.0,1.0,275.0,19.0,10.0,13.0,15
PRO_2309,perfumaria,39.0,522.0,2.0,127.0,14.0,16.0,12.0,59
PRO_2310,relogios_presentes,51.0,960.0,1.0,450.0,20.0,13.0,13.0,71
PRO_2311,beleza_saude,50.0,1580.0,1.0,1036.0,20.0,19.0,14.0,43
PRO_2312,automotivo,42.0,497.0,1.0,550.0,20.0,10.0,15.0,5
PRO_2313,ferramentas_jardim,53.0,313.0,1.0,500.0,36.0,3.0,11.0,42
PRO_2314,papelaria,34.0,737.0,1.0,200.0,20.0,12.0,15.0,66
PRO_2315,papelaria,52.0,431.0,1.0,1900.0,49.0,12.0,36.0,66
PRO_2316,brinquedos,53.0,1047.0,3.0,21600.0,60.0,50.0,50.0,69
PRO_2317,telefonia,58.0,776.0,6.0,200.0,17.0,4.0,12.0,68
PRO_2318,informatica_acessorios,58.0,189.0,3.0,250.0,21.0,4.0,14.0,15
PRO_2319,moveis_decoracao,56.0,646.0,1.0,300.0,16.0,30.0,20.0,39
PRO_2320,beleza_saude,56.0,2430.0,2.0,200.0,18.0,6.0,15.0,43
PRO_2321,beleza_saude,41.0,1096.0,1.0,150.0,19.0,8.0,13.0,43
PRO_2322,relogios_presentes,51.0,486.0,2.0,250.0,18.0,14.0,18.0,71
PRO_2323,cama_mesa_banho,53.0,293.0,1.0,1250.0,16.0,10.0,16.0,7
PRO_2324,relogios_presentes,44.0,417.0,1.0,800.0,20.0,12.0,15.0,71
PRO_2325,bebes,42.0,498.0,2.0,8200.0,44.0,32.0,35.0,6
PRO_2326,moveis_decoracao,31.0,192.0,1.0,1600.0,24.0,27.0,39.0,39
PRO_2327,cama_mesa_banho,59.0,277.0,1.0,5550.0,45.0,15.0,30.0,7
PRO_2328,artes,44.0,134.0,1.0,1350.0,70.0,10.0,11.0,2
PRO_2329,cama_mesa_banho,55.0,290.0,2.0,17100.0,56.0,38.0,48.0,7
PRO_2330,esporte_lazer,35.0,459.0,5.0,750.0,23.0,30.0,30.0,65
PRO_2331,eletronicos,43.0,889.0,2.0,113.0,16.0,10.0,12.0,26
PRO_2332,utilidades_domesticas,48.0,254.0,2.0,750.0,54.0,7.0,22.0,49
PRO_2333,cama_mesa_banho,49.0,316.0,1.0,5850.0,45.0,21.0,37.0,7
PRO_2334,esporte_lazer,36.0,1000.0,1.0,525.0,18.0,12.0,12.0,65
PRO_2335,utilidades_domesticas,53.0,817.0,1.0,1900.0,30.0,30.0,30.0,49
PRO_2336,utilidades_domesticas,59.0,1614.0,1.0,450.0,16.0,26.0,11.0,49
PRO_2337,informatica_acessorios,46.0,394.0,1.0,350.0,20.0,15.0,18.0,15
PRO_2338,alimentos_bebidas,36.0,420.0,1.0,1200.0,16.0,23.0,13.0,37
PRO_2339,moveis_decoracao,40.0,160.0,3.0,523.0,20.0,25.0,20.0,39
PRO_2340,market_place,55.0,1626.0,1.0,175.0,17.0,10.0,19.0,54
PRO_2341,moveis_decoracao,39.0,396.0,2.0,1000.0,22.0,10.0,22.0,39
PRO_2342,pet_shop,46.0,2381.0,3.0,400.0,30.0,20.0,20.0,60
PRO_2343,informatica_acessorios,45.0,530.0,2.0,150.0,19.0,5.0,13.0,15
PRO_2344,moveis_escritorio,60.0,970.0,1.0,17950.0,64.0,30.0,56.0,57
PRO_2345,moveis_escritorio,52.0,1292.0,1.0,6975.0,52.0,51.0,17.0,57
PRO_2346,telefonia,58.0,585.0,2.0,350.0,17.0,4.0,12.0,68
PRO_2347,fashion_bolsas_e_acessorios,56.0,1447.0,1.0,200.0,16.0,2.0,11.0,28
PRO_2348,moveis_escritorio,34.0,1042.0,1.0,6800.0,45.0,55.0,16.0,57
PRO_2349,informatica_acessorios,41.0,500.0,1.0,400.0,18.0,9.0,16.0,15
PRO_2350,utilidades_domesticas,40.0,268.0,4.0,500.0,19.0,8.0,13.0,49
PRO_2351,industria_comercio_e_negocios,58.0,1930.0,1.0,4050.0,30.0,20.0,30.0,50
PRO_2352,instrumentos_musicais,59.0,153.0,2.0,300.0,16.0,5.0,20.0,56
PRO_2353,bebes,51.0,697.0,1.0,7100.0,42.0,24.0,42.0,6
PRO_2354,papelaria,51.0,88.0,1.0,100.0,16.0,5.0,16.0,66
PRO_2355,utilidades_domesticas,48.0,1827.0,4.0,12800.0,35.0,104.0,35.0,49
PRO_2356,cama_mesa_banho,19.0,284.0,2.0,1000.0,45.0,10.0,15.0,7
PRO_2357,cama_mesa_banho,52.0,289.0,1.0,3450.0,36.0,10.0,35.0,7
PRO_2358,cama_mesa_banho,57.0,188.0,1.0,1100.0,44.0,2.0,35.0,7
PRO_2359,relogios_presentes,39.0,589.0,1.0,15267.0,17.0,10.0,13.0,71
PRO_2360,moveis_decoracao,57.0,272.0,1.0,2500.0,40.0,10.0,30.0,39
PRO_2361,moveis_decoracao,50.0,1938.0,1.0,1600.0,53.0,8.0,11.0,39
PRO_2362,cama_mesa_banho,48.0,126.0,1.0,1200.0,45.0,25.0,35.0,7
PRO_2363,cama_mesa_banho,58.0,58.0,1.0,200.0,20.0,2.0,15.0,7
PRO_2364,portateis_casa_forno_e_cafe,36.0,3437.0,6.0,1925.0,61.0,43.0,46.0,64
PRO_2365,telefonia,60.0,776.0,6.0,300.0,17.0,4.0,12.0,68
PRO_2366,relogios_presentes,58.0,884.0,6.0,500.0,16.0,11.0,12.0,71
PRO_2367,brinquedos,32.0,425.0,1.0,400.0,23.0,25.0,11.0,69
PRO_2368,bebes,53.0,809.0,5.0,7700.0,60.0,71.0,43.0,6
PRO_2369,moveis_decoracao,56.0,1749.0,4.0,1300.0,65.0,3.0,45.0,39
PRO_2370,cama_mesa_banho,39.0,437.0,1.0,550.0,30.0,3.0,19.0,7
PRO_2371,cool_stuff,49.0,805.0,1.0,300.0,25.0,10.0,20.0,20
PRO_2372,unknown,51.0,595.0,1.0,5100.0,30.0,20.0,30.0,70
PRO_2373,informatica_acessorios,53.0,1784.0,8.0,700.0,25.0,25.0,25.0,15
PRO_2374,brinquedos,39.0,440.0,3.0,1000.0,26.0,21.0,27.0,69
PRO_2375,utilidades_domesticas,49.0,1226.0,1.0,750.0,35.0,15.0,35.0,49
PRO_2376,esporte_lazer,53.0,354.0,1.0,1110.0,32.0,25.0,23.0,65
PRO_2377,beleza_saude,57.0,1502.0,1.0,200.0,16.0,4.0,16.0,43
PRO_2378,construcao_ferramentas_seguranca,58.0,2599.0,4.0,350.0,16.0,16.0,16.0,19
PRO_2379,instrumentos_musicais,55.0,541.0,3.0,2750.0,103.0,12.0,17.0,56
PRO_2380,moveis_decoracao,37.0,594.0,3.0,1100.0,103.0,6.0,20.0,39
PRO_2381,beleza_saude,49.0,967.0,1.0,450.0,16.0,15.0,15.0,43
PRO_2382,brinquedos,47.0,390.0,2.0,1050.0,49.0,25.0,36.0,69
PRO_2383,instrumentos_musicais,32.0,126.0,3.0,8200.0,90.0,15.0,60.0,56
PRO_2384,malas_acessorios,43.0,883.0,9.0,1750.0,32.0,52.0,19.0,53
PRO_2385,audio,58.0,656.0,4.0,250.0,16.0,5.0,11.0,4
PRO_2386,cama_mesa_banho,46.0,171.0,2.0,1050.0,50.0,11.0,11.0,7
PRO_2387,beleza_saude,40.0,422.0,1.0,400.0,16.0,10.0,20.0,43
PRO_2388,ferramentas_jardim,55.0,1654.0,2.0,500.0,20.0,15.0,15.0,42
PRO_2389,moveis_decoracao,56.0,302.0,1.0,650.0,25.0,40.0,25.0,39
PRO_2390,cama_mesa_banho,60.0,267.0,1.0,2900.0,46.0,8.0,38.0,7
PRO_2391,esporte_lazer,27.0,684.0,1.0,3100.0,19.0,3.0,19.0,65
PRO_2392,cama_mesa_banho,39.0,582.0,1.0,1300.0,35.0,19.0,45.0,7
PRO_2393,moveis_escritorio,59.0,1298.0,1.0,9350.0,52.0,52.0,17.0,57
PRO_2394,eletrodomesticos_2,44.0,57.0,1.0,3585.0,33.0,6.0,19.0,45
PRO_2395,unknown,51.0,595.0,1.0,300.0,16.0,2.0,11.0,70
PRO_2396,esporte_lazer,40.0,1034.0,3.0,200.0,105.0,10.0,15.0,65
PRO_2397,livros_interesse_geral,56.0,962.0,1.0,625.0,14.0,13.0,14.0,8
PRO_2398,automotivo,60.0,1159.0,3.0,2450.0,30.0,30.0,30.0,5
PRO_2399,esporte_lazer,52.0,351.0,3.0,550.0,35.0,14.0,23.0,65
PRO_2400,brinquedos,35.0,1837.0,1.0,500.0,16.0,20.0,20.0,69
PRO_2401,relogios_presentes,59.0,329.0,4.0,200.0,16.0,2.0,11.0,71
PRO_2402,fashion_bolsas_e_acessorios,14.0,115.0,2.0,400.0,20.0,20.0,20.0,28
PRO_2403,esporte_lazer,31.0,3822.0,1.0,680.0,17.0,17.0,15.0,65
PRO_2404,eletrodomesticos,46.0,384.0,1.0,14350.0,35.0,46.0,35.0,44
PRO_2405,telefonia,51.0,1538.0,3.0,253.0,21.0,16.0,21.0,68
PRO_2406,moveis_escritorio,43.0,1372.0,1.0,15817.0,54.0,48.0,30.0,57
PRO_2407,artigos_de_natal,60.0,298.0,9.0,1000.0,35.0,30.0,35.0,12
PRO_2408,informatica_acessorios,59.0,1226.0,1.0,800.0,33.0,12.0,11.0,15
PRO_2409,utilidades_domesticas,41.0,210.0,3.0,1100.0,19.0,12.0,15.0,49
PRO_2410,fashion_bolsas_e_acessorios,39.0,188.0,1.0,150.0,21.0,9.0,14.0,28
PRO_2411,cama_mesa_banho,52.0,222.0,1.0,1300.0,37.0,5.0,34.0,7
PRO_2412,telefonia,57.0,1239.0,3.0,8100.0,25.0,25.0,25.0,68
PRO_2413,beleza_saude,58.0,439.0,3.0,600.0,16.0,2.0,11.0,43
PRO_2414,moveis_decoracao,52.0,1492.0,3.0,2600.0,105.0,3.0,70.0,39
PRO_2415,utilidades_domesticas,53.0,786.0,4.0,1125.0,28.0,15.0,23.0,49
PRO_2416,cama_mesa_banho,43.0,646.0,1.0,1600.0,39.0,16.0,39.0,7
PRO_2417,perfumaria,58.0,1987.0,1.0,300.0,16.0,10.0,11.0,59
PRO_2418,esporte_lazer,48.0,1232.0,2.0,30000.0,105.0,65.0,20.0,65
PRO_2419,instrumentos_musicais,53.0,821.0,8.0,1050.0,50.0,20.0,40.0,56
PRO_2420,cool_stuff,61.0,1451.0,3.0,900.0,20.0,28.0,20.0,20
PRO_2421,ferramentas_jardim,36.0,733.0,1.0,3500.0,40.0,19.0,35.0,42
PRO_2422,cool_stuff,33.0,551.0,1.0,700.0,27.0,29.0,22.0,20
PRO_2423,beleza_saude,56.0,783.0,5.0,500.0,27.0,14.0,23.0,43
PRO_2424,ferramentas_jardim,44.0,504.0,3.0,250.0,20.0,20.0,20.0,42
PRO_2425,telefonia,60.0,818.0,6.0,250.0,17.0,4.0,12.0,68
PRO_2426,perfumaria,57.0,300.0,1.0,300.0,18.0,8.0,12.0,59
PRO_2427,esporte_lazer,50.0,1449.0,3.0,600.0,18.0,11.0,11.0,65
PRO_2428,bebes,58.0,2135.0,2.0,1850.0,67.0,10.0,40.0,6
PRO_2429,brinquedos,58.0,614.0,3.0,800.0,16.0,18.0,17.0,69
PRO_2430,cama_mesa_banho,60.0,374.0,2.0,6650.0,20.0,40.0,50.0,7
PRO_2431,informatica_acessorios,31.0,600.0,2.0,500.0,19.0,9.0,16.0,15
PRO_2432,beleza_saude,48.0,1674.0,1.0,2300.0,33.0,10.0,16.0,43
PRO_2433,telefonia,58.0,266.0,4.0,100.0,16.0,11.0,11.0,68
PRO_2434,brinquedos,47.0,749.0,1.0,1200.0,35.0,6.0,25.0,69
PRO_2435,automotivo,44.0,351.0,4.0,300.0,16.0,11.0,11.0,5
PRO_2436,consoles_games,39.0,129.0,1.0,50.0,16.0,39.0,11.0,16
PRO_2437,cama_mesa_banho,42.0,507.0,4.0,2050.0,50.0,10.0,40.0,7
PRO_2438,bebes,54.0,1035.0,1.0,50.0,20.0,5.0,15.0,6
PRO_2439,automotivo,57.0,2064.0,1.0,250.0,24.0,18.0,18.0,5
PRO_2440,moveis_decoracao,63.0,255.0,7.0,1050.0,38.0,13.0,47.0,39
PRO_2441,cama_mesa_banho,45.0,102.0,1.0,300.0,26.0,3.0,21.0,7
PRO_2442,livros_importados,57.0,3694.0,1.0,300.0,16.0,14.0,16.0,9
PRO_2443,automotivo,50.0,2304.0,4.0,250.0,16.0,6.0,15.0,5
PRO_2444,cama_mesa_banho,48.0,126.0,1.0,1600.0,45.0,25.0,35.0,7
PRO_2445,consoles_games,37.0,726.0,2.0,610.0,18.0,12.0,18.0,16
PRO_2446,automotivo,59.0,394.0,1.0,200.0,16.0,16.0,16.0,5
PRO_2447,fashion_roupa_masculina,50.0,472.0,2.0,900.0,50.0,10.0,40.0,30
PRO_2448,perfumaria,58.0,648.0,3.0,450.0,22.0,16.0,16.0,59
PRO_2449,informatica_acessorios,57.0,467.0,5.0,700.0,47.0,6.0,32.0,15
PRO_2450,construcao_ferramentas_jardim,58.0,1017.0,1.0,850.0,16.0,16.0,16.0,21
PRO_2451,brinquedos,35.0,558.0,2.0,6050.0,53.0,25.0,55.0,69
PRO_2452,telefonia,40.0,945.0,1.0,300.0,16.0,2.0,11.0,68
PRO_2453,cama_mesa_banho,57.0,343.0,1.0,8750.0,55.0,35.0,45.0,7
PRO_2454,beleza_saude,57.0,844.0,3.0,575.0,25.0,13.0,16.0,43
PRO_2455,brinquedos,51.0,1510.0,7.0,318.0,19.0,23.0,18.0,69
PRO_2456,esporte_lazer,26.0,187.0,1.0,600.0,17.0,30.0,12.0,65
PRO_2457,moveis_decoracao,51.0,676.0,1.0,5300.0,35.0,23.0,35.0,39
PRO_2458,esporte_lazer,49.0,1089.0,1.0,275.0,25.0,15.0,19.0,65
PRO_2459,automotivo,48.0,1069.0,1.0,600.0,16.0,2.0,11.0,5
PRO_2460,ferramentas_jardim,60.0,516.0,4.0,1100.0,35.0,5.0,11.0,42
PRO_2461,cama_mesa_banho,55.0,273.0,1.0,1150.0,38.0,10.0,38.0,7
PRO_2462,utilidades_domesticas,17.0,154.0,1.0,2133.0,24.0,25.0,25.0,49
PRO_2463,esporte_lazer,27.0,1045.0,1.0,200.0,16.0,16.0,16.0,65
PRO_2464,cama_mesa_banho,59.0,140.0,1.0,1150.0,36.0,8.0,27.0,7
PRO_2465,utilidades_domesticas,58.0,702.0,3.0,350.0,30.0,11.0,11.0,49
PRO_2466,moveis_decoracao,20.0,1695.0,2.0,600.0,30.0,15.0,15.0,39
PRO_2467,utilidades_domesticas,51.0,429.0,1.0,2700.0,80.0,10.0,50.0,49
PRO_2468,perfumaria,58.0,309.0,1.0,1000.0,16.0,15.0,15.0,59
PRO_2469,moveis_decoracao,38.0,723.0,11.0,1100.0,30.0,31.0,30.0,39
PRO_2470,casa_conforto,47.0,256.0,2.0,200.0,45.0,15.0,35.0,47
PRO_2471,utilidades_domesticas,26.0,261.0,1.0,850.0,35.0,10.0,11.0,49
PRO_2472,relogios_presentes,54.0,380.0,1.0,700.0,23.0,15.0,19.0,71
PRO_2473,beleza_saude,40.0,688.0,1.0,413.0,20.0,11.0,13.0,43
PRO_2474,utilidades_domesticas,57.0,954.0,1.0,800.0,28.0,22.0,28.0,49
PRO_2475,utilidades_domesticas,46.0,316.0,4.0,12150.0,68.0,20.0,33.0,49
PRO_2476,utilidades_domesticas,50.0,652.0,1.0,5950.0,30.0,30.0,30.0,49
PRO_2477,construcao_ferramentas_construcao,55.0,612.0,1.0,1900.0,35.0,30.0,25.0,17
PRO_2478,beleza_saude,53.0,1140.0,3.0,1600.0,18.0,8.0,20.0,43
PRO_2479,automotivo,57.0,703.0,6.0,3550.0,56.0,11.0,32.0,5
PRO_2480,telefonia,52.0,526.0,5.0,200.0,21.0,6.0,13.0,68
PRO_2481,bebes,33.0,561.0,1.0,200.0,18.0,16.0,16.0,6
PRO_2482,papelaria,44.0,402.0,3.0,650.0,16.0,4.0,11.0,66
PRO_2483,cama_mesa_banho,56.0,95.0,1.0,500.0,20.0,10.0,15.0,7
PRO_2484,brinquedos,51.0,296.0,2.0,250.0,23.0,11.0,22.0,69
PRO_2485,pet_shop,58.0,1009.0,4.0,250.0,27.0,9.0,27.0,60
PRO_2486,perfumaria,50.0,509.0,1.0,543.0,24.0,13.0,18.0,59
PRO_2487,esporte_lazer,45.0,1575.0,1.0,2152.0,26.0,24.0,21.0,65
PRO_2488,moveis_decoracao,38.0,503.0,4.0,1700.0,23.0,7.0,23.0,39
PRO_2489,cama_mesa_banho,48.0,252.0,1.0,625.0,70.0,15.0,50.0,7
PRO_2490,moveis_decoracao,27.0,413.0,2.0,3500.0,40.0,14.0,35.0,39
PRO_2491,brinquedos,51.0,386.0,5.0,400.0,22.0,13.0,22.0,69
PRO_2492,bebes,53.0,817.0,4.0,5900.0,45.0,40.0,73.0,6
PRO_2493,utilidades_domesticas,34.0,108.0,2.0,200.0,21.0,17.0,19.0,49
PRO_2494,utilidades_domesticas,60.0,470.0,1.0,2980.0,17.0,17.0,19.0,49
PRO_2495,relogios_presentes,47.0,764.0,2.0,200.0,16.0,11.0,11.0,71
PRO_2496,esporte_lazer,60.0,528.0,2.0,274.0,18.0,12.0,15.0,65
PRO_2497,utilidades_domesticas,60.0,214.0,5.0,27300.0,66.0,23.0,51.0,49
PRO_2498,papelaria,49.0,373.0,1.0,550.0,16.0,10.0,15.0,66
PRO_2499,moveis_decoracao,52.0,688.0,1.0,300.0,22.0,2.0,32.0,39
PRO_2500,unknown,51.0,595.0,1.0,100.0,22.0,6.0,11.0,70
PRO_2501,ferramentas_jardim,50.0,147.0,3.0,2300.0,67.0,2.0,41.0,42
PRO_2502,alimentos_bebidas,42.0,262.0,2.0,450.0,16.0,13.0,13.0,37
PRO_2503,relogios_presentes,60.0,102.0,3.0,400.0,40.0,10.0,25.0,71
PRO_2504,fashion_bolsas_e_acessorios,37.0,293.0,3.0,100.0,16.0,6.0,20.0,28
PRO_2505,eletrodomesticos,57.0,483.0,1.0,350.0,27.0,13.0,17.0,44
PRO_2506,utilidades_domesticas,50.0,3027.0,5.0,2725.0,37.0,17.0,37.0,49
PRO_2507,construcao_ferramentas_construcao,54.0,561.0,6.0,350.0,33.0,11.0,11.0,17
PRO_2508,relogios_presentes,55.0,184.0,6.0,300.0,16.0,2.0,11.0,71
PRO_2509,relogios_presentes,58.0,784.0,4.0,300.0,16.0,2.0,11.0,71
PRO_2510,brinquedos,58.0,1558.0,7.0,5800.0,16.0,16.0,16.0,69
PRO_2511,bebes,51.0,2012.0,2.0,350.0,65.0,11.0,11.0,6
PRO_2512,telefonia,39.0,365.0,13.0,100.0,16.0,3.0,11.0,68
PRO_2513,consoles_games,60.0,574.0,1.0,200.0,16.0,2.0,11.0,16
PRO_2514,cama_mesa_banho,53.0,228.0,1.0,200.0,32.0,3.0,23.0,7
PRO_2515,pet_shop,51.0,1585.0,1.0,200.0,20.0,7.0,14.0,60
PRO_2516,utilidades_domesticas,58.0,1137.0,1.0,19550.0,43.0,79.0,41.0,49
PRO_2517,pet_shop,51.0,1538.0,2.0,850.0,24.0,20.0,24.0,60
PRO_2518,eletronicos,58.0,705.0,1.0,200.0,20.0,10.0,20.0,26
PRO_2519,beleza_saude,35.0,1014.0,1.0,599.0,16.0,10.0,14.0,43
PRO_2520,telefonia,60.0,818.0,5.0,300.0,17.0,4.0,12.0,68
PRO_2521,brinquedos,31.0,673.0,1.0,1100.0,28.0,45.0,11.0,69
PRO_2522,cool_stuff,52.0,692.0,4.0,450.0,30.0,9.0,30.0,20
PRO_2523,cama_mesa_banho,58.0,518.0,1.0,2250.0,30.0,30.0,30.0,7
PRO_2524,moveis_decoracao,50.0,830.0,1.0,650.0,20.0,35.0,20.0,39
PRO_2525,utilidades_domesticas,58.0,1793.0,6.0,2050.0,25.0,25.0,25.0,49
PRO_2526,cool_stuff,45.0,3908.0,4.0,300.0,21.0,12.0,12.0,20
PRO_2527,utilidades_domesticas,58.0,1284.0,7.0,2700.0,25.0,15.0,25.0,49
PRO_2528,utilidades_domesticas,50.0,443.0,1.0,1625.0,41.0,26.0,26.0,49
PRO_2529,brinquedos,53.0,295.0,3.0,124.0,19.0,16.0,17.0,69
PRO_2530,telefonia,35.0,799.0,5.0,60.0,18.0,2.0,11.0,68
PRO_2531,automotivo,59.0,679.0,5.0,5400.0,78.0,4.0,47.0,5
PRO_2532,fashion_underwear_e_moda_praia,63.0,3853.0,9.0,700.0,20.0,10.0,15.0,33
PRO_2533,pet_shop,45.0,3878.0,1.0,88.0,16.0,7.0,14.0,60
PRO_2534,eletrodomesticos_2,55.0,1345.0,6.0,8850.0,45.0,33.0,35.0,45
PRO_2535,esporte_lazer,59.0,871.0,2.0,400.0,16.0,7.0,11.0,65
PRO_2536,consoles_games,57.0,574.0,2.0,200.0,16.0,2.0,11.0,16
PRO_2537,construcao_ferramentas_seguranca,50.0,984.0,2.0,246.0,22.0,15.0,19.0,19
PRO_2538,beleza_saude,53.0,423.0,1.0,30000.0,55.0,75.0,61.0,43
PRO_2539,automotivo,59.0,500.0,1.0,700.0,20.0,20.0,20.0,5
PRO_2540,utilidades_domesticas,40.0,153.0,1.0,14350.0,55.0,15.0,45.0,49
PRO_2541,pet_shop,29.0,363.0,1.0,12450.0,69.0,36.0,30.0,60
PRO_2542,esporte_lazer,30.0,2299.0,1.0,150.0,20.0,10.0,15.0,65
PRO_2543,cama_mesa_banho,53.0,212.0,1.0,1225.0,34.0,14.0,29.0,7
PRO_2544,telefonia,59.0,734.0,3.0,250.0,17.0,4.0,12.0,68
PRO_2545,esporte_lazer,59.0,202.0,3.0,250.0,20.0,5.0,13.0,65
PRO_2546,cama_mesa_banho,51.0,324.0,1.0,900.0,42.0,8.0,37.0,7
PRO_2547,moveis_decoracao,56.0,1892.0,5.0,1550.0,69.0,11.0,11.0,39
PRO_2548,papelaria,58.0,391.0,4.0,5900.0,28.0,55.0,37.0,66
PRO_2549,cama_mesa_banho,43.0,383.0,1.0,1300.0,34.0,14.0,30.0,7
PRO_2550,beleza_saude,29.0,432.0,1.0,700.0,22.0,11.0,16.0,43
PRO_2551,ferramentas_jardim,57.0,417.0,1.0,1000.0,24.0,13.0,18.0,42
PRO_2552,cama_mesa_banho,52.0,346.0,1.0,400.0,16.0,10.0,16.0,7
PRO_2553,relogios_presentes,51.0,789.0,2.0,200.0,16.0,2.0,11.0,71
PRO_2554,perfumaria,34.0,55.0,1.0,200.0,20.0,12.0,16.0,59
PRO_2555,automotivo,37.0,1507.0,4.0,2600.0,38.0,18.0,23.0,5
PRO_2556,consoles_games,34.0,344.0,3.0,150.0,17.0,2.0,14.0,16
PRO_2557,fashion_bolsas_e_acessorios,57.0,676.0,4.0,150.0,17.0,9.0,17.0,28
PRO_2558,cama_mesa_banho,55.0,284.0,1.0,10050.0,50.0,30.0,40.0,7
PRO_2559,moveis_decoracao,42.0,1002.0,1.0,1300.0,17.0,27.0,17.0,39
PRO_2560,esporte_lazer,28.0,369.0,4.0,1050.0,74.0,30.0,25.0,65
PRO_2561,bebes,46.0,1051.0,1.0,700.0,36.0,15.0,25.0,6
PRO_2562,utilidades_domesticas,45.0,210.0,5.0,300.0,18.0,4.0,12.0,49
PRO_2563,cool_stuff,33.0,500.0,5.0,300.0,28.0,6.0,13.0,20
PRO_2564,moveis_escritorio,35.0,1168.0,1.0,12675.0,48.0,49.0,40.0,57
PRO_2565,perfumaria,48.0,344.0,1.0,750.0,20.0,15.0,15.0,59
PRO_2566,bebes,44.0,345.0,2.0,100.0,20.0,6.0,15.0,6
PRO_2567,construcao_ferramentas_construcao,60.0,1450.0,4.0,300.0,16.0,16.0,16.0,17
PRO_2568,fashion_bolsas_e_acessorios,34.0,358.0,1.0,100.0,17.0,3.0,12.0,28
PRO_2569,moveis_escritorio,55.0,1180.0,1.0,16167.0,64.0,62.0,25.0,57
PRO_2570,utilidades_domesticas,58.0,994.0,3.0,1500.0,60.0,10.0,25.0,49
PRO_2571,relogios_presentes,45.0,692.0,1.0,450.0,18.0,12.0,13.0,71
PRO_2572,utilidades_domesticas,58.0,623.0,1.0,400.0,20.0,30.0,16.0,49
PRO_2573,esporte_lazer,56.0,574.0,6.0,250.0,30.0,16.0,16.0,65
PRO_2574,beleza_saude,53.0,871.0,1.0,1550.0,25.0,23.0,23.0,43
PRO_2575,telefonia_fixa,54.0,1986.0,1.0,2150.0,21.0,21.0,21.0,34
PRO_2576,beleza_saude,53.0,963.0,1.0,900.0,30.0,30.0,16.0,43
PRO_2577,livros_tecnicos,29.0,2078.0,1.0,350.0,23.0,2.0,16.0,10
PRO_2578,instrumentos_musicais,52.0,818.0,3.0,573.0,23.0,11.0,17.0,56
PRO_2579,relogios_presentes,59.0,672.0,3.0,350.0,20.0,13.0,13.0,71
PRO_2580,relogios_presentes,48.0,546.0,1.0,600.0,16.0,2.0,11.0,71
PRO_2581,informatica_acessorios,28.0,1064.0,1.0,253.0,14.0,12.0,12.0,15
PRO_2582,utilidades_domesticas,53.0,1147.0,2.0,5650.0,35.0,22.0,30.0,49
PRO_2583,relogios_presentes,57.0,723.0,5.0,200.0,16.0,2.0,11.0,71
PRO_2584,beleza_saude,41.0,1797.0,1.0,1200.0,25.0,13.0,20.0,43
PRO_2585,papelaria,55.0,971.0,4.0,600.0,25.0,12.0,28.0,66
PRO_2586,moveis_decoracao,38.0,356.0,2.0,800.0,30.0,14.0,13.0,39
PRO_2587,consoles_games,31.0,2287.0,5.0,1000.0,18.0,4.0,15.0,16
PRO_2588,informatica_acessorios,32.0,1064.0,1.0,263.0,20.0,16.0,13.0,15
PRO_2589,eletrodomesticos,60.0,156.0,3.0,1000.0,35.0,46.0,35.0,44
PRO_2590,papelaria,38.0,326.0,2.0,1300.0,34.0,46.0,14.0,66
PRO_2591,unknown,51.0,595.0,1.0,200.0,16.0,10.0,13.0,70
PRO_2592,informatica_acessorios,15.0,159.0,1.0,100.0,25.0,3.0,19.0,15
PRO_2593,telefonia,43.0,1468.0,1.0,133.0,18.0,5.0,13.0,68
PRO_2594,climatizacao,36.0,427.0,4.0,10175.0,44.0,44.0,38.0,1
PRO_2595,beleza_saude,34.0,1115.0,1.0,1150.0,30.0,12.0,16.0,43
PRO_2596,moveis_decoracao,57.0,624.0,1.0,12200.0,100.0,25.0,25.0,39
PRO_2597,esporte_lazer,58.0,493.0,6.0,200.0,16.0,10.0,11.0,65
PRO_2598,cama_mesa_banho,39.0,360.0,1.0,1400.0,51.0,26.0,36.0,7
PRO_2599,cama_mesa_banho,26.0,421.0,1.0,200.0,16.0,12.0,11.0,7
PRO_2600,cama_mesa_banho,55.0,244.0,1.0,800.0,38.0,10.0,38.0,7
PRO_2601,ferramentas_jardim,46.0,1688.0,3.0,950.0,31.0,5.0,31.0,42
PRO_2602,moveis_decoracao,54.0,586.0,1.0,1700.0,33.0,8.0,23.0,39
PRO_2603,cama_mesa_banho,31.0,205.0,1.0,950.0,40.0,5.0,30.0,7
PRO_2604,informatica_acessorios,32.0,626.0,3.0,300.0,16.0,4.0,11.0,15
PRO_2605,beleza_saude,56.0,701.0,1.0,700.0,16.0,24.0,16.0,43
PRO_2606,fashion_roupa_masculina,52.0,541.0,4.0,500.0,40.0,10.0,40.0,30
PRO_2607,esporte_lazer,39.0,84.0,1.0,300.0,22.0,15.0,22.0,65
PRO_2608,beleza_saude,58.0,1856.0,4.0,383.0,19.0,12.0,16.0,43
PRO_2609,cama_mesa_banho,47.0,839.0,1.0,1650.0,16.0,10.0,16.0,7
PRO_2610,telefonia,51.0,991.0,3.0,167.0,17.0,3.0,17.0,68
PRO_2611,cama_mesa_banho,55.0,376.0,1.0,1000.0,39.0,11.0,28.0,7
PRO_2612,ferramentas_jardim,46.0,130.0,1.0,832.0,32.0,9.0,32.0,42
PRO_2613,telefonia,57.0,422.0,2.0,150.0,19.0,4.0,11.0,68
PRO_2614,moveis_decoracao,63.0,461.0,2.0,900.0,80.0,10.0,60.0,39
PRO_2615,fashion_bolsas_e_acessorios,52.0,1436.0,1.0,200.0,16.0,2.0,20.0,28
PRO_2616,brinquedos,47.0,727.0,7.0,200.0,22.0,11.0,13.0,69
PRO_2617,fashion_bolsas_e_acessorios,49.0,54.0,1.0,200.0,16.0,2.0,11.0,28
PRO_2618,market_place,49.0,503.0,2.0,2450.0,28.0,48.0,30.0,54
PRO_2619,instrumentos_musicais,44.0,219.0,1.0,183.0,29.0,6.0,11.0,56
PRO_2620,perfumaria,54.0,1425.0,1.0,500.0,22.0,16.0,16.0,59
PRO_2621,utilidades_domesticas,34.0,314.0,2.0,1475.0,24.0,19.0,19.0,49
PRO_2622,cama_mesa_banho,56.0,406.0,1.0,2400.0,40.0,15.0,35.0,7
PRO_2623,cool_stuff,53.0,530.0,4.0,300.0,16.0,11.0,11.0,20
PRO_2624,esporte_lazer,52.0,1013.0,5.0,13500.0,70.0,30.0,40.0,65
PRO_2625,moveis_decoracao,45.0,532.0,4.0,350.0,22.0,6.0,15.0,39
PRO_2626,papelaria,60.0,484.0,5.0,850.0,16.0,21.0,15.0,66
PRO_2627,utilidades_domesticas,59.0,731.0,1.0,5500.0,51.0,20.0,29.0,49
PRO_2628,relogios_presentes,60.0,306.0,1.0,550.0,16.0,2.0,11.0,71
PRO_2629,fashion_calcados,54.0,1722.0,4.0,2800.0,41.0,12.0,34.0,31
PRO_2630,informatica_acessorios,60.0,1847.0,1.0,350.0,20.0,15.0,20.0,15
PRO_2631,casa_construcao,51.0,201.0,1.0,500.0,16.0,40.0,15.0,48
PRO_2632,consoles_games,48.0,720.0,1.0,200.0,19.0,13.0,17.0,16
PRO_2633,esporte_lazer,56.0,2538.0,1.0,475.0,21.0,9.0,17.0,65
PRO_2634,cama_mesa_banho,42.0,372.0,1.0,550.0,26.0,2.0,20.0,7
PRO_2635,informatica_acessorios,39.0,1698.0,2.0,2000.0,33.0,33.0,16.0,15
PRO_2636,automotivo,60.0,827.0,5.0,1150.0,32.0,6.0,29.0,5
PRO_2637,cama_mesa_banho,55.0,250.0,1.0,1000.0,30.0,5.0,20.0,7
PRO_2638,eletroportateis,39.0,873.0,2.0,1200.0,20.0,15.0,25.0,63
PRO_2639,unknown,51.0,595.0,1.0,1000.0,40.0,8.0,40.0,70
PRO_2640,malas_acessorios,58.0,2036.0,4.0,22600.0,77.0,33.0,56.0,53
PRO_2641,utilidades_domesticas,46.0,366.0,1.0,600.0,19.0,17.0,18.0,49
PRO_2642,papelaria,59.0,899.0,10.0,1900.0,40.0,10.0,30.0,66
PRO_2643,agro_industria_e_comercio,48.0,1268.0,1.0,550.0,16.0,19.0,11.0,0
PRO_2644,relogios_presentes,55.0,167.0,2.0,250.0,16.0,2.0,11.0,71
PRO_2645,informatica_acessorios,60.0,640.0,1.0,100.0,16.0,8.0,11.0,15
PRO_2646,moveis_decoracao,60.0,2132.0,2.0,400.0,69.0,11.0,11.0,39
PRO_2647,cama_mesa_banho,57.0,2473.0,2.0,1950.0,43.0,8.0,33.0,7
PRO_2648,informatica_acessorios,58.0,1675.0,1.0,1700.0,35.0,18.0,34.0,15
PRO_2649,automotivo,55.0,925.0,2.0,3300.0,65.0,25.0,25.0,5
PRO_2650,beleza_saude,29.0,1335.0,1.0,750.0,27.0,15.0,18.0,43
PRO_2651,cama_mesa_banho,54.0,701.0,2.0,1100.0,50.0,12.0,12.0,7
PRO_2652,moveis_decoracao,47.0,531.0,4.0,6550.0,35.0,35.0,35.0,39
PRO_2653,utilidades_domesticas,63.0,369.0,3.0,1000.0,30.0,5.0,35.0,49
PRO_2654,esporte_lazer,57.0,903.0,4.0,258.0,25.0,15.0,17.0,65
PRO_2655,cool_stuff,48.0,671.0,2.0,9300.0,44.0,21.0,38.0,20
PRO_2656,cama_mesa_banho,55.0,185.0,2.0,526.0,44.0,6.0,33.0,7
PRO_2657,moveis_decoracao,59.0,241.0,1.0,2200.0,42.0,12.0,37.0,39
PRO_2658,beleza_saude,53.0,586.0,1.0,250.0,27.0,10.0,17.0,43
PRO_2659,esporte_lazer,63.0,569.0,3.0,275.0,24.0,8.0,12.0,65
PRO_2660,consoles_games,23.0,959.0,3.0,193.0,18.0,13.0,16.0,16
PRO_2661,eletroportateis,51.0,750.0,1.0,2175.0,17.0,17.0,50.0,63
PRO_2662,bebidas,47.0,858.0,3.0,175.0,23.0,16.0,16.0,24
PRO_2663,fashion_roupa_masculina,36.0,968.0,3.0,600.0,16.0,2.0,11.0,30
PRO_2664,moveis_decoracao,55.0,412.0,1.0,7450.0,52.0,18.0,35.0,39
PRO_2665,esporte_lazer,38.0,549.0,1.0,1017.0,42.0,21.0,27.0,65
PRO_2666,beleza_saude,33.0,431.0,1.0,1725.0,16.0,30.0,16.0,43
PRO_2667,utilidades_domesticas,49.0,509.0,1.0,600.0,16.0,26.0,11.0,49
PRO_2668,unknown,51.0,595.0,1.0,6100.0,80.0,5.0,60.0,70
PRO_2669,informatica_acessorios,37.0,415.0,1.0,200.0,16.0,5.0,11.0,15
PRO_2670,cama_mesa_banho,58.0,96.0,1.0,603.0,28.0,7.0,25.0,7
PRO_2671,automotivo,54.0,1120.0,7.0,6900.0,30.0,15.0,20.0,5
PRO_2672,papelaria,43.0,675.0,2.0,500.0,40.0,8.0,30.0,66
PRO_2673,perfumaria,38.0,476.0,2.0,414.0,23.0,15.0,18.0,59
PRO_2674,relogios_presentes,43.0,668.0,3.0,287.0,19.0,12.0,14.0,71
PRO_2675,beleza_saude,33.0,374.0,1.0,304.0,20.0,15.0,15.0,43
PRO_2676,beleza_saude,54.0,446.0,2.0,450.0,20.0,20.0,20.0,43
PRO_2677,brinquedos,60.0,131.0,3.0,400.0,45.0,5.0,25.0,69
PRO_2678,relogios_presentes,40.0,228.0,1.0,750.0,28.0,18.0,25.0,71
PRO_2679,cama_mesa_banho,52.0,89.0,1.0,200.0,20.0,10.0,15.0,7
PRO_2680,bebes,37.0,772.0,2.0,1000.0,21.0,22.0,19.0,6
PRO_2681,moveis_decoracao,50.0,279.0,2.0,5550.0,45.0,30.0,45.0,39
PRO_2682,construcao_ferramentas_iluminacao,52.0,210.0,1.0,7150.0,53.0,26.0,53.0,18
PRO_2683,cool_stuff,43.0,712.0,2.0,5288.0,32.0,26.0,45.0,20
PRO_2684,eletronicos,27.0,432.0,2.0,75.0,18.0,13.0,16.0,26
PRO_2685,beleza_saude,50.0,246.0,2.0,200.0,25.0,10.0,20.0,43
PRO_2686,automotivo,54.0,1204.0,1.0,700.0,16.0,2.0,11.0,5
PRO_2687,ferramentas_jardim,59.0,1497.0,5.0,1700.0,33.0,25.0,23.0,42
PRO_2688,automotivo,60.0,332.0,1.0,720.0,28.0,18.0,18.0,5
PRO_2689,eletronicos,45.0,125.0,2.0,11700.0,23.0,21.0,18.0,26
PRO_2690,utilidades_domesticas,59.0,831.0,1.0,700.0,16.0,25.0,11.0,49
PRO_2691,papelaria,58.0,322.0,3.0,600.0,25.0,7.0,24.0,66
PRO_2692,relogios_presentes,59.0,594.0,2.0,600.0,16.0,11.0,11.0,71
PRO_2693,moveis_decoracao,58.0,286.0,4.0,7950.0,30.0,35.0,30.0,39
PRO_2694,sinalizacao_e_seguranca,58.0,144.0,2.0,150.0,20.0,2.0,28.0,62
PRO_2695,cama_mesa_banho,59.0,277.0,1.0,2000.0,45.0,15.0,35.0,7
PRO_2696,cool_stuff,53.0,1105.0,1.0,10800.0,80.0,50.0,22.0,20
PRO_2697,moveis_decoracao,38.0,1455.0,3.0,150.0,35.0,2.0,25.0,39
PRO_2698,relogios_presentes,54.0,821.0,4.0,200.0,16.0,2.0,11.0,71
PRO_2699,informatica_acessorios,43.0,460.0,2.0,250.0,16.0,5.0,11.0,15
PRO_2700,utilidades_domesticas,15.0,422.0,1.0,300.0,41.0,5.0,31.0,49
PRO_2701,fashion_bolsas_e_acessorios,54.0,719.0,2.0,250.0,16.0,2.0,11.0,28
PRO_2702,brinquedos,39.0,759.0,4.0,389.0,27.0,33.0,28.0,69
PRO_2703,esporte_lazer,38.0,332.0,6.0,50.0,16.0,4.0,11.0,65
PRO_2704,telefonia,46.0,156.0,1.0,200.0,20.0,5.0,12.0,68
PRO_2705,unknown,51.0,595.0,1.0,200.0,16.0,2.0,20.0,70
PRO_2706,perfumaria,53.0,276.0,2.0,475.0,19.0,15.0,17.0,59
PRO_2707,esporte_lazer,41.0,304.0,2.0,1450.0,30.0,13.0,30.0,65
PRO_2708,bebes,41.0,610.0,3.0,100.0,16.0,16.0,16.0,6
PRO_2709,sinalizacao_e_seguranca,53.0,602.0,2.0,1250.0,34.0,16.0,27.0,62
PRO_2710,la_cuisine,33.0,532.0,1.0,3600.0,30.0,30.0,30.0,52
PRO_2711,cama_mesa_banho,52.0,290.0,3.0,2000.0,44.0,17.0,34.0,7
PRO_2712,eletroportateis,40.0,753.0,2.0,7350.0,35.0,35.0,40.0,63
PRO_2713,cama_mesa_banho,34.0,437.0,1.0,400.0,16.0,12.0,11.0,7
PRO_2714,beleza_saude,59.0,493.0,1.0,2000.0,30.0,12.0,16.0,43
PRO_2715,moveis_sala,31.0,342.0,1.0,4350.0,58.0,15.0,53.0,40
PRO_2716,telefonia,50.0,562.0,2.0,360.0,22.0,6.0,11.0,68
PRO_2717,perfumaria,44.0,280.0,1.0,430.0,19.0,14.0,12.0,59
PRO_2718,esporte_lazer,34.0,231.0,1.0,783.0,45.0,11.0,22.0,65
PRO_2719,bebes,36.0,474.0,1.0,8500.0,35.0,60.0,25.0,6
PRO_2720,casa_conforto,59.0,451.0,1.0,21750.0,45.0,15.0,35.0,47
PRO_2721,malas_acessorios,40.0,124.0,1.0,450.0,24.0,47.0,34.0,53
PRO_2722,moveis_escritorio,51.0,2223.0,1.0,20700.0,58.0,28.0,58.0,57
PRO_2723,moveis_decoracao,58.0,547.0,4.0,1850.0,34.0,6.0,28.0,39
PRO_2724,fashion_roupa_masculina,55.0,336.0,1.0,200.0,25.0,2.0,17.0,30
PRO_2725,relogios_presentes,51.0,435.0,3.0,200.0,16.0,6.0,11.0,71
PRO_2726,moveis_escritorio,41.0,1205.0,1.0,17150.0,58.0,61.0,24.0,57
PRO_2727,brinquedos,55.0,816.0,4.0,1000.0,37.0,35.0,25.0,69
PRO_2728,esporte_lazer,35.0,1464.0,1.0,3686.0,30.0,30.0,23.0,65
PRO_2729,cama_mesa_banho,33.0,291.0,1.0,3175.0,52.0,15.0,31.0,7
PRO_2730,alimentos_bebidas,54.0,314.0,1.0,1650.0,24.0,24.0,24.0,37
PRO_2731,papelaria,43.0,867.0,7.0,750.0,30.0,40.0,11.0,66
PRO_2732,cama_mesa_banho,38.0,312.0,1.0,11450.0,54.0,30.0,45.0,7
PRO_2733,eletroportateis,45.0,65.0,1.0,750.0,16.0,35.0,25.0,63
PRO_2734,moveis_decoracao,51.0,264.0,1.0,5850.0,40.0,30.0,40.0,39
PRO_2735,utilidades_domesticas,41.0,1965.0,1.0,550.0,20.0,20.0,15.0,49
PRO_2736,beleza_saude,48.0,1444.0,1.0,4200.0,30.0,10.0,20.0,43
PRO_2737,moveis_decoracao,60.0,926.0,4.0,1390.0,18.0,11.0,25.0,39
PRO_2738,eletrodomesticos,52.0,465.0,1.0,350.0,16.0,15.0,20.0,44
PRO_2739,cama_mesa_banho,55.0,137.0,1.0,1600.0,36.0,8.0,29.0,7
PRO_2740,ferramentas_jardim,53.0,75.0,1.0,700.0,35.0,20.0,40.0,42
PRO_2741,moveis_decoracao,56.0,796.0,2.0,550.0,65.0,11.0,11.0,39
PRO_2742,esporte_lazer,58.0,570.0,1.0,575.0,19.0,15.0,17.0,65
PRO_2743,beleza_saude,45.0,232.0,3.0,800.0,21.0,4.0,15.0,43
PRO_2744,climatizacao,56.0,671.0,4.0,8750.0,25.0,25.0,25.0,1
PRO_2745,fashion_bolsas_e_acessorios,60.0,188.0,1.0,150.0,16.0,15.0,15.0,28
PRO_2746,relogios_presentes,53.0,496.0,1.0,330.0,16.0,11.0,12.0,71
PRO_2747,moveis_decoracao,63.0,701.0,5.0,1750.0,35.0,10.0,35.0,39
PRO_2748,telefonia,60.0,823.0,2.0,100.0,16.0,22.0,11.0,68
PRO_2749,moveis_decoracao,63.0,911.0,4.0,600.0,23.0,7.0,16.0,39
PRO_2750,eletrodomesticos,55.0,200.0,1.0,100.0,17.0,2.0,13.0,44
PRO_2751,moveis_decoracao,51.0,1492.0,3.0,2500.0,105.0,3.0,70.0,39
PRO_2752,utilidades_domesticas,19.0,753.0,3.0,300.0,17.0,28.0,11.0,49
PRO_2753,utilidades_domesticas,45.0,711.0,1.0,2000.0,25.0,60.0,25.0,49
PRO_2754,esporte_lazer,59.0,513.0,1.0,250.0,17.0,9.0,12.0,65
PRO_2755,bebes,59.0,1045.0,3.0,1150.0,42.0,25.0,15.0,6
PRO_2756,relogios_presentes,59.0,153.0,1.0,1000.0,16.0,10.0,11.0,71
PRO_2757,ferramentas_jardim,47.0,508.0,3.0,1150.0,25.0,20.0,25.0,42
PRO_2758,beleza_saude,37.0,401.0,1.0,450.0,16.0,10.0,20.0,43
PRO_2759,esporte_lazer,59.0,1459.0,9.0,2100.0,36.0,9.0,14.0,65
PRO_2760,esporte_lazer,53.0,282.0,1.0,300.0,35.0,6.0,11.0,65
PRO_2761,eletrodomesticos,50.0,872.0,2.0,150.0,20.0,13.0,12.0,44
PRO_2762,esporte_lazer,45.0,716.0,1.0,500.0,24.0,20.0,20.0,65
PRO_2763,informatica_acessorios,54.0,2304.0,3.0,500.0,16.0,16.0,16.0,15
PRO_2764,automotivo,43.0,1512.0,1.0,550.0,18.0,5.0,12.0,5
PRO_2765,cama_mesa_banho,60.0,298.0,1.0,4700.0,36.0,15.0,45.0,7
PRO_2766,cama_mesa_banho,57.0,663.0,1.0,3300.0,34.0,8.0,38.0,7
PRO_2767,agro_industria_e_comercio,41.0,472.0,4.0,400.0,30.0,20.0,11.0,0
PRO_2768,brinquedos,63.0,361.0,3.0,1800.0,38.0,12.0,35.0,69
PRO_2769,perfumaria,48.0,504.0,2.0,475.0,18.0,11.0,13.0,59
PRO_2770,moveis_decoracao,26.0,2595.0,1.0,10600.0,36.0,50.0,60.0,39
PRO_2771,bebes,29.0,1519.0,1.0,165.0,18.0,9.0,8.0,6
PRO_2772,eletronicos,60.0,390.0,7.0,1250.0,26.0,10.0,18.0,26
PRO_2773,moveis_decoracao,51.0,1941.0,4.0,2400.0,105.0,3.0,70.0,39
PRO_2774,construcao_ferramentas_construcao,57.0,283.0,1.0,100.0,20.0,3.0,20.0,17
PRO_2775,cool_stuff,51.0,466.0,1.0,500.0,20.0,20.0,30.0,20
PRO_2776,beleza_saude,35.0,2489.0,1.0,1000.0,25.0,19.0,15.0,43
PRO_2777,cama_mesa_banho,54.0,702.0,2.0,1000.0,50.0,12.0,12.0,7
PRO_2778,automotivo,53.0,403.0,3.0,1950.0,40.0,12.0,32.0,5
PRO_2779,livros_interesse_geral,22.0,921.0,1.0,400.0,26.0,3.0,36.0,8
PRO_2780,moveis_decoracao,59.0,473.0,1.0,600.0,30.0,3.0,20.0,39
PRO_2781,cool_stuff,51.0,693.0,3.0,600.0,20.0,20.0,21.0,20
PRO_2782,informatica_acessorios,59.0,1994.0,4.0,950.0,25.0,11.0,15.0,15
PRO_2783,utilidades_domesticas,27.0,59.0,2.0,250.0,23.0,13.0,21.0,49
PRO_2784,automotivo,60.0,480.0,5.0,2600.0,37.0,13.0,24.0,5
PRO_2785,relogios_presentes,55.0,679.0,3.0,600.0,16.0,13.0,13.0,71
PRO_2786,cama_mesa_banho,55.0,315.0,2.0,2900.0,45.0,15.0,35.0,7
PRO_2787,informatica_acessorios,46.0,446.0,1.0,140.0,12.0,21.0,12.0,15
PRO_2788,moveis_decoracao,56.0,770.0,1.0,11450.0,45.0,35.0,45.0,39
PRO_2789,unknown,51.0,595.0,1.0,900.0,32.0,10.0,11.0,70
PRO_2790,papelaria,39.0,256.0,3.0,50.0,16.0,6.0,11.0,66
PRO_2791,papelaria,37.0,531.0,1.0,2283.0,27.0,35.0,35.0,66
PRO_2792,ferramentas_jardim,60.0,482.0,2.0,1600.0,16.0,4.0,30.0,42
PRO_2793,cama_mesa_banho,56.0,551.0,1.0,600.0,20.0,2.0,20.0,7
PRO_2794,brinquedos,38.0,1303.0,1.0,2250.0,55.0,13.0,25.0,69
PRO_2795,fashion_bolsas_e_acessorios,63.0,464.0,4.0,150.0,16.0,5.0,20.0,28
PRO_2796,informatica_acessorios,45.0,236.0,1.0,173.0,18.0,13.0,12.0,15
PRO_2797,construcao_ferramentas_construcao,59.0,272.0,7.0,850.0,18.0,7.0,16.0,17
PRO_2798,esporte_lazer,43.0,864.0,1.0,163.0,17.0,15.0,15.0,65
PRO_2799,cama_mesa_banho,62.0,313.0,1.0,3150.0,45.0,15.0,35.0,7
PRO_2800,bebes,55.0,1631.0,1.0,550.0,20.0,13.0,13.0,6
PRO_2801,moveis_decoracao,64.0,427.0,2.0,1150.0,30.0,6.0,32.0,39
PRO_2802,brinquedos,54.0,519.0,4.0,1200.0,38.0,26.0,45.0,69
PRO_2803,eletronicos,33.0,63.0,1.0,6185.0,63.0,11.0,20.0,26
PRO_2804,malas_acessorios,41.0,132.0,1.0,500.0,22.0,46.0,34.0,53
PRO_2805,perfumaria,47.0,540.0,2.0,107.0,17.0,12.0,14.0,59
PRO_2806,automotivo,48.0,175.0,1.0,4500.0,69.0,15.0,20.0,5
PRO_2807,unknown,51.0,595.0,1.0,200.0,16.0,2.0,11.0,70
PRO_2808,cama_mesa_banho,56.0,663.0,1.0,2400.0,42.0,11.0,36.0,7
PRO_2809,brinquedos,37.0,267.0,2.0,200.0,20.0,10.0,20.0,69
PRO_2810,malas_acessorios,53.0,246.0,1.0,675.0,29.0,23.0,18.0,53
PRO_2811,cama_mesa_banho,57.0,293.0,1.0,3450.0,50.0,10.0,30.0,7
PRO_2812,construcao_ferramentas_jardim,51.0,303.0,1.0,350.0,16.0,16.0,16.0,21
PRO_2813,ferramentas_jardim,60.0,545.0,1.0,475.0,19.0,8.0,12.0,42
PRO_2814,moveis_escritorio,53.0,1147.0,1.0,13475.0,53.0,65.0,32.0,57
PRO_2815,beleza_saude,32.0,530.0,1.0,200.0,16.0,17.0,11.0,43
PRO_2816,beleza_saude,50.0,614.0,1.0,367.0,24.0,14.0,23.0,43
PRO_2817,casa_construcao,58.0,3222.0,4.0,4700.0,70.0,30.0,30.0,48
PRO_2818,papelaria,52.0,672.0,5.0,800.0,27.0,10.0,20.0,66
PRO_2819,cama_mesa_banho,49.0,746.0,1.0,1000.0,16.0,10.0,16.0,7
PRO_2820,eletroportateis,30.0,552.0,1.0,350.0,16.0,16.0,11.0,63
PRO_2821,esporte_lazer,56.0,611.0,4.0,1200.0,35.0,15.0,15.0,65
PRO_2822,cama_mesa_banho,52.0,153.0,1.0,200.0,16.0,10.0,16.0,7
PRO_2823,artigos_de_natal,38.0,238.0,1.0,500.0,16.0,8.0,20.0,12
PRO_2824,moveis_escritorio,45.0,2081.0,1.0,10850.0,58.0,20.0,58.0,57
PRO_2825,bebes,47.0,1080.0,1.0,600.0,38.0,5.0,33.0,6
PRO_2826,beleza_saude,47.0,360.0,2.0,250.0,27.0,5.0,16.0,43
PRO_2827,papelaria,38.0,118.0,1.0,100.0,16.0,5.0,16.0,66
PRO_2828,telefonia_fixa,38.0,969.0,1.0,429.0,18.0,13.0,13.0,34
PRO_2829,esporte_lazer,60.0,492.0,1.0,250.0,19.0,10.0,15.0,65
PRO_2830,automotivo,59.0,763.0,5.0,1100.0,23.0,7.0,38.0,5
PRO_2831,perfumaria,30.0,138.0,1.0,100.0,20.0,7.0,20.0,59
PRO_2832,papelaria,45.0,241.0,4.0,1500.0,60.0,2.0,15.0,66
PRO_2833,esporte_lazer,56.0,643.0,1.0,20650.0,28.0,11.0,28.0,65
PRO_2834,esporte_lazer,56.0,202.0,1.0,600.0,25.0,25.0,25.0,65
PRO_2835,beleza_saude,60.0,316.0,3.0,250.0,18.0,10.0,15.0,43
PRO_2836,informatica_acessorios,54.0,267.0,1.0,200.0,23.0,16.0,16.0,15
PRO_2837,sinalizacao_e_seguranca,45.0,479.0,1.0,200.0,26.0,5.0,12.0,62
PRO_2838,ferramentas_jardim,59.0,1257.0,2.0,600.0,22.0,13.0,22.0,42
PRO_2839,beleza_saude,57.0,416.0,3.0,800.0,16.0,2.0,11.0,43
PRO_2840,casa_conforto,58.0,216.0,3.0,7600.0,50.0,30.0,40.0,47
PRO_2841,telefonia,39.0,365.0,13.0,200.0,16.0,3.0,11.0,68
PRO_2842,eletrodomesticos,58.0,535.0,1.0,15050.0,39.0,38.0,39.0,44
PRO_2843,relogios_presentes,59.0,508.0,3.0,2100.0,16.0,2.0,11.0,71
PRO_2844,bebes,35.0,221.0,5.0,400.0,29.0,12.0,23.0,6
PRO_2845,cool_stuff,39.0,525.0,2.0,500.0,60.0,16.0,11.0,20
PRO_2846,pet_shop,51.0,2456.0,1.0,3200.0,52.0,25.0,29.0,60
PRO_2847,cool_stuff,60.0,1168.0,3.0,550.0,17.0,7.0,23.0,20
PRO_2848,market_place,36.0,2217.0,1.0,650.0,40.0,31.0,14.0,54
PRO_2849,alimentos,49.0,217.0,1.0,375.0,20.0,12.0,15.0,36
PRO_2850,papelaria,53.0,388.0,2.0,450.0,38.0,33.0,26.0,66
PRO_2851,moveis_sala,55.0,1143.0,3.0,4650.0,31.0,17.0,31.0,40
PRO_2852,telefonia,37.0,361.0,3.0,200.0,19.0,3.0,11.0,68
PRO_2853,pet_shop,19.0,619.0,6.0,5350.0,50.0,30.0,40.0,60
PRO_2854,cama_mesa_banho,55.0,108.0,3.0,3850.0,20.0,40.0,40.0,7
PRO_2855,fashion_bolsas_e_acessorios,52.0,1490.0,2.0,100.0,16.0,2.0,11.0,28
PRO_2856,relogios_presentes,56.0,398.0,3.0,500.0,20.0,30.0,20.0,71
PRO_2857,unknown,51.0,595.0,1.0,200.0,16.0,2.0,11.0,70
PRO_2858,esporte_lazer,9.0,254.0,1.0,150.0,28.0,6.0,14.0,65
PRO_2859,cama_mesa_banho,59.0,111.0,1.0,2200.0,55.0,15.0,35.0,7
PRO_2860,moveis_decoracao,55.0,2027.0,3.0,6700.0,90.0,4.0,50.0,39
PRO_2861,instrumentos_musicais,42.0,184.0,1.0,383.0,35.0,7.0,14.0,56
PRO_2862,automotivo,59.0,651.0,5.0,6675.0,71.0,4.0,44.0,5
PRO_2863,ferramentas_jardim,55.0,980.0,7.0,8050.0,43.0,32.0,22.0,42
PRO_2864,construcao_ferramentas_construcao,50.0,490.0,2.0,550.0,35.0,8.0,30.0,17
PRO_2865,cama_mesa_banho,50.0,315.0,1.0,600.0,16.0,10.0,16.0,7
PRO_2866,moveis_escritorio,46.0,1350.0,1.0,11875.0,57.0,55.0,22.0,57
PRO_2867,unknown,51.0,595.0,1.0,100.0,16.0,6.0,11.0,70
PRO_2868,brinquedos,24.0,589.0,2.0,2700.0,51.0,35.0,26.0,69
PRO_2869,unknown,51.0,595.0,1.0,2000.0,38.0,12.0,38.0,70
PRO_2870,ferramentas_jardim,60.0,408.0,1.0,300.0,26.0,3.0,12.0,42
PRO_2871,esporte_lazer,53.0,985.0,2.0,3200.0,16.0,85.0,16.0,65
PRO_2872,automotivo,58.0,1275.0,1.0,1125.0,20.0,17.0,17.0,5
PRO_2873,cama_mesa_banho,57.0,2473.0,2.0,2500.0,43.0,8.0,33.0,7
PRO_2874,bebes,50.0,304.0,1.0,350.0,23.0,4.0,23.0,6
PRO_2875,beleza_saude,31.0,519.0,1.0,310.0,20.0,22.0,22.0,43
PRO_2876,pet_shop,60.0,770.0,3.0,500.0,35.0,22.0,28.0,60
PRO_2877,audio,43.0,676.0,3.0,325.0,22.0,22.0,22.0,4
PRO_2878,malas_acessorios,45.0,261.0,1.0,450.0,18.0,48.0,32.0,53
PRO_2879,brinquedos,59.0,940.0,4.0,11200.0,16.0,50.0,80.0,69
PRO_2880,papelaria,46.0,395.0,2.0,200.0,19.0,5.0,13.0,66
PRO_2881,alimentos_bebidas,55.0,3755.0,7.0,500.0,28.0,15.0,15.0,37
PRO_2882,utilidades_domesticas,48.0,2396.0,2.0,3700.0,20.0,20.0,20.0,49
PRO_2883,bebes,34.0,496.0,2.0,2050.0,33.0,13.0,29.0,6
PRO_2884,papelaria,55.0,567.0,1.0,230.0,20.0,10.0,15.0,66
PRO_2885,moveis_decoracao,59.0,1492.0,3.0,2525.0,88.0,4.0,87.0,39
PRO_2886,informatica_acessorios,49.0,1245.0,1.0,2200.0,18.0,25.0,18.0,15
PRO_2887,esporte_lazer,57.0,486.0,6.0,150.0,22.0,3.0,13.0,65
PRO_2888,utilidades_domesticas,48.0,663.0,1.0,700.0,23.0,23.0,20.0,49
PRO_2889,beleza_saude,60.0,161.0,1.0,150.0,25.0,6.0,15.0,43
PRO_2890,agro_industria_e_comercio,45.0,461.0,3.0,250.0,18.0,8.0,12.0,0
PRO_2891,informatica_acessorios,42.0,446.0,1.0,800.0,29.0,13.0,20.0,15
PRO_2892,cama_mesa_banho,54.0,309.0,1.0,1950.0,43.0,20.0,31.0,7
PRO_2893,beleza_saude,60.0,1097.0,1.0,318.0,18.0,12.0,16.0,43
PRO_2894,cama_mesa_banho,49.0,640.0,1.0,800.0,16.0,10.0,16.0,7
PRO_2895,utilidades_domesticas,57.0,1652.0,4.0,825.0,18.0,9.0,12.0,49
PRO_2896,beleza_saude,33.0,816.0,1.0,150.0,23.0,7.0,17.0,43
PRO_2897,casa_construcao,60.0,362.0,2.0,20050.0,55.0,25.0,55.0,48
PRO_2898,esporte_lazer,40.0,245.0,2.0,1000.0,60.0,15.0,15.0,65
PRO_2899,beleza_saude,58.0,753.0,1.0,300.0,20.0,10.0,15.0,43
PRO_2900,moveis_decoracao,58.0,461.0,2.0,417.0,47.0,4.0,35.0,39
PRO_2901,esporte_lazer,58.0,1155.0,6.0,750.0,16.0,11.0,15.0,65
PRO_2902,bebes,47.0,442.0,1.0,250.0,16.0,16.0,16.0,6
PRO_2903,cama_mesa_banho,29.0,796.0,1.0,1600.0,35.0,20.0,25.0,7
PRO_2904,telefonia,55.0,395.0,3.0,375.0,18.0,13.0,16.0,68
PRO_2905,fashion_bolsas_e_acessorios,40.0,409.0,2.0,50.0,16.0,9.0,11.0,28
PRO_2906,perfumaria,55.0,696.0,1.0,550.0,16.0,10.0,11.0,59
PRO_2907,automotivo,55.0,1911.0,1.0,750.0,16.0,28.0,16.0,5
PRO_2908,unknown,51.0,595.0,1.0,10750.0,35.0,65.0,35.0,70
PRO_2909,eletronicos,48.0,1829.0,1.0,700.0,25.0,16.0,25.0,26
PRO_2910,esporte_lazer,34.0,1260.0,1.0,450.0,17.0,15.0,14.0,65
PRO_2911,cama_mesa_banho,62.0,392.0,1.0,20900.0,45.0,15.0,30.0,7
PRO_2912,esporte_lazer,38.0,680.0,1.0,241.0,19.0,15.0,16.0,65
PRO_2913,automotivo,56.0,344.0,5.0,100.0,19.0,7.0,16.0,5
PRO_2914,papelaria,52.0,180.0,7.0,3000.0,25.0,55.0,38.0,66
PRO_2915,instrumentos_musicais,42.0,1627.0,1.0,800.0,24.0,7.0,15.0,56
PRO_2916,utilidades_domesticas,44.0,250.0,2.0,1500.0,32.0,5.0,28.0,49
PRO_2917,utilidades_domesticas,54.0,408.0,1.0,1600.0,34.0,21.0,23.0,49
PRO_2918,utilidades_domesticas,51.0,720.0,1.0,350.0,16.0,16.0,17.0,49
PRO_2919,papelaria,52.0,831.0,5.0,11500.0,40.0,40.0,40.0,66
PRO_2920,utilidades_domesticas,45.0,567.0,3.0,3000.0,52.0,3.0,32.0,49
PRO_2921,utilidades_domesticas,37.0,1270.0,1.0,2500.0,25.0,12.0,18.0,49
PRO_2922,fashion_bolsas_e_acessorios,51.0,186.0,1.0,100.0,21.0,9.0,14.0,28
PRO_2923,fashion_bolsas_e_acessorios,55.0,1399.0,2.0,300.0,16.0,2.0,11.0,28
PRO_2924,automotivo,36.0,934.0,3.0,17300.0,51.0,51.0,41.0,5
PRO_2925,moveis_decoracao,60.0,87.0,1.0,1300.0,40.0,7.0,34.0,39
PRO_2926,esporte_lazer,36.0,2886.0,1.0,150.0,16.0,16.0,11.0,65
PRO_2927,cama_mesa_banho,35.0,179.0,1.0,1250.0,45.0,10.0,15.0,7
PRO_2928,utilidades_domesticas,50.0,500.0,1.0,300.0,25.0,2.0,17.0,49
PRO_2929,audio,39.0,283.0,1.0,200.0,16.0,8.0,11.0,4
PRO_2930,automotivo,54.0,591.0,1.0,2400.0,52.0,8.0,52.0,5
PRO_2931,beleza_saude,56.0,1979.0,3.0,550.0,16.0,7.0,24.0,43
PRO_2932,relogios_presentes,45.0,1926.0,4.0,350.0,16.0,13.0,12.0,71
PRO_2933,bebes,36.0,80.0,1.0,195.0,15.0,11.0,12.0,6
PRO_2934,moveis_escritorio,60.0,793.0,2.0,20850.0,100.0,10.0,55.0,57
PRO_2935,papelaria,59.0,248.0,4.0,1800.0,45.0,8.0,30.0,66
PRO_2936,cama_mesa_banho,52.0,127.0,2.0,900.0,50.0,5.0,50.0,7
PRO_2937,esporte_lazer,48.0,730.0,2.0,9000.0,44.0,35.0,23.0,65
PRO_2938,bebes,51.0,132.0,1.0,1260.0,36.0,8.0,30.0,6
PRO_2939,cama_mesa_banho,56.0,680.0,1.0,5350.0,16.0,50.0,40.0,7
PRO_2940,utilidades_domesticas,50.0,773.0,2.0,4383.0,43.0,17.0,37.0,49
PRO_2941,esporte_lazer,36.0,264.0,2.0,2850.0,28.0,28.0,20.0,65
PRO_2942,pet_shop,38.0,817.0,4.0,6200.0,69.0,10.0,49.0,60
PRO_2943,esporte_lazer,59.0,3029.0,1.0,1200.0,20.0,20.0,20.0,65
PRO_2944,perfumaria,54.0,1536.0,2.0,250.0,20.0,8.0,21.0,59
PRO_2945,sinalizacao_e_seguranca,48.0,636.0,2.0,575.0,19.0,16.0,18.0,62
PRO_2946,telefonia,54.0,699.0,3.0,250.0,21.0,12.0,21.0,68
PRO_2947,perfumaria,48.0,1037.0,5.0,250.0,26.0,12.0,18.0,59
PRO_2948,telefonia,42.0,660.0,1.0,113.0,18.0,4.0,11.0,68
PRO_2949,moveis_decoracao,49.0,718.0,1.0,200.0,16.0,16.0,16.0,39
PRO_2950,relogios_presentes,59.0,192.0,4.0,200.0,16.0,2.0,11.0,71
PRO_2951,beleza_saude,51.0,569.0,1.0,200.0,16.0,7.0,15.0,43
PRO_2952,instrumentos_musicais,33.0,1415.0,4.0,700.0,17.0,8.0,12.0,56
PRO_2953,informatica_acessorios,49.0,567.0,1.0,1350.0,23.0,9.0,23.0,15
PRO_2954,cama_mesa_banho,49.0,206.0,1.0,2700.0,55.0,25.0,35.0,7
PRO_2955,automotivo,49.0,283.0,3.0,17400.0,50.0,40.0,40.0,5
PRO_2956,fashion_bolsas_e_acessorios,59.0,352.0,3.0,550.0,43.0,16.0,27.0,28
PRO_2957,fashion_calcados,52.0,408.0,5.0,1400.0,22.0,12.0,33.0,31
PRO_2958,malas_acessorios,52.0,246.0,1.0,800.0,33.0,10.0,45.0,53
PRO_2959,esporte_lazer,22.0,300.0,2.0,650.0,60.0,10.0,20.0,65
PRO_2960,relogios_presentes,49.0,569.0,1.0,200.0,20.0,7.0,15.0,71
PRO_2961,perfumaria,37.0,548.0,1.0,500.0,16.0,2.0,11.0,59
PRO_2962,utilidades_domesticas,55.0,134.0,1.0,8850.0,39.0,12.0,78.0,49
PRO_2963,moveis_decoracao,59.0,457.0,3.0,1350.0,45.0,15.0,35.0,39
PRO_2964,relogios_presentes,42.0,938.0,5.0,275.0,16.0,14.0,14.0,71
PRO_2965,fashion_bolsas_e_acessorios,63.0,627.0,4.0,200.0,16.0,5.0,11.0,28
PRO_2966,perfumaria,40.0,152.0,1.0,400.0,21.0,11.0,17.0,59
PRO_2967,brinquedos,50.0,903.0,5.0,2416.0,32.0,28.0,23.0,69
PRO_2968,esporte_lazer,40.0,595.0,1.0,3100.0,19.0,19.0,11.0,65
PRO_2969,industria_comercio_e_negocios,47.0,1943.0,2.0,6000.0,45.0,12.0,44.0,50
PRO_2970,esporte_lazer,28.0,1050.0,7.0,350.0,50.0,20.0,22.0,65
PRO_2971,moveis_escritorio,51.0,2250.0,1.0,11400.0,58.0,21.0,57.0,57
PRO_2972,beleza_saude,54.0,384.0,5.0,350.0,25.0,15.0,15.0,43
PRO_2973,cama_mesa_banho,58.0,678.0,1.0,1000.0,28.0,14.0,16.0,7
PRO_2974,papelaria,58.0,392.0,3.0,2100.0,16.0,9.0,11.0,66
PRO_2975,fashion_bolsas_e_acessorios,27.0,209.0,4.0,200.0,18.0,9.0,11.0,28
PRO_2976,relogios_presentes,47.0,547.0,1.0,269.0,17.0,11.0,13.0,71
PRO_2977,moveis_decoracao,31.0,1330.0,1.0,100.0,40.0,2.0,30.0,39
PRO_2978,esporte_lazer,47.0,304.0,1.0,500.0,35.0,10.0,20.0,65
PRO_2979,artigos_de_festas,53.0,317.0,1.0,1150.0,34.0,11.0,34.0,58
PRO_2980,bebes,45.0,811.0,5.0,600.0,32.0,11.0,32.0,6
PRO_2981,beleza_saude,49.0,221.0,1.0,613.0,20.0,7.0,11.0,43
PRO_2982,utilidades_domesticas,52.0,230.0,3.0,3000.0,25.0,16.0,25.0,49
PRO_2983,esporte_lazer,50.0,706.0,1.0,7350.0,70.0,24.0,29.0,65
PRO_2984,moveis_escritorio,56.0,1070.0,1.0,7433.0,57.0,68.0,31.0,57
PRO_2985,relogios_presentes,43.0,381.0,4.0,350.0,20.0,20.0,20.0,71
PRO_2986,casa_construcao,55.0,1626.0,3.0,15000.0,60.0,50.0,50.0,48
PRO_2987,brinquedos,48.0,480.0,2.0,400.0,22.0,5.0,22.0,69
PRO_2988,bebes,22.0,334.0,1.0,300.0,21.0,21.0,21.0,6
PRO_2989,relogios_presentes,55.0,207.0,1.0,200.0,16.0,10.0,11.0,71
PRO_2990,instrumentos_musicais,44.0,546.0,3.0,1450.0,32.0,14.0,27.0,56
PRO_2991,beleza_saude,60.0,3244.0,1.0,3575.0,21.0,18.0,22.0,43
PRO_2992,moveis_escritorio,45.0,1094.0,1.0,8200.0,53.0,74.0,18.0,57
PRO_2993,brinquedos,19.0,487.0,1.0,1300.0,25.0,9.0,40.0,69
PRO_2994,moveis_decoracao,58.0,372.0,1.0,300.0,37.0,15.0,27.0,39
PRO_2995,beleza_saude,58.0,1233.0,1.0,300.0,20.0,20.0,30.0,43
PRO_2996,esporte_lazer,48.0,789.0,1.0,2625.0,34.0,25.0,18.0,65
PRO_2997,perfumaria,43.0,173.0,1.0,400.0,30.0,16.0,22.0,59
PRO_2998,papelaria,60.0,440.0,7.0,350.0,21.0,7.0,15.0,66
PRO_2999,brinquedos,25.0,242.0,4.0,200.0,16.0,8.0,11.0,69
PRO_3000,automotivo,37.0,874.0,1.0,2875.0,60.0,21.0,25.0,5
PRO_3001,esporte_lazer,36.0,134.0,3.0,300.0,16.0,16.0,16.0,65
PRO_3002,cama_mesa_banho,52.0,175.0,1.0,666.0,36.0,5.0,27.0,7
PRO_3003,esporte_lazer,28.0,247.0,3.0,150.0,22.0,6.0,15.0,65
PRO_3004,moveis_decoracao,51.0,900.0,2.0,350.0,68.0,8.0,13.0,39
PRO_3005,moveis_escritorio,50.0,344.0,1.0,15000.0,50.0,90.0,50.0,57
PRO_3006,utilidades_domesticas,59.0,604.0,1.0,1350.0,20.0,26.0,20.0,49
PRO_3007,utilidades_domesticas,60.0,413.0,1.0,1800.0,30.0,30.0,30.0,49
PRO_3008,automotivo,57.0,1412.0,9.0,600.0,20.0,10.0,15.0,5
PRO_3009,esporte_lazer,44.0,1854.0,6.0,525.0,29.0,16.0,20.0,65
PRO_3010,perfumaria,21.0,50.0,1.0,400.0,16.0,16.0,11.0,59
PRO_3011,moveis_decoracao,16.0,113.0,1.0,550.0,24.0,26.0,24.0,39
PRO_3012,relogios_presentes,36.0,622.0,2.0,146.0,17.0,12.0,14.0,71
PRO_3013,informatica_acessorios,36.0,347.0,1.0,837.0,37.0,14.0,14.0,15
PRO_3014,bebes,54.0,438.0,3.0,11400.0,65.0,15.0,70.0,6
PRO_3015,cama_mesa_banho,60.0,680.0,1.0,1250.0,19.0,17.0,22.0,7
PRO_3016,pet_shop,57.0,695.0,3.0,3650.0,36.0,16.0,26.0,60
PRO_3017,telefonia,55.0,1311.0,2.0,50.0,18.0,6.0,11.0,68
PRO_3018,moveis_decoracao,49.0,170.0,2.0,6000.0,60.0,30.0,35.0,39
PRO_3019,beleza_saude,35.0,1830.0,1.0,3400.0,21.0,25.0,20.0,43
PRO_3020,cama_mesa_banho,47.0,325.0,5.0,450.0,20.0,10.0,12.0,7
PRO_3021,esporte_lazer,39.0,1195.0,1.0,600.0,16.0,16.0,16.0,65
PRO_3022,construcao_ferramentas_construcao,54.0,294.0,6.0,1150.0,25.0,25.0,25.0,17
PRO_3023,brinquedos,44.0,1157.0,1.0,1053.0,31.0,10.0,31.0,69
PRO_3024,cama_mesa_banho,55.0,224.0,1.0,500.0,16.0,10.0,16.0,7
PRO_3025,utilidades_domesticas,27.0,840.0,1.0,1000.0,22.0,10.0,18.0,49
PRO_3026,pet_shop,52.0,484.0,1.0,450.0,20.0,20.0,17.0,60
PRO_3027,unknown,51.0,595.0,1.0,600.0,32.0,15.0,28.0,70
PRO_3028,eletronicos,34.0,212.0,1.0,16283.0,19.0,14.0,15.0,26
PRO_3029,brinquedos,57.0,175.0,1.0,300.0,16.0,17.0,11.0,69
PRO_3030,beleza_saude,34.0,585.0,3.0,900.0,23.0,5.0,15.0,43
PRO_3031,brinquedos,47.0,458.0,6.0,200.0,20.0,9.0,12.0,69
PRO_3032,perfumaria,32.0,140.0,1.0,200.0,22.0,10.0,19.0,59
PRO_3033,bebes,58.0,527.0,1.0,650.0,36.0,31.0,19.0,6
PRO_3034,bebes,36.0,767.0,1.0,2550.0,56.0,61.0,28.0,6
PRO_3035,esporte_lazer,47.0,396.0,1.0,600.0,16.0,15.0,15.0,65
PRO_3036,papelaria,36.0,293.0,3.0,500.0,16.0,11.0,11.0,66
PRO_3037,cool_stuff,36.0,777.0,4.0,1700.0,25.0,26.0,83.0,20
PRO_3038,cama_mesa_banho,40.0,590.0,1.0,250.0,22.0,5.0,16.0,7
PRO_3039,eletronicos,54.0,703.0,1.0,400.0,16.0,16.0,11.0,26
PRO_3040,cama_mesa_banho,48.0,320.0,1.0,250.0,25.0,10.0,20.0,7
PRO_3041,cama_mesa_banho,55.0,444.0,2.0,700.0,50.0,16.0,16.0,7
PRO_3042,pet_shop,53.0,1069.0,2.0,6700.0,50.0,20.0,40.0,60
PRO_3043,brinquedos,39.0,601.0,2.0,750.0,30.0,17.0,30.0,69
PRO_3044,moveis_decoracao,58.0,1972.0,2.0,3000.0,69.0,11.0,11.0,39
PRO_3045,unknown,51.0,595.0,1.0,100.0,16.0,7.0,11.0,70
PRO_3046,utilidades_domesticas,53.0,1254.0,1.0,1450.0,31.0,25.0,27.0,49
PRO_3047,beleza_saude,33.0,3664.0,1.0,430.0,22.0,17.0,21.0,43
PRO_3048,beleza_saude,59.0,492.0,2.0,200.0,22.0,10.0,18.0,43
PRO_3049,utilidades_domesticas,54.0,544.0,1.0,300.0,25.0,10.0,36.0,49
PRO_3050,ferramentas_jardim,48.0,595.0,4.0,200.0,30.0,10.0,20.0,42
PRO_3051,construcao_ferramentas_construcao,59.0,2224.0,1.0,200.0,16.0,10.0,11.0,17
PRO_3052,relogios_presentes,42.0,657.0,1.0,400.0,23.0,15.0,19.0,71
PRO_3053,beleza_saude,15.0,552.0,1.0,50.0,20.0,20.0,16.0,43
PRO_3054,instrumentos_musicais,53.0,1852.0,5.0,1200.0,28.0,11.0,26.0,56
PRO_3055,telefonia,26.0,345.0,1.0,200.0,27.0,5.0,20.0,68
PRO_3056,brinquedos,33.0,254.0,5.0,9080.0,57.0,24.0,45.0,69
PRO_3057,telefonia,55.0,568.0,1.0,225.0,20.0,5.0,13.0,68
PRO_3058,casa_conforto,46.0,406.0,1.0,10150.0,45.0,30.0,45.0,47
PRO_3059,livros_tecnicos,58.0,2533.0,1.0,1900.0,17.0,7.0,23.0,10
PRO_3060,esporte_lazer,30.0,626.0,5.0,227.0,26.0,15.0,19.0,65
PRO_3061,ferramentas_jardim,50.0,591.0,3.0,1450.0,20.0,20.0,20.0,42
PRO_3062,relogios_presentes,57.0,616.0,4.0,400.0,16.0,2.0,11.0,71
PRO_3063,eletrodomesticos,57.0,144.0,1.0,400.0,27.0,13.0,17.0,44
PRO_3064,cama_mesa_banho,52.0,289.0,1.0,1950.0,34.0,9.0,33.0,7
PRO_3065,beleza_saude,57.0,2556.0,1.0,300.0,16.0,6.0,11.0,43
PRO_3066,moveis_decoracao,44.0,729.0,1.0,900.0,35.0,10.0,35.0,39
PRO_3067,automotivo,53.0,2118.0,1.0,300.0,24.0,18.0,18.0,5
PRO_3068,moveis_decoracao,57.0,470.0,1.0,2200.0,50.0,20.0,40.0,39
PRO_3069,beleza_saude,34.0,267.0,1.0,606.0,19.0,12.0,16.0,43
PRO_3070,relogios_presentes,41.0,681.0,1.0,167.0,21.0,13.0,16.0,71
PRO_3071,eletronicos,36.0,816.0,1.0,3050.0,40.0,8.0,40.0,26
PRO_3072,perfumaria,51.0,534.0,1.0,1000.0,22.0,9.0,15.0,59
PRO_3073,casa_construcao,59.0,664.0,1.0,8700.0,30.0,35.0,30.0,48
PRO_3074,bebes,46.0,251.0,1.0,213.0,17.0,8.0,12.0,6
PRO_3075,eletronicos,46.0,223.0,1.0,100.0,23.0,8.0,12.0,26
PRO_3076,beleza_saude,30.0,150.0,1.0,200.0,16.0,9.0,14.0,43
PRO_3077,esporte_lazer,54.0,1552.0,1.0,400.0,28.0,19.0,19.0,65
PRO_3078,construcao_ferramentas_construcao,54.0,123.0,7.0,9500.0,44.0,15.0,33.0,17
PRO_3079,brinquedos,56.0,928.0,3.0,600.0,52.0,9.0,19.0,69
PRO_3080,pet_shop,50.0,1983.0,3.0,3000.0,105.0,16.0,16.0,60
PRO_3081,cama_mesa_banho,44.0,473.0,1.0,1150.0,55.0,15.0,45.0,7
PRO_3082,automotivo,59.0,228.0,1.0,500.0,35.0,15.0,35.0,5
PRO_3083,automotivo,55.0,551.0,1.0,100.0,23.0,5.0,23.0,5
PRO_3084,eletronicos,47.0,576.0,1.0,403.0,19.0,8.0,12.0,26
PRO_3085,ferramentas_jardim,50.0,1082.0,6.0,860.0,31.0,15.0,14.0,42
PRO_3086,esporte_lazer,57.0,1236.0,1.0,4250.0,20.0,20.0,20.0,65
PRO_3087,malas_acessorios,59.0,472.0,4.0,20850.0,50.0,50.0,50.0,53
PRO_3088,climatizacao,56.0,1351.0,5.0,4500.0,55.0,16.0,26.0,1
PRO_3089,unknown,51.0,595.0,1.0,200.0,16.0,2.0,11.0,70
PRO_3090,eletrodomesticos,48.0,543.0,2.0,1200.0,35.0,20.0,30.0,44
PRO_3091,esporte_lazer,45.0,941.0,1.0,1300.0,100.0,8.0,15.0,65
PRO_3092,esporte_lazer,51.0,1498.0,1.0,1500.0,20.0,17.0,17.0,65
PRO_3093,relogios_presentes,28.0,890.0,1.0,409.0,16.0,11.0,12.0,71
PRO_3094,esporte_lazer,45.0,570.0,2.0,725.0,19.0,14.0,15.0,65
PRO_3095,pet_shop,33.0,964.0,1.0,4600.0,46.0,27.0,28.0,60
PRO_3096,eletronicos,58.0,870.0,1.0,575.0,26.0,26.0,26.0,26
PRO_3097,climatizacao,39.0,132.0,1.0,375.0,24.0,12.0,17.0,1
PRO_3098,beleza_saude,29.0,817.0,1.0,550.0,20.0,14.0,14.0,43
PRO_3099,moveis_decoracao,58.0,1103.0,1.0,1200.0,30.0,30.0,30.0,39
PRO_3100,relogios_presentes,41.0,438.0,1.0,400.0,20.0,14.0,16.0,71
PRO_3101,fashion_esporte,51.0,567.0,1.0,500.0,26.0,10.0,22.0,32
PRO_3102,esporte_lazer,33.0,556.0,1.0,600.0,23.0,11.0,20.0,65
PRO_3103,esporte_lazer,53.0,479.0,1.0,900.0,16.0,8.0,13.0,65
PRO_3104,moveis_decoracao,59.0,1972.0,4.0,300.0,69.0,11.0,11.0,39
PRO_3105,esporte_lazer,44.0,85.0,1.0,300.0,26.0,3.0,15.0,65
PRO_3106,esporte_lazer,52.0,671.0,1.0,600.0,20.0,13.0,13.0,65
PRO_3107,malas_acessorios,49.0,905.0,6.0,575.0,44.0,8.0,33.0,53
PRO_3108,moveis_decoracao,44.0,696.0,4.0,1500.0,35.0,40.0,35.0,39
PRO_3109,relogios_presentes,34.0,513.0,3.0,500.0,38.0,12.0,38.0,71
PRO_3110,papelaria,64.0,582.0,1.0,700.0,19.0,44.0,31.0,66
PRO_3111,papelaria,39.0,112.0,1.0,250.0,20.0,20.0,20.0,66
PRO_3112,ferramentas_jardim,47.0,304.0,5.0,1000.0,40.0,3.0,15.0,42
PRO_3113,moveis_decoracao,35.0,393.0,5.0,300.0,16.0,6.0,20.0,39
PRO_3114,cool_stuff,52.0,1049.0,1.0,2300.0,42.0,25.0,15.0,20
PRO_3115,bebes,53.0,872.0,2.0,13100.0,38.0,47.0,44.0,6
PRO_3116,moveis_decoracao,43.0,442.0,2.0,300.0,20.0,11.0,16.0,39
PRO_3117,automotivo,58.0,1125.0,6.0,100.0,16.0,5.0,11.0,5
PRO_3118,utilidades_domesticas,53.0,786.0,4.0,725.0,29.0,15.0,23.0,49
PRO_3119,moveis_cozinha_area_de_servico_jantar_e_jardim,30.0,580.0,4.0,3400.0,85.0,8.0,26.0,51
PRO_3120,moveis_decoracao,46.0,709.0,2.0,1300.0,50.0,30.0,30.0,39
PRO_3121,esporte_lazer,56.0,615.0,1.0,10800.0,28.0,8.0,11.0,65
PRO_3122,brinquedos,54.0,77.0,2.0,3150.0,39.0,30.0,29.0,69
PRO_3123,beleza_saude,57.0,2576.0,1.0,1233.0,21.0,22.0,16.0,43
PRO_3124,moveis_quarto,42.0,750.0,2.0,16300.0,65.0,35.0,35.0,38
PRO_3125,casa_construcao,56.0,773.0,3.0,1100.0,25.0,20.0,25.0,48
PRO_3126,bebes,53.0,1286.0,4.0,200.0,16.0,6.0,11.0,6
PRO_3127,consoles_games,51.0,113.0,1.0,100.0,20.0,3.0,15.0,16
PRO_3128,brinquedos,57.0,538.0,5.0,6050.0,81.0,8.0,56.0,69
PRO_3129,moveis_decoracao,56.0,1042.0,6.0,1170.0,22.0,12.0,20.0,39
PRO_3130,cama_mesa_banho,55.0,626.0,2.0,650.0,16.0,10.0,16.0,7
PRO_3131,relogios_presentes,51.0,624.0,5.0,200.0,16.0,2.0,20.0,71
PRO_3132,unknown,51.0,595.0,1.0,700.0,24.0,4.0,15.0,70
PRO_3133,esporte_lazer,55.0,791.0,1.0,5750.0,33.0,15.0,18.0,65
PRO_3134,unknown,51.0,595.0,1.0,1000.0,20.0,15.0,20.0,70
PRO_3135,alimentos_bebidas,29.0,205.0,1.0,350.0,16.0,2.0,12.0,37
PRO_3136,informatica_acessorios,57.0,905.0,4.0,500.0,16.0,6.0,48.0,15
PRO_3137,eletronicos,51.0,1461.0,4.0,1117.0,19.0,14.0,19.0,26
PRO_3138,cama_mesa_banho,45.0,734.0,5.0,550.0,16.0,10.0,11.0,7
PRO_3139,informatica_acessorios,50.0,688.0,2.0,200.0,39.0,9.0,20.0,15
PRO_3140,consoles_games,57.0,300.0,1.0,300.0,16.0,2.0,12.0,16
PRO_3141,cama_mesa_banho,50.0,804.0,1.0,1200.0,20.0,16.0,20.0,7
PRO_3142,esporte_lazer,57.0,744.0,2.0,1100.0,47.0,10.0,15.0,65
PRO_3143,utilidades_domesticas,60.0,338.0,2.0,3100.0,18.0,18.0,18.0,49
PRO_3144,utilidades_domesticas,55.0,429.0,1.0,2000.0,38.0,25.0,32.0,49
PRO_3145,esporte_lazer,56.0,279.0,1.0,175.0,18.0,9.0,16.0,65
PRO_3146,beleza_saude,45.0,806.0,1.0,19600.0,40.0,35.0,46.0,43
PRO_3147,automotivo,58.0,784.0,3.0,5300.0,42.0,12.0,27.0,5
PRO_3148,cama_mesa_banho,54.0,265.0,1.0,1420.0,38.0,13.0,31.0,7
PRO_3149,esporte_lazer,47.0,277.0,1.0,9000.0,50.0,30.0,20.0,65
PRO_3150,beleza_saude,37.0,377.0,1.0,5400.0,38.0,18.0,22.0,43
PRO_3151,esporte_lazer,31.0,3889.0,1.0,300.0,20.0,10.0,15.0,65
PRO_3152,cama_mesa_banho,55.0,844.0,1.0,850.0,25.0,5.0,25.0,7
PRO_3153,telefonia,60.0,2151.0,2.0,167.0,18.0,5.0,11.0,68
PRO_3154,esporte_lazer,59.0,1313.0,2.0,1500.0,80.0,14.0,16.0,65
PRO_3155,eletronicos,55.0,981.0,1.0,150.0,18.0,5.0,24.0,26
PRO_3156,utilidades_domesticas,48.0,274.0,1.0,350.0,20.0,30.0,30.0,49
PRO_3157,cama_mesa_banho,52.0,298.0,2.0,900.0,37.0,23.0,35.0,7
PRO_3158,telefonia,60.0,818.0,6.0,350.0,17.0,4.0,12.0,68
PRO_3159,fashion_bolsas_e_acessorios,56.0,198.0,4.0,150.0,16.0,16.0,16.0,28
PRO_3160,esporte_lazer,31.0,1055.0,1.0,1050.0,25.0,20.0,20.0,65
PRO_3161,esporte_lazer,54.0,1411.0,1.0,9200.0,48.0,26.0,29.0,65
PRO_3162,relogios_presentes,33.0,1128.0,2.0,250.0,19.0,14.0,16.0,71
PRO_3163,moveis_decoracao,54.0,691.0,1.0,1200.0,34.0,8.0,22.0,39
PRO_3164,moveis_decoracao,58.0,858.0,1.0,3250.0,31.0,43.0,21.0,39
PRO_3165,moveis_escritorio,43.0,1394.0,1.0,13550.0,58.0,55.0,24.0,57
PRO_3166,telefonia,47.0,530.0,1.0,200.0,20.0,20.0,20.0,68
PRO_3167,cama_mesa_banho,51.0,301.0,2.0,950.0,37.0,23.0,35.0,7
PRO_3168,ferramentas_jardim,55.0,681.0,4.0,2150.0,26.0,13.0,16.0,42
PRO_3169,relogios_presentes,58.0,612.0,3.0,400.0,19.0,10.0,15.0,71
PRO_3170,beleza_saude,40.0,1146.0,2.0,900.0,20.0,15.0,20.0,43
PRO_3171,beleza_saude,48.0,832.0,1.0,350.0,20.0,15.0,15.0,43
PRO_3172,automotivo,57.0,829.0,4.0,17950.0,60.0,60.0,37.0,5
PRO_3173,papelaria,44.0,721.0,3.0,1450.0,100.0,20.0,11.0,66
PRO_3174,utilidades_domesticas,56.0,644.0,3.0,650.0,24.0,5.0,18.0,49
PRO_3175,relogios_presentes,42.0,712.0,1.0,350.0,16.0,12.0,11.0,71
PRO_3176,beleza_saude,60.0,919.0,1.0,150.0,22.0,3.0,15.0,43
PRO_3177,beleza_saude,53.0,137.0,3.0,200.0,19.0,11.0,23.0,43
PRO_3178,moveis_cozinha_area_de_servico_jantar_e_jardim,46.0,964.0,5.0,1100.0,20.0,16.0,30.0,51
PRO_3179,eletronicos,52.0,1653.0,4.0,3000.0,46.0,6.0,19.0,26
PRO_3180,informatica_acessorios,46.0,2329.0,1.0,250.0,16.0,3.0,11.0,15
PRO_3181,climatizacao,54.0,445.0,1.0,150.0,20.0,8.0,13.0,1
PRO_3182,consoles_games,43.0,400.0,2.0,346.0,18.0,8.0,15.0,16
PRO_3183,moveis_decoracao,54.0,619.0,3.0,3100.0,36.0,14.0,26.0,39
PRO_3184,bebes,48.0,395.0,1.0,350.0,25.0,5.0,17.0,6
PRO_3185,automotivo,57.0,305.0,6.0,100.0,30.0,5.0,20.0,5
PRO_3186,moveis_decoracao,58.0,1117.0,1.0,6050.0,36.0,23.0,14.0,39
PRO_3187,perfumaria,55.0,983.0,1.0,195.0,16.0,11.0,14.0,59
PRO_3188,moveis_decoracao,63.0,627.0,2.0,1500.0,38.0,7.0,28.0,39
PRO_3189,telefonia,60.0,777.0,6.0,300.0,17.0,4.0,12.0,68
PRO_3190,cama_mesa_banho,60.0,340.0,1.0,13050.0,55.0,40.0,40.0,7
PRO_3191,perfumaria,54.0,956.0,1.0,50.0,16.0,5.0,11.0,59
PRO_3192,sinalizacao_e_seguranca,36.0,426.0,5.0,975.0,30.0,16.0,17.0,62
PRO_3193,beleza_saude,46.0,2771.0,5.0,1500.0,16.0,35.0,11.0,43
PRO_3194,cama_mesa_banho,51.0,242.0,1.0,2100.0,37.0,23.0,35.0,7
PRO_3195,utilidades_domesticas,40.0,617.0,7.0,650.0,16.0,16.0,16.0,49
PRO_3196,cine_foto,60.0,2069.0,1.0,150.0,16.0,8.0,11.0,13
PRO_3197,cama_mesa_banho,55.0,702.0,1.0,2146.0,42.0,11.0,36.0,7
PRO_3198,beleza_saude,46.0,580.0,4.0,350.0,25.0,15.0,15.0,43
PRO_3199,beleza_saude,60.0,1078.0,1.0,700.0,22.0,6.0,12.0,43
PRO_3200,cool_stuff,24.0,491.0,1.0,3400.0,28.0,24.0,14.0,20
PRO_3201,pet_shop,59.0,3809.0,1.0,163.0,18.0,9.0,14.0,60
PRO_3202,relogios_presentes,34.0,386.0,1.0,288.0,18.0,12.0,14.0,71
PRO_3203,moveis_decoracao,29.0,356.0,3.0,400.0,25.0,5.0,17.0,39
PRO_3204,relogios_presentes,43.0,597.0,1.0,250.0,18.0,9.0,17.0,71
PRO_3205,casa_construcao,53.0,1135.0,4.0,2650.0,40.0,100.0,20.0,48
PRO_3206,fashion_bolsas_e_acessorios,53.0,353.0,1.0,200.0,16.0,2.0,11.0,28
PRO_3207,cool_stuff,53.0,615.0,1.0,2600.0,34.0,20.0,34.0,20
PRO_3208,construcao_ferramentas_ferramentas,39.0,945.0,2.0,1550.0,30.0,12.0,20.0,22
PRO_3209,eletronicos,46.0,391.0,1.0,150.0,18.0,12.0,13.0,26
PRO_3210,informatica_acessorios,54.0,107.0,2.0,100.0,16.0,16.0,16.0,15
PRO_3211,beleza_saude,39.0,740.0,1.0,1307.0,23.0,26.0,20.0,43
PRO_3212,automotivo,58.0,951.0,1.0,900.0,25.0,20.0,25.0,5
PRO_3213,beleza_saude,49.0,1045.0,1.0,333.0,17.0,17.0,15.0,43
PRO_3214,cama_mesa_banho,48.0,610.0,2.0,30000.0,80.0,40.0,70.0,7
PRO_3215,malas_acessorios,52.0,1290.0,5.0,450.0,20.0,40.0,30.0,53
PRO_3216,utilidades_domesticas,58.0,269.0,3.0,1200.0,20.0,15.0,16.0,49
PRO_3217,eletrodomesticos,60.0,363.0,1.0,200.0,27.0,13.0,17.0,44
PRO_3218,informatica_acessorios,37.0,1227.0,1.0,300.0,16.0,16.0,11.0,15
PRO_3219,automotivo,59.0,687.0,1.0,6900.0,65.0,13.0,65.0,5
PRO_3220,utilidades_domesticas,44.0,676.0,2.0,500.0,37.0,13.0,37.0,49
PRO_3221,moveis_decoracao,58.0,2010.0,2.0,1550.0,69.0,11.0,11.0,39
PRO_3222,esporte_lazer,28.0,973.0,1.0,7400.0,49.0,22.0,41.0,65
PRO_3223,perfumaria,60.0,863.0,4.0,1500.0,30.0,12.0,28.0,59
PRO_3224,telefonia,42.0,444.0,2.0,200.0,16.0,2.0,11.0,68
PRO_3225,eletroportateis,44.0,995.0,1.0,4925.0,35.0,45.0,34.0,63
PRO_3226,utilidades_domesticas,53.0,1396.0,2.0,1750.0,70.0,15.0,20.0,49
PRO_3227,utilidades_domesticas,51.0,437.0,1.0,600.0,21.0,21.0,21.0,49
PRO_3228,cama_mesa_banho,53.0,607.0,1.0,225.0,21.0,10.0,14.0,7
PRO_3229,unknown,51.0,595.0,1.0,1100.0,35.0,15.0,20.0,70
PRO_3230,bebes,46.0,1658.0,3.0,10400.0,100.0,23.0,27.0,6
PRO_3231,beleza_saude,54.0,1378.0,1.0,100.0,19.0,5.0,13.0,43
PRO_3232,telefonia,59.0,405.0,1.0,150.0,19.0,4.0,11.0,68
PRO_3233,cama_mesa_banho,40.0,175.0,3.0,98.0,25.0,8.0,19.0,7
PRO_3234,pet_shop,55.0,703.0,1.0,1500.0,50.0,30.0,33.0,60
PRO_3235,informatica_acessorios,44.0,526.0,1.0,573.0,21.0,14.0,11.0,15
PRO_3236,esporte_lazer,60.0,1063.0,5.0,350.0,30.0,10.0,20.0,65
PRO_3237,bebes,40.0,1465.0,3.0,400.0,30.0,10.0,30.0,6
PRO_3238,ferramentas_jardim,60.0,208.0,4.0,1214.0,30.0,17.0,17.0,42
PRO_3239,consoles_games,49.0,1944.0,1.0,650.0,16.0,16.0,16.0,16
PRO_3240,cool_stuff,55.0,934.0,1.0,2150.0,42.0,25.0,15.0,20
PRO_3241,cama_mesa_banho,42.0,119.0,1.0,250.0,30.0,4.0,40.0,7
PRO_3242,esporte_lazer,60.0,1971.0,3.0,1600.0,80.0,20.0,25.0,65
PRO_3243,relogios_presentes,57.0,373.0,8.0,100.0,16.0,2.0,20.0,71
PRO_3244,beleza_saude,45.0,3078.0,4.0,19300.0,26.0,61.0,40.0,43
PRO_3245,beleza_saude,53.0,172.0,6.0,50.0,19.0,11.0,23.0,43
PRO_3246,moveis_decoracao,52.0,322.0,5.0,1150.0,30.0,20.0,30.0,39
PRO_3247,relogios_presentes,46.0,629.0,1.0,400.0,24.0,8.0,12.0,71
PRO_3248,cool_stuff,41.0,939.0,1.0,300.0,16.0,5.0,16.0,20
PRO_3249,cama_mesa_banho,56.0,595.0,2.0,950.0,42.0,29.0,28.0,7
PRO_3250,brinquedos,43.0,932.0,2.0,888.0,25.0,21.0,20.0,69
PRO_3251,esporte_lazer,59.0,716.0,6.0,2650.0,20.0,20.0,20.0,65
PRO_3252,cama_mesa_banho,51.0,89.0,1.0,700.0,20.0,10.0,15.0,7
PRO_3253,esporte_lazer,44.0,1186.0,1.0,683.0,20.0,19.0,19.0,65
PRO_3254,esporte_lazer,59.0,247.0,2.0,1250.0,60.0,15.0,15.0,65
PRO_3255,relogios_presentes,55.0,336.0,4.0,250.0,16.0,2.0,20.0,71
PRO_3256,beleza_saude,33.0,578.0,1.0,355.0,16.0,15.0,14.0,43
PRO_3257,cama_mesa_banho,50.0,264.0,1.0,850.0,45.0,15.0,35.0,7
PRO_3258,moveis_decoracao,56.0,509.0,1.0,500.0,55.0,6.0,11.0,39
PRO_3259,unknown,51.0,595.0,1.0,200.0,16.0,2.0,11.0,70
PRO_3260,moveis_decoracao,42.0,392.0,1.0,5700.0,30.0,30.0,30.0,39
PRO_3261,moveis_decoracao,59.0,1862.0,2.0,1550.0,60.0,14.0,14.0,39
PRO_3262,informatica_acessorios,56.0,1199.0,3.0,525.0,23.0,11.0,16.0,15
PRO_3263,construcao_ferramentas_iluminacao,54.0,538.0,2.0,7900.0,20.0,16.0,59.0,18
PRO_3264,moveis_decoracao,40.0,94.0,5.0,400.0,16.0,5.0,20.0,39
PRO_3265,moveis_decoracao,52.0,1085.0,4.0,400.0,50.0,3.0,25.0,39
PRO_3266,beleza_saude,43.0,2356.0,1.0,725.0,20.0,16.0,19.0,43
PRO_3267,utilidades_domesticas,28.0,501.0,1.0,100.0,30.0,11.0,11.0,49
PRO_3268,esporte_lazer,56.0,819.0,4.0,175.0,17.0,10.0,13.0,65
PRO_3269,brinquedos,53.0,327.0,3.0,600.0,35.0,12.0,20.0,69
PRO_3270,informatica_acessorios,58.0,305.0,1.0,300.0,21.0,7.0,14.0,15
PRO_3271,moveis_decoracao,42.0,914.0,1.0,800.0,21.0,34.0,34.0,39
PRO_3272,moveis_decoracao,63.0,2339.0,4.0,7700.0,22.0,19.0,22.0,39
PRO_3273,utilidades_domesticas,55.0,323.0,1.0,2700.0,28.0,18.0,20.0,49
PRO_3274,eletroportateis,51.0,909.0,2.0,350.0,27.0,5.0,12.0,63
PRO_3275,unknown,51.0,595.0,1.0,400.0,18.0,7.0,17.0,70
PRO_3276,papelaria,42.0,170.0,2.0,650.0,16.0,3.0,11.0,66
PRO_3277,telefonia,60.0,298.0,7.0,350.0,17.0,4.0,13.0,68
PRO_3278,livros_tecnicos,46.0,545.0,1.0,550.0,24.0,3.0,17.0,10
PRO_3279,telefonia,52.0,525.0,2.0,200.0,19.0,4.0,11.0,68
PRO_3280,telefonia,46.0,832.0,1.0,175.0,18.0,4.0,16.0,68
PRO_3281,eletrodomesticos,58.0,145.0,1.0,250.0,27.0,13.0,17.0,44
PRO_3282,esporte_lazer,47.0,1128.0,1.0,300.0,33.0,21.0,27.0,65
PRO_3283,cool_stuff,54.0,822.0,1.0,1100.0,30.0,12.0,16.0,20
PRO_3284,moveis_decoracao,62.0,3116.0,3.0,1500.0,53.0,8.0,11.0,39
PRO_3285,consoles_games,39.0,1028.0,3.0,400.0,20.0,30.0,20.0,16
PRO_3286,esporte_lazer,54.0,795.0,1.0,200.0,18.0,8.0,14.0,65
PRO_3287,utilidades_domesticas,52.0,827.0,1.0,1800.0,30.0,30.0,30.0,49
PRO_3288,moveis_escritorio,56.0,375.0,2.0,22550.0,79.0,12.0,40.0,57
PRO_3289,cama_mesa_banho,63.0,643.0,1.0,1500.0,38.0,7.0,28.0,7
PRO_3290,utilidades_domesticas,29.0,765.0,3.0,700.0,35.0,12.0,28.0,49
PRO_3291,unknown,51.0,595.0,1.0,200.0,22.0,14.0,14.0,70
PRO_3292,automotivo,60.0,442.0,3.0,350.0,25.0,25.0,25.0,5
PRO_3293,cama_mesa_banho,42.0,170.0,1.0,300.0,31.0,6.0,26.0,7
PRO_3294,esporte_lazer,26.0,417.0,3.0,700.0,43.0,15.0,35.0,65
PRO_3295,livros_interesse_geral,55.0,448.0,1.0,200.0,24.0,2.0,16.0,8
PRO_3296,pet_shop,51.0,301.0,1.0,2500.0,65.0,50.0,45.0,60
PRO_3297,fashion_bolsas_e_acessorios,52.0,23.0,1.0,200.0,16.0,2.0,11.0,28
PRO_3298,moveis_decoracao,49.0,219.0,3.0,600.0,16.0,5.0,20.0,39
PRO_3299,cool_stuff,40.0,618.0,4.0,882.0,28.0,14.0,19.0,20
PRO_3300,cama_mesa_banho,55.0,169.0,1.0,300.0,26.0,3.0,26.0,7
PRO_3301,moveis_sala,29.0,104.0,2.0,2700.0,47.0,6.0,47.0,40
PRO_3302,moveis_decoracao,53.0,317.0,2.0,350.0,16.0,16.0,22.0,39
PRO_3303,cama_mesa_banho,38.0,365.0,1.0,1200.0,38.0,20.0,25.0,7
PRO_3304,pet_shop,44.0,1793.0,1.0,11350.0,80.0,26.0,26.0,60
PRO_3305,automotivo,60.0,841.0,2.0,1850.0,95.0,16.0,35.0,5
PRO_3306,ferramentas_jardim,52.0,1858.0,5.0,7950.0,53.0,30.0,31.0,42
PRO_3307,automotivo,60.0,1309.0,1.0,1300.0,16.0,30.0,12.0,5
PRO_3308,perfumaria,47.0,1320.0,1.0,100.0,16.0,7.0,12.0,59
PRO_3309,informatica_acessorios,33.0,277.0,1.0,450.0,18.0,9.0,16.0,15
PRO_3310,construcao_ferramentas_ferramentas,47.0,248.0,3.0,2708.0,29.0,17.0,17.0,22
PRO_3311,esporte_lazer,30.0,1826.0,1.0,360.0,18.0,14.0,16.0,65
PRO_3312,climatizacao,53.0,286.0,1.0,150.0,20.0,8.0,13.0,1
PRO_3313,consoles_games,60.0,865.0,1.0,150.0,22.0,26.0,25.0,16
PRO_3314,eletroportateis,32.0,665.0,1.0,100.0,30.0,5.0,11.0,63
PRO_3315,cama_mesa_banho,55.0,318.0,1.0,16000.0,45.0,15.0,25.0,7
PRO_3316,consoles_games,55.0,411.0,3.0,600.0,24.0,20.0,27.0,16
PRO_3317,beleza_saude,32.0,1053.0,1.0,1200.0,16.0,9.0,13.0,43
PRO_3318,beleza_saude,53.0,654.0,2.0,450.0,19.0,11.0,13.0,43
PRO_3319,informatica_acessorios,52.0,381.0,4.0,24050.0,60.0,40.0,60.0,15
PRO_3320,utilidades_domesticas,50.0,440.0,1.0,148.0,25.0,27.0,22.0,49
PRO_3321,automotivo,41.0,244.0,1.0,398.0,18.0,10.0,15.0,5
PRO_3322,unknown,51.0,595.0,1.0,1500.0,27.0,8.0,19.0,70
PRO_3323,moveis_decoracao,43.0,789.0,1.0,1050.0,20.0,35.0,20.0,39
PRO_3324,esporte_lazer,54.0,1403.0,1.0,15600.0,55.0,26.0,29.0,65
PRO_3325,malas_acessorios,64.0,557.0,1.0,1200.0,19.0,44.0,35.0,53
PRO_3326,beleza_saude,46.0,175.0,1.0,364.0,18.0,14.0,14.0,43
PRO_3327,utilidades_domesticas,55.0,582.0,2.0,1050.0,100.0,3.0,15.0,49
PRO_3328,perfumaria,41.0,634.0,1.0,113.0,16.0,4.0,19.0,59
PRO_3329,brinquedos,56.0,645.0,2.0,900.0,19.0,33.0,46.0,69
PRO_3330,brinquedos,41.0,192.0,6.0,700.0,29.0,7.0,16.0,69
PRO_3331,utilidades_domesticas,45.0,567.0,3.0,2900.0,52.0,3.0,32.0,49
PRO_3332,moveis_decoracao,40.0,94.0,5.0,300.0,16.0,5.0,20.0,39
PRO_3333,esporte_lazer,50.0,621.0,1.0,1400.0,21.0,16.0,16.0,65
PRO_3334,brinquedos,59.0,973.0,4.0,1800.0,43.0,40.0,40.0,69
PRO_3335,automotivo,55.0,1076.0,3.0,150.0,20.0,20.0,20.0,5
PRO_3336,cama_mesa_banho,53.0,284.0,1.0,2100.0,45.0,15.0,35.0,7
PRO_3337,moveis_decoracao,32.0,240.0,1.0,700.0,40.0,15.0,11.0,39
PRO_3338,esporte_lazer,57.0,1417.0,3.0,950.0,35.0,14.0,15.0,65
PRO_3339,informatica_acessorios,60.0,2127.0,1.0,225.0,18.0,10.0,16.0,15
PRO_3340,eletronicos,32.0,139.0,3.0,1700.0,32.0,5.0,26.0,26
PRO_3341,construcao_ferramentas_construcao,34.0,686.0,3.0,150.0,16.0,6.0,11.0,17
PRO_3342,utilidades_domesticas,55.0,1010.0,1.0,1000.0,43.0,11.0,37.0,49
PRO_3343,moveis_decoracao,15.0,856.0,1.0,5300.0,57.0,15.0,37.0,39
PRO_3344,moveis_cozinha_area_de_servico_jantar_e_jardim,59.0,558.0,5.0,6950.0,47.0,23.0,37.0,51
PRO_3345,cama_mesa_banho,51.0,290.0,1.0,8550.0,40.0,32.0,40.0,7
PRO_3346,brinquedos,54.0,1113.0,2.0,3250.0,32.0,14.0,17.0,69
PRO_3347,beleza_saude,28.0,166.0,2.0,300.0,23.0,7.0,12.0,43
PRO_3348,esporte_lazer,60.0,2099.0,1.0,3600.0,30.0,32.0,30.0,65
PRO_3349,utilidades_domesticas,58.0,80.0,2.0,2050.0,25.0,10.0,25.0,49
PRO_3350,cama_mesa_banho,59.0,2736.0,4.0,18900.0,41.0,15.0,51.0,7
PRO_3351,unknown,51.0,595.0,1.0,220.0,21.0,11.0,16.0,70
PRO_3352,moveis_decoracao,44.0,208.0,3.0,100.0,16.0,5.0,11.0,39
PRO_3353,eletrodomesticos,51.0,280.0,3.0,450.0,27.0,13.0,17.0,44
PRO_3354,utilidades_domesticas,44.0,329.0,6.0,400.0,16.0,12.0,12.0,49
PRO_3355,cama_mesa_banho,47.0,232.0,1.0,1300.0,38.0,7.0,28.0,7
PRO_3356,moveis_decoracao,25.0,427.0,2.0,400.0,65.0,11.0,11.0,39
PRO_3357,cama_mesa_banho,56.0,405.0,1.0,1550.0,40.0,10.0,30.0,7
PRO_3358,brinquedos,50.0,167.0,3.0,350.0,16.0,13.0,16.0,69
PRO_3359,pet_shop,57.0,498.0,2.0,200.0,20.0,20.0,20.0,60
PRO_3360,utilidades_domesticas,46.0,648.0,1.0,500.0,20.0,20.0,20.0,49
PRO_3361,perfumaria,53.0,957.0,14.0,1800.0,27.0,18.0,32.0,59
PRO_3362,esporte_lazer,40.0,428.0,2.0,600.0,20.0,20.0,20.0,65
PRO_3363,beleza_saude,49.0,3037.0,1.0,1067.0,22.0,19.0,19.0,43
PRO_3364,utilidades_domesticas,30.0,583.0,1.0,200.0,25.0,10.0,11.0,49
PRO_3365,cama_mesa_banho,57.0,216.0,1.0,550.0,40.0,5.0,30.0,7
PRO_3366,bebes,54.0,298.0,5.0,100.0,16.0,6.0,11.0,6
PRO_3367,automotivo,52.0,251.0,1.0,21000.0,65.0,44.0,44.0,5
PRO_3368,automotivo,58.0,579.0,4.0,550.0,33.0,27.0,26.0,5
PRO_3369,utilidades_domesticas,57.0,1366.0,5.0,10100.0,48.0,30.0,16.0,49
PRO_3370,brinquedos,57.0,492.0,2.0,900.0,35.0,8.0,36.0,69
PRO_3371,utilidades_domesticas,54.0,435.0,1.0,900.0,31.0,13.0,15.0,49
PRO_3372,beleza_saude,49.0,198.0,2.0,100.0,20.0,15.0,15.0,43
PRO_3373,telefonia,41.0,689.0,1.0,100.0,24.0,2.0,18.0,68
PRO_3374,bebes,63.0,1380.0,3.0,5900.0,30.0,50.0,40.0,6
PRO_3375,cama_mesa_banho,54.0,236.0,1.0,950.0,34.0,7.0,32.0,7
PRO_3376,fashion_calcados,58.0,404.0,4.0,450.0,25.0,15.0,35.0,31
PRO_3377,cool_stuff,44.0,117.0,1.0,600.0,25.0,37.0,36.0,20
PRO_3378,informatica_acessorios,50.0,498.0,4.0,100.0,16.0,3.0,13.0,15
PRO_3379,moveis_decoracao,33.0,510.0,4.0,700.0,22.0,12.0,15.0,39
PRO_3380,automotivo,59.0,651.0,5.0,8400.0,77.0,4.0,47.0,5
PRO_3381,moveis_decoracao,52.0,1673.0,2.0,50.0,52.0,11.0,11.0,39
PRO_3382,utilidades_domesticas,26.0,1175.0,3.0,350.0,60.0,10.0,15.0,49
PRO_3383,fashion_bolsas_e_acessorios,57.0,382.0,6.0,200.0,16.0,9.0,11.0,28
PRO_3384,telefonia,58.0,828.0,2.0,300.0,17.0,4.0,12.0,68
PRO_3385,eletrodomesticos_2,59.0,507.0,1.0,14150.0,34.0,34.0,56.0,45
PRO_3386,alimentos,60.0,489.0,1.0,140.0,23.0,14.0,18.0,36
PRO_3387,eletrodomesticos,59.0,190.0,1.0,1250.0,65.0,8.0,38.0,44
PRO_3388,moveis_decoracao,56.0,297.0,2.0,1000.0,100.0,5.0,20.0,39
PRO_3389,brinquedos,51.0,465.0,1.0,2363.0,23.0,27.0,19.0,69
PRO_3390,esporte_lazer,50.0,1204.0,2.0,267.0,16.0,9.0,11.0,65
PRO_3391,brinquedos,56.0,342.0,2.0,800.0,35.0,25.0,25.0,69
PRO_3392,beleza_saude,58.0,1360.0,2.0,150.0,16.0,13.0,11.0,43
PRO_3393,cama_mesa_banho,58.0,103.0,1.0,1500.0,30.0,20.0,25.0,7
PRO_3394,papelaria,48.0,298.0,1.0,600.0,16.0,4.0,11.0,66
PRO_3395,moveis_escritorio,35.0,2245.0,1.0,15200.0,58.0,28.0,58.0,57
PRO_3396,ferramentas_jardim,40.0,166.0,1.0,350.0,21.0,14.0,14.0,42
PRO_3397,beleza_saude,34.0,1175.0,1.0,400.0,24.0,24.0,16.0,43
PRO_3398,cama_mesa_banho,58.0,729.0,1.0,1950.0,40.0,3.0,40.0,7
PRO_3399,cama_mesa_banho,56.0,638.0,2.0,950.0,16.0,10.0,16.0,7
PRO_3400,cama_mesa_banho,41.0,596.0,4.0,1750.0,50.0,10.0,40.0,7
PRO_3401,moveis_decoracao,48.0,895.0,1.0,2650.0,30.0,30.0,30.0,39
PRO_3402,cama_mesa_banho,60.0,234.0,1.0,1700.0,34.0,7.0,32.0,7
PRO_3403,cama_mesa_banho,51.0,82.0,1.0,1000.0,40.0,5.0,25.0,7
PRO_3404,utilidades_domesticas,41.0,356.0,3.0,200.0,30.0,10.0,16.0,49
PRO_3405,fashion_roupa_masculina,25.0,648.0,6.0,800.0,45.0,10.0,35.0,30
PRO_3406,informatica_acessorios,50.0,264.0,1.0,368.0,19.0,11.0,14.0,15
PRO_3407,eletrodomesticos,48.0,453.0,2.0,8050.0,35.0,46.0,35.0,44
PRO_3408,utilidades_domesticas,58.0,1854.0,1.0,3500.0,36.0,30.0,32.0,49
PRO_3409,beleza_saude,56.0,1897.0,1.0,293.0,21.0,12.0,17.0,43
PRO_3410,eletroportateis,23.0,419.0,5.0,3900.0,43.0,43.0,20.0,63
PRO_3411,ferramentas_jardim,55.0,992.0,1.0,400.0,16.0,7.0,16.0,42
PRO_3412,informatica_acessorios,57.0,207.0,1.0,400.0,28.0,6.0,13.0,15
PRO_3413,beleza_saude,49.0,569.0,1.0,150.0,16.0,7.0,15.0,43
PRO_3414,utilidades_domesticas,57.0,399.0,2.0,400.0,20.0,11.0,11.0,49
PRO_3415,bebes,51.0,1140.0,2.0,550.0,30.0,10.0,20.0,6
PRO_3416,utilidades_domesticas,48.0,221.0,1.0,800.0,21.0,22.0,20.0,49
PRO_3417,pet_shop,27.0,2918.0,1.0,5300.0,30.0,30.0,35.0,60
PRO_3418,cama_mesa_banho,55.0,313.0,1.0,2150.0,40.0,6.0,30.0,7
PRO_3419,informatica_acessorios,47.0,956.0,1.0,140.0,22.0,14.0,14.0,15
PRO_3420,beleza_saude,42.0,1213.0,1.0,1607.0,22.0,16.0,18.0,43
PRO_3421,eletronicos,51.0,1110.0,1.0,500.0,41.0,5.0,16.0,26
PRO_3422,climatizacao,51.0,553.0,1.0,500.0,19.0,16.0,16.0,1
PRO_3423,eletrodomesticos_2,52.0,1012.0,4.0,7500.0,55.0,10.0,82.0,45
PRO_3424,instrumentos_musicais,64.0,996.0,10.0,1400.0,50.0,18.0,45.0,56
PRO_3425,esporte_lazer,43.0,281.0,2.0,6600.0,22.0,12.0,12.0,65
PRO_3426,fashion_bolsas_e_acessorios,56.0,758.0,4.0,200.0,17.0,9.0,17.0,28
PRO_3427,brinquedos,59.0,28.0,1.0,250.0,25.0,30.0,20.0,69
PRO_3428,moveis_decoracao,53.0,966.0,2.0,1250.0,65.0,11.0,11.0,39
PRO_3429,automotivo,49.0,925.0,1.0,4250.0,65.0,25.0,25.0,5
PRO_3430,moveis_decoracao,56.0,1892.0,7.0,3000.0,69.0,11.0,11.0,39
PRO_3431,automotivo,56.0,363.0,1.0,100.0,16.0,10.0,15.0,5
PRO_3432,moveis_decoracao,51.0,1758.0,3.0,350.0,22.0,22.0,18.0,39
PRO_3433,utilidades_domesticas,56.0,1075.0,1.0,9550.0,40.0,40.0,40.0,49
PRO_3434,esporte_lazer,49.0,493.0,5.0,1800.0,52.0,8.0,21.0,65
PRO_3435,papelaria,35.0,332.0,2.0,100.0,16.0,6.0,11.0,66
PRO_3436,informatica_acessorios,60.0,181.0,2.0,200.0,25.0,8.0,11.0,15
PRO_3437,fashion_bolsas_e_acessorios,35.0,385.0,1.0,50.0,17.0,3.0,12.0,28
PRO_3438,esporte_lazer,52.0,525.0,1.0,1300.0,31.0,35.0,31.0,65
PRO_3439,fashion_bolsas_e_acessorios,48.0,821.0,1.0,100.0,16.0,5.0,16.0,28
PRO_3440,beleza_saude,24.0,338.0,2.0,1200.0,20.0,20.0,20.0,43
PRO_3441,brinquedos,60.0,1212.0,4.0,1200.0,28.0,13.0,21.0,69
PRO_3442,eletrodomesticos,56.0,204.0,1.0,300.0,18.0,8.0,13.0,44
PRO_3443,esporte_lazer,54.0,2648.0,8.0,1800.0,30.0,24.0,28.0,65
PRO_3444,papelaria,59.0,669.0,5.0,750.0,25.0,10.0,19.0,66
PRO_3445,utilidades_domesticas,60.0,208.0,5.0,17500.0,66.0,23.0,51.0,49
PRO_3446,moveis_decoracao,58.0,1993.0,3.0,1400.0,69.0,11.0,11.0,39
PRO_3447,relogios_presentes,53.0,323.0,3.0,900.0,23.0,15.0,19.0,71
PRO_3448,moveis_decoracao,18.0,278.0,4.0,100.0,16.0,3.0,16.0,39
PRO_3449,automotivo,55.0,1172.0,1.0,1400.0,105.0,7.0,25.0,5
PRO_3450,livros_tecnicos,24.0,2472.0,1.0,250.0,21.0,2.0,14.0,10
PRO_3451,brinquedos,60.0,1661.0,3.0,6500.0,60.0,20.0,40.0,69
PRO_3452,brinquedos,24.0,254.0,1.0,200.0,16.0,10.0,11.0,69
PRO_3453,moveis_decoracao,59.0,284.0,2.0,5700.0,20.0,30.0,20.0,39
PRO_3454,perfumaria,56.0,548.0,1.0,450.0,23.0,8.0,15.0,59
PRO_3455,automotivo,49.0,1183.0,3.0,600.0,20.0,20.0,20.0,5
PRO_3456,moveis_decoracao,45.0,640.0,1.0,10150.0,45.0,30.0,45.0,39
PRO_3457,cama_mesa_banho,38.0,735.0,5.0,800.0,20.0,20.0,20.0,7
PRO_3458,informatica_acessorios,53.0,269.0,4.0,9050.0,45.0,48.0,25.0,15
PRO_3459,automotivo,44.0,334.0,2.0,125.0,16.0,20.0,20.0,5
PRO_3460,informatica_acessorios,60.0,290.0,1.0,800.0,33.0,12.0,12.0,15
PRO_3461,esporte_lazer,45.0,521.0,1.0,700.0,16.0,15.0,15.0,65
PRO_3462,moveis_decoracao,57.0,566.0,2.0,333.0,52.0,5.0,37.0,39
PRO_3463,eletroportateis,59.0,2213.0,4.0,13700.0,40.0,30.0,40.0,63
PRO_3464,fashion_bolsas_e_acessorios,59.0,749.0,2.0,200.0,16.0,2.0,11.0,28
PRO_3465,automotivo,48.0,260.0,2.0,400.0,16.0,4.0,11.0,5
PRO_3466,beleza_saude,45.0,640.0,1.0,675.0,31.0,21.0,21.0,43
PRO_3467,cama_mesa_banho,47.0,634.0,4.0,1100.0,40.0,27.0,17.0,7
PRO_3468,beleza_saude,54.0,1256.0,1.0,2200.0,36.0,11.0,19.0,43
PRO_3469,utilidades_domesticas,53.0,2869.0,1.0,925.0,22.0,8.0,32.0,49
PRO_3470,esporte_lazer,49.0,327.0,1.0,100.0,16.0,5.0,16.0,65
PRO_3471,construcao_ferramentas_construcao,32.0,120.0,1.0,3050.0,16.0,16.0,16.0,17
PRO_3472,perfumaria,36.0,210.0,1.0,541.0,21.0,15.0,16.0,59
PRO_3473,fashion_bolsas_e_acessorios,41.0,1359.0,1.0,250.0,16.0,2.0,11.0,28
PRO_3474,beleza_saude,57.0,1262.0,1.0,450.0,20.0,12.0,12.0,43
PRO_3475,papelaria,46.0,503.0,6.0,850.0,21.0,7.0,15.0,66
PRO_3476,informatica_acessorios,60.0,254.0,1.0,850.0,30.0,15.0,15.0,15
PRO_3477,cama_mesa_banho,46.0,684.0,1.0,1500.0,40.0,15.0,32.0,7
PRO_3478,moveis_decoracao,55.0,935.0,1.0,600.0,17.0,17.0,17.0,39
PRO_3479,eletronicos,48.0,622.0,2.0,500.0,22.0,11.0,11.0,26
PRO_3480,relogios_presentes,50.0,309.0,1.0,350.0,18.0,9.0,14.0,71
PRO_3481,ferramentas_jardim,31.0,176.0,1.0,300.0,27.0,4.0,11.0,42
PRO_3482,automotivo,59.0,695.0,6.0,7000.0,56.0,11.0,32.0,5
PRO_3483,relogios_presentes,59.0,1015.0,1.0,500.0,20.0,12.0,15.0,71
PRO_3484,automotivo,59.0,669.0,2.0,425.0,20.0,5.0,19.0,5
PRO_3485,telefonia,59.0,566.0,1.0,150.0,19.0,4.0,11.0,68
PRO_3486,beleza_saude,54.0,1298.0,1.0,150.0,16.0,11.0,11.0,43
PRO_3487,esporte_lazer,37.0,968.0,9.0,700.0,30.0,36.0,20.0,65
PRO_3488,papelaria,42.0,440.0,2.0,1775.0,39.0,22.0,22.0,66
PRO_3489,papelaria,20.0,98.0,1.0,300.0,25.0,20.0,20.0,66
PRO_3490,beleza_saude,45.0,690.0,1.0,1200.0,18.0,14.0,14.0,43
PRO_3491,automotivo,56.0,752.0,4.0,1225.0,55.0,10.0,26.0,5
PRO_3492,cool_stuff,55.0,831.0,1.0,1400.0,42.0,25.0,15.0,20
PRO_3493,consoles_games,60.0,578.0,4.0,1000.0,20.0,30.0,20.0,16
PRO_3494,telefonia,56.0,3135.0,2.0,150.0,19.0,15.0,15.0,68
PRO_3495,fashion_roupa_masculina,39.0,322.0,1.0,650.0,20.0,20.0,20.0,30
PRO_3496,cama_mesa_banho,41.0,172.0,1.0,1150.0,45.0,10.0,15.0,7
PRO_3497,cama_mesa_banho,55.0,211.0,1.0,195.0,32.0,4.0,23.0,7
PRO_3498,automotivo,38.0,317.0,3.0,100.0,17.0,17.0,17.0,5
PRO_3499,cama_mesa_banho,57.0,184.0,2.0,600.0,70.0,10.0,40.0,7
PRO_3500,instrumentos_musicais,64.0,569.0,5.0,850.0,26.0,4.0,22.0,56
PRO_3501,unknown,51.0,595.0,1.0,200.0,25.0,5.0,15.0,70
PRO_3502,esporte_lazer,49.0,1263.0,2.0,17550.0,105.0,65.0,25.0,65
PRO_3503,utilidades_domesticas,47.0,718.0,1.0,6900.0,24.0,12.0,24.0,49
PRO_3504,automotivo,50.0,651.0,5.0,4350.0,78.0,4.0,47.0,5
PRO_3505,brinquedos,41.0,490.0,1.0,700.0,37.0,7.0,25.0,69
PRO_3506,telefonia,33.0,286.0,1.0,200.0,25.0,2.0,18.0,68
PRO_3507,moveis_decoracao,46.0,464.0,3.0,7300.0,66.0,12.0,45.0,39
PRO_3508,informatica_acessorios,55.0,402.0,1.0,1217.0,27.0,22.0,25.0,15
PRO_3509,brinquedos,27.0,260.0,1.0,550.0,19.0,8.0,11.0,69
PRO_3510,utilidades_domesticas,55.0,842.0,1.0,14350.0,50.0,50.0,50.0,49
PRO_3511,casa_construcao,57.0,565.0,4.0,800.0,38.0,38.0,22.0,48
PRO_3512,beleza_saude,58.0,1323.0,1.0,675.0,16.0,14.0,15.0,43
PRO_3513,automotivo,56.0,721.0,4.0,400.0,24.0,5.0,11.0,5
PRO_3514,cama_mesa_banho,50.0,505.0,1.0,1000.0,34.0,5.0,26.0,7
PRO_3515,utilidades_domesticas,46.0,166.0,3.0,800.0,25.0,25.0,25.0,49
PRO_3516,eletronicos,58.0,1473.0,1.0,1850.0,56.0,12.0,39.0,26
PRO_3517,perfumaria,45.0,977.0,2.0,117.0,16.0,11.0,13.0,59
PRO_3518,bebes,60.0,1110.0,3.0,450.0,25.0,16.0,29.0,6
PRO_3519,pet_shop,59.0,814.0,1.0,217.0,17.0,11.0,13.0,60
PRO_3520,cama_mesa_banho,49.0,519.0,1.0,745.0,32.0,4.0,26.0,7
PRO_3521,livros_tecnicos,26.0,562.0,1.0,250.0,40.0,2.0,12.0,10
PRO_3522,cool_stuff,52.0,134.0,6.0,1700.0,65.0,25.0,25.0,20
PRO_3523,esporte_lazer,46.0,2393.0,2.0,300.0,20.0,5.0,20.0,65
PRO_3524,esporte_lazer,48.0,855.0,1.0,1000.0,16.0,20.0,16.0,65
PRO_3525,beleza_saude,53.0,735.0,1.0,300.0,21.0,8.0,27.0,43
PRO_3526,utilidades_domesticas,49.0,79.0,2.0,417.0,19.0,11.0,18.0,49
PRO_3527,brinquedos,35.0,594.0,2.0,2900.0,54.0,41.0,25.0,69
PRO_3528,brinquedos,41.0,860.0,1.0,245.0,20.0,17.0,9.0,69
PRO_3529,utilidades_domesticas,32.0,197.0,1.0,1100.0,50.0,16.0,25.0,49
PRO_3530,beleza_saude,42.0,1514.0,1.0,2200.0,20.0,20.0,20.0,43
PRO_3531,consoles_games,48.0,236.0,1.0,400.0,30.0,7.0,25.0,16
PRO_3532,moveis_decoracao,56.0,183.0,1.0,2300.0,40.0,10.0,30.0,39
PRO_3533,informatica_acessorios,60.0,655.0,2.0,200.0,20.0,6.0,11.0,15
PRO_3534,esporte_lazer,57.0,597.0,4.0,7750.0,52.0,22.0,32.0,65
PRO_3535,automotivo,59.0,719.0,6.0,5950.0,53.0,43.0,11.0,5
PRO_3536,cama_mesa_banho,55.0,179.0,2.0,1100.0,45.0,10.0,15.0,7
PRO_3537,ferramentas_jardim,56.0,2130.0,3.0,10700.0,46.0,40.0,46.0,42
PRO_3538,livros_importados,40.0,289.0,1.0,1000.0,29.0,3.0,21.0,9
PRO_3539,moveis_decoracao,39.0,210.0,2.0,400.0,40.0,11.0,35.0,39
PRO_3540,moveis_decoracao,57.0,1492.0,3.0,2600.0,105.0,3.0,70.0,39
PRO_3541,ferramentas_jardim,44.0,293.0,2.0,3000.0,50.0,17.0,38.0,42
PRO_3542,automotivo,54.0,1008.0,1.0,1100.0,17.0,12.0,16.0,5
PRO_3543,telefonia,54.0,804.0,2.0,100.0,16.0,13.0,16.0,68
PRO_3544,beleza_saude,29.0,1773.0,1.0,2000.0,30.0,12.0,16.0,43
PRO_3545,informatica_acessorios,55.0,907.0,3.0,1400.0,16.0,17.0,23.0,15
PRO_3546,cama_mesa_banho,55.0,844.0,1.0,800.0,25.0,5.0,25.0,7
PRO_3547,alimentos,38.0,1345.0,1.0,1400.0,16.0,20.0,15.0,36
PRO_3548,informatica_acessorios,56.0,590.0,1.0,1350.0,23.0,9.0,23.0,15
PRO_3549,utilidades_domesticas,37.0,813.0,1.0,17950.0,56.0,28.0,56.0,49
PRO_3550,relogios_presentes,48.0,528.0,2.0,1100.0,30.0,15.0,30.0,71
PRO_3551,bebidas,59.0,1355.0,1.0,1360.0,23.0,23.0,23.0,24
PRO_3552,moveis_decoracao,28.0,535.0,2.0,150.0,22.0,22.0,22.0,39
PRO_3553,informatica_acessorios,51.0,1331.0,1.0,900.0,32.0,11.0,11.0,15
PRO_3554,eletrodomesticos,52.0,620.0,2.0,100.0,20.0,2.0,26.0,44
PRO_3555,automotivo,56.0,703.0,6.0,7300.0,47.0,19.0,23.0,5
PRO_3556,moveis_decoracao,52.0,252.0,1.0,1400.0,20.0,20.0,20.0,39
PRO_3557,cama_mesa_banho,35.0,347.0,1.0,3400.0,45.0,15.0,35.0,7
PRO_3558,cama_mesa_banho,56.0,605.0,2.0,3718.0,44.0,16.0,40.0,7
PRO_3559,esporte_lazer,55.0,1119.0,4.0,2150.0,50.0,30.0,30.0,65
PRO_3560,alimentos_bebidas,35.0,330.0,1.0,1250.0,23.0,19.0,22.0,37
PRO_3561,telefonia_fixa,47.0,178.0,2.0,675.0,20.0,23.0,19.0,34
PRO_3562,moveis_escritorio,41.0,1348.0,1.0,9300.0,53.0,74.0,18.0,57
PRO_3563,eletronicos,54.0,312.0,1.0,300.0,24.0,11.0,16.0,26
PRO_3564,esporte_lazer,60.0,3146.0,4.0,1000.0,94.0,15.0,15.0,65
PRO_3565,cama_mesa_banho,58.0,624.0,2.0,467.0,45.0,4.0,35.0,7
PRO_3566,construcao_ferramentas_seguranca,47.0,2003.0,1.0,3125.0,40.0,21.0,32.0,19
PRO_3567,fashion_bolsas_e_acessorios,56.0,354.0,3.0,150.0,43.0,16.0,27.0,28
PRO_3568,utilidades_domesticas,34.0,92.0,1.0,1300.0,38.0,6.0,38.0,49
PRO_3569,moveis_decoracao,41.0,432.0,2.0,300.0,35.0,35.0,15.0,39
PRO_3570,cama_mesa_banho,51.0,231.0,1.0,1800.0,40.0,6.0,30.0,7
PRO_3571,beleza_saude,42.0,743.0,1.0,867.0,13.0,14.0,12.0,43
PRO_3572,cama_mesa_banho,58.0,396.0,1.0,1900.0,45.0,25.0,35.0,7
PRO_3573,eletrodomesticos,48.0,196.0,3.0,300.0,24.0,11.0,16.0,44
PRO_3574,malas_acessorios,45.0,218.0,1.0,800.0,46.0,10.0,34.0,53
PRO_3575,beleza_saude,53.0,853.0,1.0,300.0,19.0,17.0,15.0,43
PRO_3576,cama_mesa_banho,50.0,747.0,1.0,1050.0,16.0,10.0,16.0,7
PRO_3577,utilidades_domesticas,59.0,1199.0,10.0,30000.0,60.0,60.0,60.0,49
PRO_3578,brinquedos,56.0,378.0,3.0,270.0,26.0,9.0,16.0,69
PRO_3579,beleza_saude,56.0,2908.0,2.0,250.0,26.0,26.0,11.0,43
PRO_3580,moveis_decoracao,38.0,161.0,2.0,550.0,16.0,12.0,21.0,39
PRO_3581,cama_mesa_banho,55.0,262.0,1.0,500.0,45.0,15.0,35.0,7
PRO_3582,cama_mesa_banho,58.0,188.0,1.0,1150.0,44.0,2.0,35.0,7
PRO_3583,moveis_decoracao,44.0,462.0,1.0,100.0,19.0,3.0,12.0,39
PRO_3584,informatica_acessorios,55.0,1994.0,2.0,400.0,16.0,10.0,11.0,15
PRO_3585,utilidades_domesticas,56.0,645.0,2.0,650.0,24.0,5.0,18.0,49
PRO_3586,utilidades_domesticas,56.0,684.0,1.0,9350.0,40.0,35.0,40.0,49
PRO_3587,beleza_saude,57.0,1066.0,1.0,2000.0,30.0,12.0,16.0,43
PRO_3588,utilidades_domesticas,42.0,299.0,1.0,3700.0,40.0,34.0,21.0,49
PRO_3589,moveis_decoracao,54.0,413.0,2.0,500.0,32.0,18.0,18.0,39
PRO_3590,brinquedos,58.0,1584.0,3.0,1150.0,44.0,14.0,30.0,69
PRO_3591,cama_mesa_banho,55.0,458.0,1.0,550.0,30.0,3.0,19.0,7
PRO_3592,esporte_lazer,57.0,1585.0,6.0,300.0,16.0,4.0,20.0,65
PRO_3593,beleza_saude,30.0,602.0,1.0,650.0,20.0,14.0,15.0,43
PRO_3594,perfumaria,37.0,431.0,1.0,200.0,20.0,10.0,15.0,59
PRO_3595,malas_acessorios,57.0,417.0,1.0,700.0,100.0,11.0,11.0,53
PRO_3596,relogios_presentes,47.0,511.0,1.0,400.0,16.0,11.0,11.0,71
PRO_3597,automotivo,59.0,873.0,2.0,2000.0,54.0,17.0,24.0,5
PRO_3598,beleza_saude,30.0,648.0,1.0,350.0,19.0,13.0,14.0,43
PRO_3599,audio,31.0,315.0,6.0,300.0,16.0,9.0,11.0,4
PRO_3600,relogios_presentes,44.0,371.0,2.0,757.0,19.0,14.0,15.0,71
PRO_3601,cama_mesa_banho,50.0,381.0,1.0,1800.0,47.0,21.0,41.0,7
PRO_3602,utilidades_domesticas,52.0,4.0,1.0,1450.0,27.0,29.0,26.0,49
PRO_3603,utilidades_domesticas,48.0,878.0,1.0,3200.0,30.0,13.0,28.0,49
PRO_3604,eletrodomesticos,60.0,62.0,1.0,350.0,16.0,35.0,25.0,44
PRO_3605,automotivo,46.0,2304.0,4.0,250.0,16.0,6.0,15.0,5
PRO_3606,esporte_lazer,21.0,160.0,1.0,360.0,30.0,13.0,22.0,65
PRO_3607,bebes,47.0,1407.0,7.0,26000.0,84.0,25.0,50.0,6
PRO_3608,moveis_decoracao,49.0,666.0,1.0,3450.0,30.0,35.0,30.0,39
PRO_3609,ferramentas_jardim,43.0,1530.0,6.0,300.0,17.0,6.0,11.0,42
PRO_3610,consoles_games,28.0,790.0,3.0,150.0,23.0,3.0,18.0,16
PRO_3611,livros_tecnicos,20.0,608.0,1.0,350.0,21.0,2.0,14.0,10
PRO_3612,malas_acessorios,53.0,700.0,1.0,9500.0,76.0,32.0,49.0,53
PRO_3613,unknown,51.0,595.0,1.0,2500.0,58.0,18.0,45.0,70
PRO_3614,cool_stuff,38.0,870.0,1.0,1800.0,27.0,12.0,21.0,20
PRO_3615,utilidades_domesticas,58.0,1206.0,1.0,17950.0,43.0,68.0,41.0,49
PRO_3616,telefonia,23.0,879.0,1.0,200.0,18.0,5.0,12.0,68
PRO_3617,automotivo,23.0,312.0,1.0,700.0,25.0,20.0,20.0,5
PRO_3618,instrumentos_musicais,57.0,968.0,8.0,1650.0,52.0,5.0,47.0,56
PRO_3619,malas_acessorios,44.0,215.0,1.0,700.0,46.0,10.0,33.0,53
PRO_3620,cama_mesa_banho,55.0,315.0,2.0,850.0,30.0,10.0,25.0,7
PRO_3621,beleza_saude,60.0,918.0,1.0,150.0,22.0,3.0,15.0,43
PRO_3622,cool_stuff,59.0,1618.0,3.0,600.0,16.0,14.0,15.0,20
PRO_3623,relogios_presentes,59.0,502.0,6.0,300.0,16.0,2.0,20.0,71
PRO_3624,cama_mesa_banho,52.0,354.0,1.0,20900.0,45.0,15.0,35.0,7
PRO_3625,cama_mesa_banho,60.0,188.0,1.0,1300.0,44.0,2.0,35.0,7
PRO_3626,fashion_calcados,60.0,402.0,2.0,2000.0,32.0,12.0,37.0,31
PRO_3627,moveis_decoracao,47.0,709.0,2.0,1500.0,30.0,25.0,25.0,39
PRO_3628,livros_tecnicos,53.0,1232.0,1.0,1300.0,29.0,3.0,21.0,10
PRO_3629,esporte_lazer,43.0,1765.0,1.0,6850.0,20.0,30.0,20.0,65
PRO_3630,bebidas,20.0,1426.0,1.0,1003.0,33.0,13.0,33.0,24
PRO_3631,unknown,51.0,595.0,1.0,300.0,16.0,7.0,11.0,70
PRO_3632,perfumaria,56.0,680.0,1.0,333.0,20.0,13.0,14.0,59
PRO_3633,eletronicos,53.0,273.0,5.0,400.0,26.0,8.0,18.0,26
PRO_3634,eletroportateis,59.0,909.0,1.0,7500.0,41.0,26.0,27.0,63
PRO_3635,pet_shop,53.0,830.0,15.0,3500.0,39.0,20.0,46.0,60
PRO_3636,cama_mesa_banho,52.0,297.0,1.0,1300.0,37.0,23.0,35.0,7
PRO_3637,perfumaria,59.0,402.0,1.0,350.0,16.0,16.0,16.0,59
PRO_3638,brinquedos,45.0,347.0,3.0,1200.0,32.0,50.0,20.0,69
PRO_3639,malas_acessorios,52.0,425.0,2.0,600.0,80.0,11.0,11.0,53
PRO_3640,beleza_saude,58.0,963.0,1.0,1617.0,19.0,15.0,18.0,43
PRO_3641,cama_mesa_banho,50.0,234.0,1.0,1000.0,38.0,6.0,29.0,7
PRO_3642,informatica_acessorios,63.0,978.0,1.0,200.0,16.0,23.0,19.0,15
PRO_3643,moveis_quarto,28.0,458.0,2.0,1700.0,54.0,7.0,15.0,38
PRO_3644,esporte_lazer,55.0,815.0,4.0,1600.0,25.0,8.0,25.0,65
PRO_3645,beleza_saude,52.0,1059.0,6.0,550.0,16.0,9.0,11.0,43
PRO_3646,informatica_acessorios,42.0,578.0,2.0,200.0,32.0,12.0,12.0,15
PRO_3647,moveis_decoracao,24.0,1707.0,2.0,600.0,30.0,15.0,15.0,39
PRO_3648,relogios_presentes,58.0,623.0,2.0,140.0,16.0,14.0,14.0,71
PRO_3649,brinquedos,52.0,210.0,1.0,350.0,16.0,16.0,16.0,69
PRO_3650,esporte_lazer,57.0,372.0,1.0,3000.0,36.0,22.0,24.0,65
PRO_3651,telefonia,45.0,1173.0,1.0,200.0,16.0,15.0,15.0,68
PRO_3652,cama_mesa_banho,52.0,234.0,3.0,950.0,29.0,4.0,21.0,7
PRO_3653,relogios_presentes,55.0,457.0,1.0,600.0,16.0,11.0,11.0,71
PRO_3654,cama_mesa_banho,57.0,665.0,1.0,3600.0,34.0,8.0,38.0,7
PRO_3655,esporte_lazer,48.0,886.0,1.0,200.0,33.0,4.0,13.0,65
PRO_3656,utilidades_domesticas,56.0,691.0,3.0,7100.0,25.0,52.0,37.0,49
PRO_3657,fashion_bolsas_e_acessorios,44.0,371.0,5.0,300.0,16.0,5.0,14.0,28
PRO_3658,construcao_ferramentas_jardim,55.0,2039.0,6.0,215.0,21.0,7.0,15.0,21
PRO_3659,beleza_saude,41.0,756.0,1.0,150.0,23.0,4.0,17.0,43
PRO_3660,esporte_lazer,53.0,868.0,1.0,1625.0,21.0,28.0,17.0,65
PRO_3661,moveis_decoracao,52.0,1216.0,4.0,3000.0,70.0,15.0,15.0,39
PRO_3662,cama_mesa_banho,55.0,246.0,1.0,1050.0,38.0,10.0,38.0,7
PRO_3663,cool_stuff,57.0,1826.0,6.0,250.0,16.0,3.0,11.0,20
PRO_3664,portateis_casa_forno_e_cafe,50.0,2626.0,6.0,5217.0,48.0,36.0,16.0,64
PRO_3665,utilidades_domesticas,55.0,343.0,2.0,5550.0,40.0,10.0,30.0,49
PRO_3666,instrumentos_musicais,44.0,317.0,5.0,550.0,16.0,6.0,12.0,56
PRO_3667,sinalizacao_e_seguranca,58.0,626.0,3.0,350.0,23.0,4.0,20.0,62
PRO_3668,esporte_lazer,60.0,1351.0,7.0,3050.0,62.0,10.0,22.0,65
PRO_3669,livros_tecnicos,37.0,1176.0,1.0,1250.0,29.0,3.0,21.0,10
PRO_3670,malas_acessorios,49.0,343.0,1.0,700.0,17.0,44.0,37.0,53
PRO_3671,utilidades_domesticas,34.0,767.0,2.0,4150.0,29.0,28.0,23.0,49
PRO_3672,beleza_saude,56.0,1670.0,1.0,300.0,28.0,24.0,11.0,43
PRO_3673,esporte_lazer,45.0,380.0,1.0,1250.0,32.0,15.0,36.0,65
PRO_3674,brinquedos,28.0,137.0,1.0,2444.0,45.0,22.0,41.0,69
PRO_3675,moveis_escritorio,47.0,1398.0,1.0,13350.0,57.0,56.0,22.0,57
PRO_3676,utilidades_domesticas,59.0,452.0,1.0,600.0,26.0,21.0,21.0,49
PRO_3677,telefonia,39.0,1311.0,1.0,231.0,18.0,13.0,14.0,68
PRO_3678,papelaria,50.0,337.0,1.0,1900.0,20.0,50.0,38.0,66
PRO_3679,automotivo,51.0,1657.0,6.0,16900.0,40.0,30.0,30.0,5
PRO_3680,sinalizacao_e_seguranca,60.0,1144.0,1.0,150.0,23.0,8.0,16.0,62
PRO_3681,informatica_acessorios,38.0,391.0,1.0,183.0,16.0,16.0,11.0,15
PRO_3682,informatica_acessorios,46.0,643.0,2.0,225.0,16.0,15.0,13.0,15
PRO_3683,fashion_bolsas_e_acessorios,29.0,830.0,1.0,50.0,16.0,5.0,16.0,28
PRO_3684,informatica_acessorios,56.0,276.0,3.0,200.0,16.0,4.0,20.0,15
PRO_3685,beleza_saude,34.0,426.0,1.0,606.0,19.0,11.0,16.0,43
PRO_3686,moveis_decoracao,51.0,1006.0,2.0,2000.0,11.0,11.0,52.0,39
PRO_3687,cool_stuff,39.0,765.0,2.0,1925.0,30.0,32.0,27.0,20
PRO_3688,beleza_saude,53.0,84.0,1.0,250.0,23.0,7.0,15.0,43
PRO_3689,bebes,49.0,1522.0,4.0,600.0,23.0,18.0,26.0,6
PRO_3690,automotivo,53.0,2974.0,1.0,50.0,30.0,30.0,30.0,5
PRO_3691,utilidades_domesticas,22.0,268.0,1.0,550.0,27.0,5.0,20.0,49
PRO_3692,instrumentos_musicais,57.0,962.0,4.0,900.0,42.0,8.0,40.0,56
PRO_3693,unknown,51.0,595.0,1.0,200.0,16.0,2.0,11.0,70
PRO_3694,fashion_bolsas_e_acessorios,13.0,218.0,1.0,400.0,20.0,20.0,20.0,28
PRO_3695,instrumentos_musicais,46.0,3360.0,6.0,1900.0,35.0,15.0,20.0,56
PRO_3696,eletrodomesticos,59.0,302.0,1.0,500.0,20.0,13.0,15.0,44
PRO_3697,moveis_decoracao,59.0,2010.0,2.0,1350.0,69.0,11.0,11.0,39
PRO_3698,beleza_saude,40.0,657.0,1.0,800.0,21.0,20.0,16.0,43
PRO_3699,malas_acessorios,58.0,1038.0,5.0,9075.0,29.0,39.0,45.0,53
PRO_3700,unknown,51.0,595.0,1.0,300.0,16.0,19.0,16.0,70
PRO_3701,casa_conforto,57.0,217.0,3.0,3500.0,40.0,20.0,40.0,47
PRO_3702,cama_mesa_banho,33.0,1061.0,1.0,4150.0,26.0,26.0,36.0,7
PRO_3703,esporte_lazer,21.0,606.0,1.0,8700.0,32.0,10.0,11.0,65
PRO_3704,automotivo,59.0,2951.0,2.0,150.0,16.0,7.0,11.0,5
PRO_3705,telefonia,48.0,451.0,2.0,100.0,19.0,3.0,11.0,68
PRO_3706,moveis_decoracao,50.0,488.0,1.0,303.0,25.0,2.0,17.0,39
PRO_3707,esporte_lazer,44.0,979.0,2.0,7150.0,90.0,20.0,25.0,65
PRO_3708,relogios_presentes,57.0,228.0,1.0,1000.0,16.0,10.0,11.0,71
PRO_3709,moveis_decoracao,42.0,87.0,3.0,11850.0,74.0,8.0,74.0,39
PRO_3710,telefonia,60.0,438.0,2.0,651.0,20.0,15.0,22.0,68
PRO_3711,esporte_lazer,37.0,161.0,3.0,200.0,20.0,15.0,20.0,65
PRO_3712,beleza_saude,41.0,262.0,1.0,450.0,16.0,15.0,15.0,43
PRO_3713,bebes,49.0,1386.0,9.0,15200.0,48.0,61.0,47.0,6
PRO_3714,cool_stuff,56.0,1114.0,5.0,21900.0,105.0,31.0,31.0,20
PRO_3715,beleza_saude,31.0,1267.0,1.0,850.0,25.0,13.0,16.0,43
PRO_3716,unknown,51.0,595.0,1.0,300.0,78.0,10.0,22.0,70
PRO_3717,esporte_lazer,45.0,407.0,1.0,329.0,19.0,13.0,16.0,65
PRO_3718,papelaria,56.0,275.0,5.0,7150.0,60.0,20.0,29.0,66
PRO_3719,beleza_saude,58.0,330.0,1.0,5150.0,16.0,16.0,16.0,43
PRO_3720,consoles_games,17.0,440.0,5.0,250.0,20.0,3.0,16.0,16
PRO_3721,automotivo,46.0,458.0,1.0,400.0,40.0,20.0,30.0,5
PRO_3722,cama_mesa_banho,57.0,414.0,1.0,7850.0,16.0,56.0,50.0,7
PRO_3723,beleza_saude,47.0,186.0,1.0,300.0,19.0,7.0,12.0,43
PRO_3724,utilidades_domesticas,57.0,1236.0,1.0,750.0,23.0,18.0,23.0,49
PRO_3725,telefonia,56.0,341.0,2.0,100.0,19.0,4.0,11.0,68
PRO_3726,utilidades_domesticas,57.0,2812.0,7.0,1000.0,30.0,12.0,30.0,49
PRO_3727,telefonia,42.0,351.0,1.0,200.0,19.0,3.0,11.0,68
PRO_3728,beleza_saude,52.0,1153.0,1.0,450.0,20.0,15.0,15.0,43
PRO_3729,moveis_decoracao,34.0,257.0,2.0,3400.0,30.0,40.0,40.0,39
PRO_3730,telefonia,46.0,393.0,1.0,100.0,19.0,3.0,11.0,68
PRO_3731,bebes,32.0,1531.0,2.0,800.0,40.0,30.0,50.0,6
PRO_3732,beleza_saude,42.0,437.0,1.0,650.0,16.0,16.0,16.0,43
PRO_3733,moveis_decoracao,63.0,285.0,1.0,2500.0,47.0,21.0,41.0,39
PRO_3734,livros_interesse_geral,47.0,706.0,1.0,450.0,23.0,4.0,16.0,8
PRO_3735,pet_shop,54.0,353.0,1.0,450.0,23.0,4.0,21.0,60
PRO_3736,cama_mesa_banho,56.0,471.0,3.0,525.0,24.0,7.0,29.0,7
PRO_3737,utilidades_domesticas,59.0,1794.0,1.0,2800.0,50.0,50.0,50.0,49
PRO_3738,informatica_acessorios,52.0,365.0,1.0,200.0,20.0,12.0,12.0,15
PRO_3739,telefonia,58.0,818.0,4.0,200.0,17.0,4.0,12.0,68
PRO_3740,automotivo,54.0,445.0,5.0,50.0,24.0,2.0,17.0,5
PRO_3741,beleza_saude,54.0,1739.0,1.0,1300.0,20.0,20.0,20.0,43
PRO_3742,utilidades_domesticas,57.0,1246.0,1.0,175.0,24.0,18.0,24.0,49
PRO_3743,alimentos,58.0,2576.0,6.0,930.0,28.0,12.0,12.0,36
PRO_3744,relogios_presentes,53.0,556.0,2.0,280.0,16.0,7.0,14.0,71
PRO_3745,perfumaria,32.0,703.0,1.0,552.0,23.0,14.0,19.0,59
PRO_3746,cama_mesa_banho,55.0,384.0,1.0,1650.0,50.0,5.0,50.0,7
PRO_3747,cama_mesa_banho,45.0,501.0,3.0,1000.0,40.0,10.0,30.0,7
PRO_3748,bebes,55.0,330.0,2.0,2200.0,16.0,35.0,49.0,6
PRO_3749,bebes,30.0,2262.0,1.0,650.0,20.0,8.0,14.0,6
PRO_3750,perfumaria,56.0,2133.0,1.0,150.0,22.0,18.0,17.0,59
PRO_3751,ferramentas_jardim,50.0,718.0,1.0,9200.0,33.0,7.0,33.0,42
PRO_3752,moveis_decoracao,51.0,1554.0,6.0,900.0,28.0,15.0,18.0,39
PRO_3753,fashion_bolsas_e_acessorios,30.0,401.0,3.0,200.0,16.0,11.0,11.0,28
PRO_3754,perfumaria,45.0,276.0,1.0,150.0,17.0,7.0,12.0,59
PRO_3755,esporte_lazer,35.0,401.0,1.0,1300.0,20.0,20.0,20.0,65
PRO_3756,casa_conforto,58.0,217.0,3.0,950.0,30.0,20.0,30.0,47
PRO_3757,beleza_saude,42.0,418.0,1.0,200.0,20.0,10.0,15.0,43
PRO_3758,papelaria,53.0,696.0,5.0,350.0,26.0,36.0,11.0,66
PRO_3759,informatica_acessorios,55.0,713.0,3.0,500.0,25.0,5.0,15.0,15
PRO_3760,bebes,57.0,2883.0,4.0,16500.0,43.0,83.0,43.0,6
PRO_3761,moveis_decoracao,58.0,2037.0,2.0,650.0,69.0,11.0,11.0,39
PRO_3762,esporte_lazer,44.0,461.0,1.0,5100.0,60.0,30.0,30.0,65
PRO_3763,papelaria,57.0,224.0,3.0,300.0,24.0,7.0,14.0,66
PRO_3764,moveis_decoracao,45.0,494.0,1.0,1150.0,35.0,23.0,35.0,39
PRO_3765,informatica_acessorios,29.0,1431.0,3.0,200.0,18.0,4.0,14.0,15
PRO_3766,bebes,48.0,1171.0,1.0,23033.0,49.0,84.0,49.0,6
PRO_3767,brinquedos,50.0,1099.0,2.0,430.0,38.0,12.0,20.0,69
PRO_3768,alimentos,47.0,890.0,1.0,250.0,20.0,6.0,11.0,36
PRO_3769,cool_stuff,33.0,385.0,2.0,100.0,20.0,6.0,15.0,20
PRO_3770,beleza_saude,40.0,1672.0,3.0,310.0,16.0,12.0,9.0,43
PRO_3771,moveis_sala,57.0,1107.0,1.0,30000.0,80.0,60.0,60.0,40
PRO_3772,moveis_decoracao,42.0,87.0,3.0,14600.0,84.0,8.0,84.0,39
PRO_3773,beleza_saude,55.0,782.0,1.0,1650.0,31.0,26.0,29.0,43
PRO_3774,brinquedos,56.0,807.0,5.0,150.0,16.0,12.0,18.0,69
PRO_3775,cool_stuff,46.0,507.0,1.0,1650.0,23.0,68.0,25.0,20
PRO_3776,ferramentas_jardim,56.0,511.0,6.0,1050.0,22.0,21.0,16.0,42
PRO_3777,utilidades_domesticas,44.0,242.0,3.0,900.0,25.0,15.0,15.0,49
PRO_3778,brinquedos,54.0,491.0,4.0,1400.0,41.0,4.0,41.0,69
PRO_3779,telefonia,30.0,350.0,3.0,100.0,20.0,4.0,15.0,68
PRO_3780,informatica_acessorios,50.0,1704.0,3.0,600.0,35.0,18.0,35.0,15
PRO_3781,market_place,63.0,677.0,1.0,500.0,16.0,16.0,16.0,54
PRO_3782,perfumaria,57.0,698.0,1.0,563.0,25.0,11.0,18.0,59
PRO_3783,eletronicos,47.0,305.0,1.0,150.0,21.0,7.0,14.0,26
PRO_3784,moveis_decoracao,29.0,571.0,1.0,7500.0,47.0,37.0,38.0,39
PRO_3785,cama_mesa_banho,59.0,396.0,1.0,550.0,25.0,2.0,20.0,7
PRO_3786,beleza_saude,34.0,1943.0,3.0,434.0,21.0,14.0,21.0,43
PRO_3787,telefonia,51.0,302.0,3.0,100.0,19.0,3.0,11.0,68
PRO_3788,malas_acessorios,52.0,408.0,1.0,325.0,18.0,18.0,16.0,53
PRO_3789,cama_mesa_banho,57.0,184.0,2.0,600.0,60.0,10.0,40.0,7
PRO_3790,esporte_lazer,27.0,716.0,6.0,675.0,41.0,21.0,21.0,65
PRO_3791,eletronicos,38.0,879.0,1.0,501.0,19.0,10.0,91.0,26
PRO_3792,fashion_bolsas_e_acessorios,45.0,416.0,4.0,200.0,16.0,5.0,11.0,28
PRO_3793,beleza_saude,59.0,493.0,1.0,537.0,23.0,8.0,14.0,43
PRO_3794,relogios_presentes,60.0,724.0,1.0,400.0,28.0,10.0,18.0,71
PRO_3795,eletroportateis,40.0,849.0,2.0,11800.0,40.0,43.0,36.0,63
PRO_3796,bebes,57.0,346.0,2.0,13700.0,55.0,30.0,55.0,6
PRO_3797,instrumentos_musicais,44.0,872.0,2.0,550.0,17.0,7.0,12.0,56
PRO_3798,relogios_presentes,37.0,621.0,1.0,350.0,23.0,12.0,15.0,71
PRO_3799,eletronicos,49.0,429.0,3.0,5525.0,20.0,18.0,15.0,26
PRO_3800,sinalizacao_e_seguranca,35.0,264.0,1.0,2775.0,49.0,50.0,30.0,62
PRO_3801,cool_stuff,33.0,895.0,1.0,1100.0,42.0,25.0,15.0,20
PRO_3802,ferramentas_jardim,47.0,1489.0,1.0,6800.0,77.0,14.0,34.0,42
PRO_3803,automotivo,60.0,982.0,2.0,50.0,17.0,10.0,15.0,5
PRO_3804,informatica_acessorios,34.0,232.0,1.0,1425.0,23.0,18.0,18.0,15
PRO_3805,informatica_acessorios,56.0,303.0,5.0,667.0,17.0,9.0,16.0,15
PRO_3806,perfumaria,29.0,450.0,1.0,450.0,21.0,14.0,15.0,59
PRO_3807,relogios_presentes,53.0,838.0,1.0,287.0,18.0,13.0,14.0,71
PRO_3808,ferramentas_jardim,52.0,368.0,2.0,700.0,20.0,18.0,19.0,42
PRO_3809,esporte_lazer,57.0,1278.0,3.0,850.0,44.0,22.0,32.0,65
PRO_3810,beleza_saude,38.0,929.0,1.0,1097.0,18.0,18.0,16.0,43
PRO_3811,malas_acessorios,58.0,487.0,3.0,16200.0,26.0,57.0,39.0,53
PRO_3812,cama_mesa_banho,53.0,244.0,1.0,1900.0,45.0,15.0,35.0,7
PRO_3813,moveis_decoracao,58.0,2010.0,2.0,1500.0,69.0,11.0,11.0,39
PRO_3814,cama_mesa_banho,59.0,289.0,1.0,2150.0,34.0,9.0,33.0,7
PRO_3815,telefonia_fixa,60.0,950.0,1.0,900.0,21.0,8.0,22.0,34
PRO_3816,papelaria,53.0,818.0,1.0,400.0,35.0,16.0,16.0,66
PRO_3817,beleza_saude,45.0,181.0,4.0,400.0,25.0,5.0,12.0,43
PRO_3818,utilidades_domesticas,48.0,1430.0,2.0,800.0,30.0,10.0,25.0,49
PRO_3819,telefonia,50.0,3135.0,4.0,400.0,20.0,11.0,13.0,68
PRO_3820,moveis_decoracao,60.0,2007.0,4.0,2750.0,69.0,11.0,11.0,39
PRO_3821,telefonia_fixa,58.0,438.0,2.0,750.0,30.0,10.0,20.0,34
PRO_3822,beleza_saude,55.0,540.0,3.0,1500.0,20.0,22.0,22.0,43
PRO_3823,eletroportateis,47.0,616.0,2.0,2167.0,19.0,20.0,18.0,63
PRO_3824,bebes,56.0,1386.0,9.0,10875.0,68.0,44.0,35.0,6
PRO_3825,construcao_ferramentas_construcao,56.0,1776.0,6.0,2100.0,34.0,18.0,18.0,17
PRO_3826,fraldas_higiene,49.0,1151.0,8.0,700.0,35.0,7.0,29.0,23
PRO_3827,ferramentas_jardim,43.0,165.0,1.0,14350.0,40.0,50.0,40.0,42
PRO_3828,informatica_acessorios,59.0,391.0,1.0,939.0,26.0,17.0,18.0,15
PRO_3829,relogios_presentes,38.0,397.0,3.0,560.0,18.0,11.0,16.0,71
PRO_3830,relogios_presentes,57.0,588.0,2.0,400.0,16.0,11.0,11.0,71
PRO_3831,esporte_lazer,53.0,754.0,1.0,4950.0,90.0,21.0,21.0,65
PRO_3832,eletrodomesticos,50.0,130.0,1.0,8400.0,55.0,13.0,46.0,44
PRO_3833,unknown,51.0,595.0,1.0,150.0,16.0,16.0,16.0,70
PRO_3834,moveis_decoracao,36.0,237.0,2.0,7400.0,45.0,45.0,45.0,39
PRO_3835,automotivo,58.0,1276.0,4.0,1350.0,21.0,21.0,21.0,5
PRO_3836,beleza_saude,56.0,1296.0,1.0,300.0,16.0,16.0,16.0,43
PRO_3837,beleza_saude,63.0,1113.0,2.0,550.0,20.0,20.0,20.0,43
PRO_3838,esporte_lazer,46.0,283.0,2.0,2350.0,60.0,15.0,15.0,65
PRO_3839,beleza_saude,37.0,361.0,2.0,900.0,94.0,31.0,41.0,43
PRO_3840,pet_shop,63.0,1440.0,3.0,5000.0,40.0,20.0,50.0,60
PRO_3841,cama_mesa_banho,56.0,262.0,1.0,1850.0,45.0,15.0,35.0,7
PRO_3842,moveis_decoracao,63.0,695.0,6.0,1500.0,25.0,33.0,25.0,39
PRO_3843,casa_conforto,56.0,162.0,1.0,3200.0,20.0,30.0,46.0,47
PRO_3844,cama_mesa_banho,54.0,683.0,1.0,1517.0,32.0,5.0,29.0,7
PRO_3845,cama_mesa_banho,53.0,1814.0,1.0,1650.0,28.0,25.0,11.0,7
PRO_3846,perfumaria,12.0,417.0,1.0,463.0,17.0,14.0,13.0,59
PRO_3847,cool_stuff,54.0,190.0,1.0,200.0,20.0,5.0,15.0,20
PRO_3848,fashion_bolsas_e_acessorios,36.0,352.0,3.0,150.0,16.0,9.0,11.0,28
PRO_3849,esporte_lazer,57.0,969.0,1.0,1125.0,31.0,29.0,29.0,65
PRO_3850,utilidades_domesticas,54.0,351.0,2.0,200.0,20.0,15.0,15.0,49
PRO_3851,automotivo,58.0,117.0,1.0,350.0,30.0,15.0,25.0,5
PRO_3852,esporte_lazer,58.0,390.0,1.0,175.0,22.0,7.0,15.0,65
PRO_3853,relogios_presentes,59.0,89.0,3.0,200.0,16.0,2.0,11.0,71
PRO_3854,informatica_acessorios,49.0,1053.0,3.0,217.0,17.0,9.0,14.0,15
PRO_3855,cama_mesa_banho,60.0,230.0,1.0,2075.0,35.0,9.0,25.0,7
PRO_3856,automotivo,44.0,1085.0,1.0,7050.0,102.0,4.0,41.0,5
PRO_3857,esporte_lazer,55.0,2848.0,1.0,2000.0,33.0,30.0,30.0,65
PRO_3858,telefonia,57.0,631.0,2.0,200.0,19.0,4.0,11.0,68
PRO_3859,moveis_cozinha_area_de_servico_jantar_e_jardim,37.0,62.0,2.0,25400.0,45.0,86.0,27.0,51
PRO_3860,moveis_escritorio,39.0,2137.0,1.0,7500.0,58.0,28.0,58.0,57
PRO_3861,moveis_decoracao,63.0,462.0,6.0,500.0,20.0,5.0,48.0,39
PRO_3862,moveis_decoracao,55.0,130.0,1.0,2000.0,40.0,11.0,34.0,39
PRO_3863,informatica_acessorios,48.0,350.0,1.0,1850.0,30.0,16.0,16.0,15
PRO_3864,informatica_acessorios,55.0,2277.0,1.0,8900.0,19.0,13.0,32.0,15
PRO_3865,cama_mesa_banho,56.0,382.0,1.0,300.0,16.0,10.0,16.0,7
PRO_3866,cama_mesa_banho,51.0,305.0,1.0,1500.0,49.0,16.0,39.0,7
PRO_3867,beleza_saude,59.0,1868.0,3.0,100.0,25.0,2.0,15.0,43
PRO_3868,fashion_roupa_feminina,36.0,886.0,2.0,200.0,16.0,2.0,20.0,27
PRO_3869,unknown,51.0,595.0,1.0,700.0,30.0,30.0,30.0,70
PRO_3870,automotivo,57.0,852.0,4.0,900.0,18.0,7.0,14.0,5
PRO_3871,beleza_saude,46.0,944.0,1.0,150.0,26.0,7.0,16.0,43
PRO_3872,automotivo,56.0,656.0,1.0,150.0,16.0,6.0,11.0,5
PRO_3873,moveis_decoracao,51.0,264.0,1.0,800.0,25.0,25.0,25.0,39
PRO_3874,ferramentas_jardim,51.0,518.0,1.0,363.0,18.0,26.0,17.0,42
PRO_3875,perfumaria,63.0,815.0,4.0,400.0,16.0,10.0,11.0,59
PRO_3876,moveis_decoracao,58.0,297.0,1.0,5070.0,56.0,38.0,48.0,39
PRO_3877,utilidades_domesticas,41.0,150.0,6.0,300.0,16.0,6.0,12.0,49
PRO_3878,cama_mesa_banho,54.0,639.0,1.0,1050.0,20.0,16.0,20.0,7
PRO_3879,beleza_saude,33.0,396.0,4.0,879.0,31.0,15.0,24.0,43
PRO_3880,beleza_saude,45.0,287.0,4.0,500.0,20.0,7.0,20.0,43
PRO_3881,beleza_saude,58.0,2076.0,4.0,300.0,20.0,2.0,25.0,43
PRO_3882,fashion_bolsas_e_acessorios,59.0,116.0,5.0,150.0,16.0,9.0,11.0,28
PRO_3883,relogios_presentes,50.0,668.0,1.0,500.0,23.0,16.0,16.0,71
PRO_3884,brinquedos,53.0,902.0,3.0,621.0,34.0,8.0,31.0,69
PRO_3885,construcao_ferramentas_jardim,46.0,1077.0,1.0,1700.0,22.0,22.0,14.0,21
PRO_3886,construcao_ferramentas_construcao,46.0,893.0,1.0,2750.0,16.0,2.0,11.0,17
PRO_3887,cool_stuff,38.0,601.0,4.0,13400.0,52.0,44.0,27.0,20
PRO_3888,unknown,51.0,595.0,1.0,150.0,20.0,5.0,20.0,70
PRO_3889,instrumentos_musicais,30.0,1271.0,4.0,14100.0,61.0,58.0,24.0,56
PRO_3890,cool_stuff,38.0,1639.0,1.0,100.0,16.0,15.0,11.0,20
PRO_3891,beleza_saude,56.0,1697.0,5.0,750.0,19.0,13.0,15.0,43
PRO_3892,eletronicos,46.0,442.0,1.0,150.0,25.0,7.0,16.0,26
PRO_3893,automotivo,28.0,325.0,6.0,300.0,35.0,3.0,26.0,5
PRO_3894,informatica_acessorios,35.0,661.0,2.0,100.0,25.0,3.0,19.0,15
PRO_3895,moveis_decoracao,63.0,254.0,2.0,1800.0,41.0,9.0,34.0,39
PRO_3896,telefonia,58.0,424.0,1.0,150.0,19.0,4.0,11.0,68
PRO_3897,automotivo,58.0,174.0,2.0,200.0,16.0,10.0,16.0,5
PRO_3898,bebes,54.0,1317.0,4.0,1050.0,42.0,25.0,15.0,6
PRO_3899,cama_mesa_banho,55.0,426.0,1.0,14050.0,16.0,10.0,16.0,7
PRO_3900,utilidades_domesticas,45.0,1232.0,2.0,917.0,29.0,16.0,16.0,49
PRO_3901,bebes,51.0,446.0,1.0,350.0,30.0,30.0,20.0,6
PRO_3902,pet_shop,58.0,754.0,6.0,1450.0,40.0,20.0,30.0,60
PRO_3903,cama_mesa_banho,60.0,189.0,1.0,1350.0,46.0,2.0,36.0,7
PRO_3904,beleza_saude,56.0,1363.0,2.0,200.0,16.0,14.0,16.0,43
PRO_3905,relogios_presentes,46.0,635.0,1.0,233.0,17.0,11.0,15.0,71
PRO_3906,malas_acessorios,44.0,132.0,2.0,400.0,20.0,10.0,16.0,53
PRO_3907,automotivo,48.0,689.0,5.0,2550.0,20.0,20.0,20.0,5
PRO_3908,utilidades_domesticas,60.0,128.0,1.0,3700.0,50.0,32.0,70.0,49
PRO_3909,informatica_acessorios,24.0,718.0,2.0,200.0,41.0,2.0,29.0,15
PRO_3910,pet_shop,36.0,883.0,1.0,4417.0,27.0,27.0,13.0,60
PRO_3911,moveis_decoracao,37.0,320.0,1.0,2700.0,47.0,10.0,35.0,39
PRO_3912,informatica_acessorios,55.0,211.0,1.0,1200.0,38.0,24.0,12.0,15
PRO_3913,ferramentas_jardim,54.0,978.0,4.0,3950.0,16.0,64.0,38.0,42
PRO_3914,climatizacao,39.0,444.0,2.0,600.0,27.0,13.0,17.0,1
PRO_3915,utilidades_domesticas,59.0,1933.0,1.0,1850.0,16.0,25.0,12.0,49
PRO_3916,relogios_presentes,48.0,345.0,4.0,6750.0,46.0,20.0,44.0,71
PRO_3917,eletronicos,53.0,109.0,1.0,150.0,24.0,12.0,18.0,26
PRO_3918,cama_mesa_banho,35.0,236.0,1.0,1000.0,30.0,5.0,30.0,7
PRO_3919,beleza_saude,51.0,2468.0,3.0,200.0,23.0,7.0,15.0,43
PRO_3920,beleza_saude,44.0,1028.0,1.0,350.0,18.0,11.0,11.0,43
PRO_3921,pcs,55.0,3610.0,4.0,2650.0,16.0,31.0,39.0,14
PRO_3922,beleza_saude,49.0,3901.0,8.0,2250.0,35.0,8.0,35.0,43
PRO_3923,cama_mesa_banho,56.0,310.0,1.0,6400.0,30.0,6.0,25.0,7
PRO_3924,utilidades_domesticas,59.0,470.0,1.0,950.0,28.0,18.0,28.0,49
PRO_3925,cama_mesa_banho,59.0,299.0,1.0,4900.0,42.0,12.0,42.0,7
PRO_3926,beleza_saude,40.0,847.0,1.0,800.0,30.0,30.0,30.0,43
PRO_3927,cama_mesa_banho,59.0,344.0,3.0,12000.0,60.0,23.0,54.0,7
PRO_3928,pet_shop,43.0,480.0,1.0,7300.0,25.0,25.0,25.0,60
PRO_3929,eletrodomesticos,45.0,78.0,1.0,100.0,20.0,13.0,15.0,44
PRO_3930,ferramentas_jardim,32.0,390.0,2.0,353.0,26.0,14.0,14.0,42
PRO_3931,beleza_saude,45.0,1031.0,1.0,1250.0,16.0,32.0,12.0,43
PRO_3932,automotivo,60.0,695.0,6.0,3800.0,47.0,19.0,23.0,5
PRO_3933,moveis_decoracao,54.0,1988.0,3.0,2450.0,65.0,8.0,45.0,39
PRO_3934,esporte_lazer,47.0,414.0,1.0,700.0,48.0,15.0,32.0,65
PRO_3935,fashion_bolsas_e_acessorios,50.0,427.0,3.0,2100.0,16.0,5.0,11.0,28
PRO_3936,brinquedos,56.0,194.0,1.0,475.0,54.0,13.0,26.0,69
PRO_3937,informatica_acessorios,58.0,420.0,1.0,200.0,21.0,14.0,15.0,15
PRO_3938,esporte_lazer,46.0,1277.0,5.0,1600.0,42.0,10.0,22.0,65
PRO_3939,cama_mesa_banho,44.0,444.0,2.0,700.0,50.0,16.0,16.0,7
PRO_3940,utilidades_domesticas,36.0,558.0,1.0,450.0,24.0,8.0,15.0,49
PRO_3941,beleza_saude,56.0,1190.0,1.0,1250.0,26.0,21.0,16.0,43
PRO_3942,cama_mesa_banho,56.0,701.0,1.0,1000.0,50.0,12.0,12.0,7
PRO_3943,utilidades_domesticas,56.0,613.0,5.0,3950.0,65.0,15.0,35.0,49
PRO_3944,moveis_decoracao,55.0,1617.0,3.0,4450.0,105.0,5.0,69.0,39
PRO_3945,brinquedos,50.0,591.0,2.0,6350.0,55.0,25.0,20.0,69
PRO_3946,cama_mesa_banho,28.0,306.0,3.0,1650.0,36.0,12.0,26.0,7
PRO_3947,beleza_saude,31.0,1608.0,1.0,350.0,16.0,7.0,11.0,43
PRO_3948,automotivo,59.0,241.0,3.0,10550.0,70.0,30.0,30.0,5
PRO_3949,utilidades_domesticas,30.0,622.0,1.0,5950.0,33.0,26.0,33.0,49
PRO_3950,papelaria,25.0,736.0,3.0,1100.0,42.0,20.0,31.0,66
PRO_3951,malas_acessorios,38.0,216.0,1.0,700.0,49.0,10.0,34.0,53
PRO_3952,alimentos_bebidas,40.0,907.0,1.0,472.0,19.0,16.0,16.0,37
PRO_3953,pet_shop,38.0,734.0,12.0,7300.0,49.0,29.0,34.0,60
PRO_3954,pet_shop,47.0,933.0,1.0,417.0,19.0,17.0,16.0,60
PRO_3955,utilidades_domesticas,27.0,144.0,1.0,9600.0,25.0,32.0,24.0,49
PRO_3956,industria_comercio_e_negocios,54.0,1001.0,1.0,400.0,20.0,20.0,30.0,50
PRO_3957,perfumaria,54.0,675.0,3.0,613.0,18.0,16.0,18.0,59
PRO_3958,cama_mesa_banho,46.0,288.0,1.0,4325.0,54.0,19.0,42.0,7
PRO_3959,cool_stuff,58.0,934.0,1.0,2250.0,42.0,25.0,15.0,20
PRO_3960,cool_stuff,43.0,421.0,4.0,500.0,27.0,5.0,27.0,20
PRO_3961,papelaria,51.0,261.0,1.0,1250.0,16.0,39.0,37.0,66
PRO_3962,eletroportateis,58.0,520.0,1.0,3600.0,35.0,40.0,34.0,63
PRO_3963,relogios_presentes,29.0,147.0,1.0,521.0,18.0,11.0,14.0,71
PRO_3964,unknown,51.0,595.0,1.0,150.0,20.0,3.0,13.0,70
PRO_3965,papelaria,43.0,47.0,1.0,158.0,16.0,5.0,16.0,66
PRO_3966,livros_interesse_geral,54.0,429.0,5.0,650.0,25.0,12.0,20.0,8
PRO_3967,eletrodomesticos,60.0,648.0,2.0,500.0,19.0,13.0,20.0,44
PRO_3968,agro_industria_e_comercio,41.0,288.0,1.0,5047.0,58.0,44.0,28.0,0
PRO_3969,unknown,51.0,595.0,1.0,1000.0,29.0,5.0,27.0,70
PRO_3970,perfumaria,48.0,693.0,1.0,600.0,18.0,18.0,18.0,59
PRO_3971,automotivo,56.0,1235.0,1.0,1800.0,34.0,40.0,19.0,5
PRO_3972,unknown,51.0,595.0,1.0,1045.0,30.0,19.0,20.0,70
PRO_3973,brinquedos,36.0,529.0,2.0,650.0,28.0,13.0,15.0,69
PRO_3974,unknown,51.0,595.0,1.0,400.0,28.0,6.0,27.0,70
PRO_3975,esporte_lazer,36.0,1360.0,1.0,2450.0,25.0,8.0,25.0,65
PRO_3976,utilidades_domesticas,46.0,1342.0,1.0,9700.0,28.0,26.0,26.0,49
PRO_3977,construcao_ferramentas_iluminacao,59.0,985.0,1.0,750.0,16.0,20.0,16.0,18
PRO_3978,esporte_lazer,51.0,1552.0,1.0,350.0,31.0,18.0,18.0,65
PRO_3979,papelaria,57.0,687.0,4.0,300.0,30.0,15.0,18.0,66
PRO_3980,relogios_presentes,49.0,589.0,2.0,500.0,16.0,13.0,13.0,71
PRO_3981,perfumaria,57.0,2670.0,3.0,1600.0,45.0,10.0,24.0,59
PRO_3982,automotivo,55.0,446.0,5.0,50.0,24.0,2.0,17.0,5
PRO_3983,moveis_decoracao,47.0,2064.0,2.0,600.0,68.0,8.0,13.0,39
PRO_3984,market_place,20.0,43.0,2.0,5000.0,40.0,40.0,40.0,54
PRO_3985,bebes,53.0,1601.0,5.0,29250.0,42.0,58.0,60.0,6
PRO_3986,moveis_decoracao,48.0,873.0,1.0,6200.0,18.0,5.0,20.0,39
PRO_3987,moveis_decoracao,59.0,946.0,2.0,25325.0,95.0,25.0,64.0,39
PRO_3988,beleza_saude,53.0,713.0,2.0,150.0,20.0,10.0,20.0,43
PRO_3989,relogios_presentes,58.0,967.0,3.0,400.0,19.0,15.0,20.0,71
PRO_3990,utilidades_domesticas,43.0,319.0,1.0,450.0,25.0,22.0,24.0,49
PRO_3991,utilidades_domesticas,54.0,341.0,2.0,16300.0,80.0,23.0,33.0,49
PRO_3992,climatizacao,46.0,293.0,1.0,5524.0,42.0,37.0,28.0,1
PRO_3993,informatica_acessorios,60.0,611.0,2.0,2500.0,31.0,12.0,31.0,15
PRO_3994,esporte_lazer,54.0,454.0,1.0,3400.0,36.0,41.0,36.0,65
PRO_3995,moveis_decoracao,55.0,2165.0,2.0,650.0,68.0,8.0,13.0,39
PRO_3996,perfumaria,47.0,727.0,6.0,300.0,16.0,16.0,16.0,59
PRO_3997,bebes,30.0,309.0,1.0,150.0,16.0,5.0,16.0,6
PRO_3998,papelaria,39.0,310.0,1.0,300.0,16.0,4.0,11.0,66
PRO_3999,beleza_saude,44.0,1793.0,1.0,11450.0,80.0,26.0,26.0,43
PRO_4000,automotivo,58.0,1934.0,2.0,250.0,19.0,19.0,14.0,5
PRO_4001,fashion_bolsas_e_acessorios,16.0,132.0,2.0,50.0,17.0,4.0,13.0,28
PRO_4002,relogios_presentes,48.0,460.0,1.0,400.0,16.0,12.0,12.0,71
PRO_4003,bebes,52.0,704.0,4.0,1350.0,60.0,20.0,50.0,6
PRO_4004,agro_industria_e_comercio,38.0,397.0,1.0,3450.0,33.0,36.0,33.0,0
PRO_4005,papelaria,55.0,184.0,4.0,250.0,24.0,7.0,14.0,66
PRO_4006,esporte_lazer,56.0,235.0,1.0,500.0,30.0,5.0,20.0,65
PRO_4007,livros_interesse_geral,44.0,618.0,1.0,1200.0,16.0,2.0,11.0,8
PRO_4008,informatica_acessorios,42.0,418.0,1.0,950.0,30.0,16.0,16.0,15
PRO_4009,cama_mesa_banho,56.0,390.0,1.0,1983.0,29.0,49.0,58.0,7
PRO_4010,ferramentas_jardim,38.0,244.0,1.0,600.0,25.0,32.0,25.0,42
PRO_4011,pet_shop,48.0,466.0,2.0,2700.0,43.0,39.0,20.0,60
PRO_4012,beleza_saude,29.0,378.0,2.0,200.0,25.0,10.0,15.0,43
PRO_4013,informatica_acessorios,57.0,489.0,4.0,350.0,19.0,3.0,13.0,15
PRO_4014,bebes,23.0,1059.0,2.0,100.0,22.0,23.0,16.0,6
PRO_4015,cama_mesa_banho,53.0,704.0,1.0,1650.0,40.0,15.0,32.0,7
PRO_4016,moveis_decoracao,32.0,1405.0,3.0,200.0,35.0,2.0,25.0,39
PRO_4017,esporte_lazer,55.0,1392.0,1.0,1350.0,16.0,16.0,20.0,65
PRO_4018,esporte_lazer,30.0,73.0,3.0,200.0,25.0,25.0,25.0,65
PRO_4019,beleza_saude,56.0,1266.0,1.0,1400.0,20.0,20.0,20.0,43
PRO_4020,utilidades_domesticas,51.0,386.0,2.0,2700.0,44.0,34.0,16.0,49
PRO_4021,construcao_ferramentas_construcao,60.0,147.0,6.0,10100.0,60.0,20.0,40.0,17
PRO_4022,esporte_lazer,43.0,170.0,2.0,2400.0,40.0,10.0,40.0,65
PRO_4023,eletrodomesticos_2,33.0,111.0,1.0,6600.0,42.0,42.0,26.0,45
PRO_4024,perfumaria,35.0,906.0,1.0,325.0,33.0,33.0,31.0,59
PRO_4025,beleza_saude,42.0,2877.0,1.0,150.0,19.0,14.0,16.0,43
PRO_4026,bebes,59.0,224.0,2.0,1400.0,75.0,15.0,50.0,6
PRO_4027,automotivo,48.0,749.0,1.0,800.0,41.0,45.0,11.0,5
PRO_4028,fashion_bolsas_e_acessorios,15.0,132.0,4.0,50.0,17.0,4.0,13.0,28
PRO_4029,moveis_decoracao,49.0,494.0,2.0,450.0,30.0,20.0,20.0,39
PRO_4030,papelaria,33.0,640.0,4.0,100.0,16.0,6.0,11.0,66
PRO_4031,brinquedos,43.0,225.0,1.0,650.0,45.0,15.0,35.0,69
PRO_4032,cool_stuff,46.0,573.0,1.0,300.0,26.0,5.0,21.0,20
PRO_4033,utilidades_domesticas,51.0,663.0,4.0,3000.0,62.0,12.0,25.0,49
PRO_4034,informatica_acessorios,52.0,516.0,2.0,450.0,42.0,3.0,15.0,15
PRO_4035,esporte_lazer,48.0,683.0,1.0,200.0,20.0,4.0,15.0,65
PRO_4036,informatica_acessorios,40.0,2206.0,2.0,749.0,25.0,13.0,24.0,15
PRO_4037,utilidades_domesticas,32.0,251.0,1.0,600.0,30.0,30.0,30.0,49
PRO_4038,informatica_acessorios,57.0,95.0,1.0,300.0,32.0,5.0,16.0,15
PRO_4039,esporte_lazer,16.0,1135.0,2.0,100.0,16.0,13.0,16.0,65
PRO_4040,moveis_decoracao,58.0,1056.0,2.0,650.0,65.0,11.0,11.0,39
PRO_4041,beleza_saude,27.0,980.0,1.0,1150.0,19.0,15.0,15.0,43
PRO_4042,telefonia,53.0,505.0,1.0,350.0,16.0,6.0,11.0,68
PRO_4043,moveis_decoracao,56.0,666.0,4.0,950.0,68.0,30.0,11.0,39
PRO_4044,ferramentas_jardim,39.0,1053.0,2.0,2660.0,34.0,25.0,16.0,42
PRO_4045,relogios_presentes,50.0,708.0,2.0,325.0,19.0,8.0,14.0,71
PRO_4046,automotivo,49.0,1101.0,1.0,2100.0,28.0,32.0,38.0,5
PRO_4047,relogios_presentes,53.0,486.0,2.0,240.0,19.0,13.0,19.0,71
PRO_4048,utilidades_domesticas,29.0,363.0,2.0,1000.0,25.0,30.0,25.0,49
PRO_4049,moveis_decoracao,59.0,618.0,2.0,867.0,52.0,6.0,42.0,39
PRO_4050,brinquedos,50.0,679.0,4.0,500.0,30.0,20.0,20.0,69
PRO_4051,automotivo,59.0,1773.0,1.0,6600.0,44.0,25.0,39.0,5
PRO_4052,unknown,51.0,595.0,1.0,200.0,16.0,2.0,11.0,70
PRO_4053,cool_stuff,23.0,572.0,2.0,200.0,23.0,15.0,15.0,20
PRO_4054,utilidades_domesticas,36.0,566.0,3.0,300.0,40.0,5.0,40.0,49
PRO_4055,fashion_bolsas_e_acessorios,59.0,745.0,3.0,900.0,43.0,16.0,27.0,28
PRO_4056,utilidades_domesticas,48.0,546.0,1.0,5675.0,25.0,25.0,60.0,49
PRO_4057,automotivo,58.0,1658.0,3.0,200.0,25.0,7.0,12.0,5
PRO_4058,beleza_saude,51.0,641.0,1.0,500.0,20.0,12.0,13.0,43
PRO_4059,moveis_decoracao,56.0,1722.0,2.0,600.0,52.0,11.0,11.0,39
PRO_4060,eletronicos,54.0,799.0,2.0,600.0,16.0,16.0,11.0,26
PRO_4061,bebes,51.0,410.0,1.0,550.0,43.0,25.0,33.0,6
PRO_4062,esporte_lazer,60.0,794.0,1.0,400.0,27.0,9.0,14.0,65
PRO_4063,moveis_decoracao,60.0,2138.0,2.0,400.0,69.0,11.0,11.0,39
PRO_4064,beleza_saude,49.0,3265.0,2.0,633.0,18.0,16.0,14.0,43
PRO_4065,construcao_ferramentas_jardim,52.0,646.0,2.0,1225.0,45.0,28.0,28.0,21
PRO_4066,moveis_decoracao,53.0,770.0,1.0,13650.0,45.0,35.0,45.0,39
PRO_4067,relogios_presentes,58.0,171.0,2.0,200.0,16.0,2.0,11.0,71
PRO_4068,instrumentos_musicais,58.0,652.0,1.0,2138.0,71.0,13.0,47.0,56
PRO_4069,casa_conforto,52.0,181.0,1.0,2200.0,54.0,9.0,28.0,47
PRO_4070,utilidades_domesticas,52.0,267.0,2.0,10550.0,30.0,50.0,30.0,49
PRO_4071,beleza_saude,27.0,1198.0,2.0,1150.0,26.0,12.0,24.0,43
PRO_4072,utilidades_domesticas,43.0,475.0,1.0,600.0,25.0,8.0,15.0,49
PRO_4073,beleza_saude,46.0,648.0,3.0,1100.0,32.0,8.0,38.0,43
PRO_4074,esporte_lazer,33.0,829.0,1.0,600.0,22.0,14.0,22.0,65
PRO_4075,fashion_bolsas_e_acessorios,50.0,504.0,2.0,200.0,16.0,16.0,16.0,28
PRO_4076,papelaria,57.0,513.0,9.0,600.0,35.0,35.0,20.0,66
PRO_4077,informatica_acessorios,48.0,343.0,4.0,300.0,22.0,12.0,20.0,15
PRO_4078,utilidades_domesticas,53.0,537.0,1.0,1150.0,25.0,6.0,20.0,49
PRO_4079,cool_stuff,26.0,2532.0,1.0,2035.0,27.0,13.0,15.0,20
PRO_4080,moveis_decoracao,59.0,729.0,2.0,2300.0,33.0,12.0,33.0,39
PRO_4081,brinquedos,42.0,314.0,2.0,450.0,27.0,11.0,13.0,69
PRO_4082,moveis_decoracao,52.0,2057.0,2.0,700.0,60.0,7.0,14.0,39
PRO_4083,esporte_lazer,56.0,1026.0,1.0,150.0,17.0,15.0,16.0,65
PRO_4084,utilidades_domesticas,31.0,1507.0,3.0,9900.0,53.0,30.0,34.0,49
PRO_4085,informatica_acessorios,58.0,565.0,2.0,250.0,16.0,5.0,11.0,15
PRO_4086,cama_mesa_banho,50.0,228.0,1.0,200.0,32.0,3.0,23.0,7
PRO_4087,telefonia_fixa,53.0,627.0,1.0,500.0,17.0,13.0,14.0,34
PRO_4088,instrumentos_musicais,59.0,477.0,2.0,7450.0,40.0,40.0,40.0,56
PRO_4089,moveis_decoracao,57.0,2115.0,2.0,600.0,68.0,8.0,13.0,39
PRO_4090,cama_mesa_banho,44.0,146.0,1.0,2067.0,38.0,5.0,35.0,7
PRO_4091,telefonia,59.0,508.0,3.0,300.0,17.0,4.0,12.0,68
PRO_4092,ferramentas_jardim,30.0,139.0,1.0,600.0,24.0,22.0,24.0,42
PRO_4093,perfumaria,44.0,741.0,2.0,200.0,16.0,7.0,14.0,59
PRO_4094,automotivo,56.0,762.0,5.0,50.0,24.0,2.0,17.0,5
PRO_4095,brinquedos,33.0,1130.0,1.0,1750.0,34.0,19.0,21.0,69
PRO_4096,fashion_bolsas_e_acessorios,32.0,216.0,3.0,250.0,20.0,9.0,11.0,28
PRO_4097,utilidades_domesticas,42.0,566.0,2.0,2250.0,52.0,3.0,32.0,49
PRO_4098,moveis_sala,58.0,487.0,5.0,3300.0,46.0,9.0,56.0,40
PRO_4099,informatica_acessorios,40.0,260.0,5.0,200.0,16.0,4.0,13.0,15
PRO_4100,telefonia,58.0,1568.0,1.0,150.0,18.0,6.0,20.0,68
PRO_4101,perfumaria,37.0,584.0,1.0,457.0,23.0,14.0,19.0,59
PRO_4102,unknown,51.0,595.0,1.0,1600.0,45.0,25.0,25.0,70
PRO_4103,papelaria,59.0,202.0,3.0,300.0,24.0,7.0,14.0,66
PRO_4104,utilidades_domesticas,39.0,518.0,1.0,5100.0,60.0,17.0,90.0,49
PRO_4105,telefonia,28.0,466.0,1.0,200.0,19.0,6.0,15.0,68
PRO_4106,relogios_presentes,33.0,169.0,1.0,530.0,17.0,12.0,17.0,71
PRO_4107,brinquedos,47.0,1375.0,1.0,3000.0,33.0,37.0,22.0,69
PRO_4108,utilidades_domesticas,54.0,288.0,1.0,300.0,25.0,20.0,20.0,49
PRO_4109,automotivo,60.0,1469.0,4.0,550.0,36.0,8.0,15.0,5
PRO_4110,moveis_decoracao,61.0,157.0,9.0,3400.0,41.0,15.0,25.0,39
PRO_4111,esporte_lazer,30.0,2162.0,1.0,1563.0,20.0,16.0,17.0,65
PRO_4112,esporte_lazer,38.0,989.0,5.0,3400.0,45.0,15.0,35.0,65
PRO_4113,livros_interesse_geral,44.0,237.0,1.0,364.0,20.0,25.0,11.0,8
PRO_4114,casa_conforto,32.0,373.0,1.0,1500.0,45.0,30.0,45.0,47
PRO_4115,pet_shop,56.0,486.0,1.0,26700.0,80.0,41.0,46.0,60
PRO_4116,beleza_saude,52.0,1151.0,1.0,300.0,16.0,20.0,15.0,43
PRO_4117,relogios_presentes,42.0,802.0,2.0,331.0,19.0,13.0,13.0,71
PRO_4118,cama_mesa_banho,55.0,137.0,2.0,333.0,30.0,4.0,26.0,7
PRO_4119,utilidades_domesticas,50.0,365.0,1.0,21400.0,48.0,65.0,48.0,49
PRO_4120,automotivo,21.0,2566.0,1.0,20100.0,61.0,61.0,37.0,5
PRO_4121,automotivo,56.0,374.0,4.0,150.0,17.0,21.0,15.0,5
PRO_4122,eletronicos,59.0,2148.0,3.0,717.0,20.0,7.0,15.0,26
PRO_4123,beleza_saude,56.0,389.0,1.0,250.0,16.0,5.0,15.0,43
PRO_4124,informatica_acessorios,57.0,245.0,1.0,500.0,18.0,9.0,16.0,15
PRO_4125,informatica_acessorios,59.0,1392.0,4.0,350.0,17.0,7.0,13.0,15
PRO_4126,automotivo,34.0,364.0,1.0,800.0,20.0,10.0,20.0,5
PRO_4127,eletronicos,54.0,126.0,1.0,200.0,22.0,12.0,16.0,26
PRO_4128,ferramentas_jardim,45.0,2121.0,1.0,6050.0,18.0,39.0,31.0,42
PRO_4129,esporte_lazer,60.0,856.0,5.0,300.0,20.0,7.0,15.0,65
PRO_4130,papelaria,46.0,259.0,1.0,350.0,25.0,10.0,20.0,66
PRO_4131,beleza_saude,45.0,1982.0,1.0,2200.0,35.0,10.0,18.0,43
PRO_4132,esporte_lazer,26.0,438.0,1.0,757.0,22.0,6.0,20.0,65
PRO_4133,utilidades_domesticas,57.0,403.0,2.0,200.0,28.0,5.0,15.0,49
PRO_4134,esporte_lazer,30.0,395.0,1.0,204.0,19.0,17.0,16.0,65
PRO_4135,beleza_saude,22.0,1301.0,2.0,250.0,16.0,6.0,11.0,43
PRO_4136,pet_shop,55.0,833.0,14.0,7300.0,33.0,30.0,44.0,60
PRO_4137,automotivo,58.0,1145.0,6.0,3850.0,53.0,43.0,11.0,5
PRO_4138,unknown,51.0,595.0,1.0,200.0,28.0,9.0,18.0,70
PRO_4139,ferramentas_jardim,38.0,437.0,1.0,1900.0,45.0,6.0,20.0,42
PRO_4140,informatica_acessorios,20.0,398.0,2.0,650.0,16.0,6.0,20.0,15
PRO_4141,cama_mesa_banho,51.0,739.0,1.0,1300.0,20.0,40.0,20.0,7
PRO_4142,relogios_presentes,58.0,568.0,1.0,100.0,20.0,7.0,15.0,71
PRO_4143,bebes,44.0,385.0,6.0,14675.0,55.0,64.0,52.0,6
PRO_4144,moveis_escritorio,39.0,2419.0,1.0,20500.0,58.0,28.0,58.0,57
PRO_4145,moveis_quarto,57.0,589.0,1.0,1450.0,50.0,8.0,40.0,38
PRO_4146,livros_tecnicos,25.0,1002.0,1.0,2000.0,30.0,4.0,23.0,10
PRO_4147,automotivo,45.0,1283.0,5.0,175.0,25.0,25.0,25.0,5
PRO_4148,moveis_decoracao,63.0,1700.0,1.0,700.0,60.0,11.0,20.0,39
PRO_4149,automotivo,29.0,1641.0,3.0,100.0,16.0,16.0,16.0,5
PRO_4150,automotivo,56.0,3460.0,3.0,50.0,16.0,12.0,12.0,5
PRO_4151,moveis_escritorio,44.0,787.0,1.0,12100.0,54.0,40.0,52.0,57
PRO_4152,beleza_saude,52.0,1013.0,3.0,525.0,30.0,6.0,13.0,43
PRO_4153,beleza_saude,42.0,693.0,1.0,1250.0,30.0,12.0,16.0,43
PRO_4154,telefonia,58.0,1566.0,1.0,150.0,18.0,6.0,11.0,68
PRO_4155,fashion_underwear_e_moda_praia,41.0,1032.0,3.0,300.0,30.0,30.0,30.0,33
PRO_4156,moveis_escritorio,62.0,1139.0,1.0,8900.0,53.0,50.0,16.0,57
PRO_4157,musica,55.0,435.0,1.0,400.0,25.0,10.0,18.0,55
PRO_4158,cama_mesa_banho,53.0,495.0,1.0,650.0,30.0,4.0,19.0,7
PRO_4159,bebes,34.0,775.0,1.0,625.0,23.0,22.0,11.0,6
PRO_4160,moveis_decoracao,38.0,1112.0,1.0,1700.0,80.0,20.0,20.0,39
PRO_4161,moveis_decoracao,49.0,617.0,1.0,1050.0,30.0,35.0,30.0,39
PRO_4162,beleza_saude,63.0,416.0,3.0,100.0,16.0,5.0,20.0,43
PRO_4163,beleza_saude,60.0,3504.0,4.0,9500.0,95.0,15.0,65.0,43
PRO_4164,esporte_lazer,38.0,141.0,1.0,300.0,20.0,20.0,11.0,65
PRO_4165,moveis_decoracao,27.0,296.0,1.0,350.0,17.0,26.0,17.0,39
PRO_4166,automotivo,57.0,1970.0,4.0,1550.0,27.0,24.0,27.0,5
PRO_4167,informatica_acessorios,59.0,465.0,2.0,100.0,37.0,6.0,12.0,15
PRO_4168,moveis_decoracao,46.0,210.0,2.0,417.0,21.0,21.0,22.0,39
PRO_4169,fashion_bolsas_e_acessorios,60.0,615.0,1.0,250.0,22.0,10.0,15.0,28
PRO_4170,moveis_decoracao,40.0,3164.0,2.0,600.0,20.0,60.0,20.0,39
PRO_4171,relogios_presentes,36.0,427.0,1.0,250.0,16.0,15.0,15.0,71
PRO_4172,relogios_presentes,60.0,517.0,3.0,750.0,48.0,16.0,25.0,71
PRO_4173,consoles_games,32.0,265.0,1.0,600.0,22.0,9.0,12.0,16
PRO_4174,brinquedos,33.0,762.0,2.0,1200.0,20.0,25.0,58.0,69
PRO_4175,fashion_calcados,57.0,404.0,4.0,1500.0,22.0,12.0,33.0,31
PRO_4176,cama_mesa_banho,59.0,81.0,1.0,400.0,20.0,2.0,15.0,7
PRO_4177,moveis_decoracao,57.0,268.0,1.0,1500.0,40.0,6.0,32.0,39
PRO_4178,beleza_saude,59.0,1515.0,1.0,138.0,12.0,9.0,18.0,43
PRO_4179,beleza_saude,56.0,3893.0,6.0,300.0,30.0,15.0,15.0,43
PRO_4180,utilidades_domesticas,51.0,396.0,1.0,1750.0,45.0,21.0,26.0,49
PRO_4181,informatica_acessorios,55.0,2880.0,6.0,1525.0,17.0,24.0,24.0,15
PRO_4182,automotivo,20.0,908.0,1.0,75.0,17.0,8.0,13.0,5
PRO_4183,utilidades_domesticas,50.0,979.0,2.0,700.0,30.0,30.0,30.0,49
PRO_4184,relogios_presentes,47.0,340.0,3.0,550.0,20.0,16.0,17.0,71
PRO_4185,market_place,58.0,1101.0,1.0,3600.0,19.0,30.0,26.0,54
PRO_4186,beleza_saude,48.0,444.0,1.0,30000.0,55.0,75.0,61.0,43
PRO_4187,brinquedos,56.0,1113.0,9.0,260.0,22.0,4.0,22.0,69
PRO_4188,informatica_acessorios,51.0,727.0,1.0,450.0,18.0,16.0,17.0,15
PRO_4189,esporte_lazer,39.0,513.0,1.0,1688.0,23.0,17.0,22.0,65
PRO_4190,moveis_decoracao,43.0,642.0,2.0,1000.0,100.0,11.0,20.0,39
PRO_4191,papelaria,58.0,264.0,6.0,2200.0,30.0,60.0,19.0,66
PRO_4192,moveis_decoracao,60.0,2010.0,2.0,3000.0,69.0,11.0,11.0,39
PRO_4193,instrumentos_musicais,49.0,1051.0,1.0,594.0,20.0,15.0,16.0,56
PRO_4194,perfumaria,46.0,565.0,1.0,75.0,18.0,9.0,16.0,59
PRO_4195,ferramentas_jardim,43.0,452.0,1.0,2350.0,30.0,12.0,15.0,42
PRO_4196,relogios_presentes,49.0,364.0,1.0,250.0,40.0,10.0,25.0,71
PRO_4197,relogios_presentes,58.0,441.0,3.0,1700.0,31.0,5.0,31.0,71
PRO_4198,bebes,60.0,1212.0,4.0,1200.0,28.0,13.0,21.0,6
PRO_4199,relogios_presentes,48.0,361.0,2.0,200.0,31.0,4.0,13.0,71
PRO_4200,brinquedos,46.0,1156.0,1.0,400.0,17.0,10.0,12.0,69
PRO_4201,utilidades_domesticas,55.0,93.0,2.0,1300.0,37.0,37.0,37.0,49
PRO_4202,telefonia,54.0,172.0,2.0,150.0,20.0,5.0,12.0,68
PRO_4203,fashion_bolsas_e_acessorios,30.0,815.0,1.0,100.0,16.0,5.0,16.0,28
PRO_4204,automotivo,56.0,614.0,1.0,5150.0,60.0,12.0,60.0,5
PRO_4205,beleza_saude,60.0,365.0,1.0,180.0,16.0,13.0,11.0,43
PRO_4206,alimentos,57.0,606.0,3.0,150.0,22.0,4.0,17.0,36
PRO_4207,automotivo,58.0,581.0,3.0,100.0,24.0,2.0,17.0,5
PRO_4208,fashion_bolsas_e_acessorios,52.0,830.0,5.0,200.0,20.0,20.0,12.0,28
PRO_4209,automotivo,49.0,382.0,2.0,4900.0,31.0,31.0,31.0,5
PRO_4210,beleza_saude,36.0,749.0,2.0,350.0,22.0,12.0,17.0,43
PRO_4211,cama_mesa_banho,41.0,627.0,1.0,4442.0,57.0,36.0,42.0,7
PRO_4212,alimentos,26.0,993.0,1.0,400.0,19.0,19.0,14.0,36
PRO_4213,artigos_de_festas,58.0,1729.0,2.0,350.0,16.0,12.0,14.0,58
PRO_4214,esporte_lazer,48.0,1102.0,1.0,1400.0,41.0,6.0,33.0,65
PRO_4215,eletrodomesticos,60.0,277.0,1.0,200.0,27.0,13.0,17.0,44
PRO_4216,cama_mesa_banho,26.0,393.0,2.0,623.0,30.0,7.0,31.0,7
PRO_4217,telefonia,57.0,607.0,1.0,100.0,16.0,11.0,9.0,68
PRO_4218,fashion_bolsas_e_acessorios,46.0,1437.0,1.0,300.0,16.0,2.0,20.0,28
PRO_4219,automotivo,58.0,237.0,1.0,100.0,16.0,8.0,16.0,5
PRO_4220,cama_mesa_banho,39.0,364.0,1.0,6300.0,51.0,22.0,36.0,7
PRO_4221,utilidades_domesticas,58.0,451.0,4.0,8575.0,33.0,48.0,38.0,49
PRO_4222,utilidades_domesticas,21.0,853.0,1.0,250.0,16.0,16.0,16.0,49
PRO_4223,climatizacao,52.0,346.0,3.0,250.0,22.0,11.0,16.0,1
PRO_4224,automotivo,56.0,1498.0,2.0,550.0,21.0,18.0,13.0,5
PRO_4225,moveis_escritorio,44.0,1208.0,1.0,11350.0,63.0,61.0,24.0,57
PRO_4226,relogios_presentes,57.0,462.0,1.0,475.0,26.0,13.0,16.0,71
PRO_4227,papelaria,57.0,1682.0,1.0,7200.0,43.0,23.0,33.0,66
PRO_4228,pet_shop,49.0,683.0,1.0,11100.0,52.0,52.0,36.0,60
PRO_4229,cama_mesa_banho,55.0,739.0,1.0,1500.0,20.0,40.0,20.0,7
PRO_4230,brinquedos,32.0,1207.0,1.0,650.0,20.0,20.0,20.0,69
PRO_4231,consoles_games,25.0,1100.0,4.0,183.0,20.0,8.0,16.0,16
PRO_4232,beleza_saude,40.0,1102.0,1.0,2175.0,36.0,11.0,19.0,43
PRO_4233,telefonia,49.0,498.0,1.0,100.0,19.0,4.0,20.0,68
PRO_4234,bebidas,58.0,3337.0,4.0,475.0,24.0,16.0,19.0,24
PRO_4235,relogios_presentes,56.0,633.0,1.0,400.0,20.0,13.0,13.0,71
PRO_4236,papelaria,47.0,329.0,2.0,250.0,20.0,20.0,20.0,66
PRO_4237,fashion_bolsas_e_acessorios,48.0,731.0,1.0,250.0,16.0,2.0,11.0,28
PRO_4238,informatica_acessorios,20.0,1069.0,3.0,200.0,16.0,25.0,15.0,15
PRO_4239,esporte_lazer,41.0,936.0,1.0,6300.0,101.0,16.0,25.0,65
PRO_4240,beleza_saude,62.0,3074.0,1.0,1750.0,16.0,16.0,15.0,43
PRO_4241,papelaria,59.0,315.0,4.0,5750.0,60.0,20.0,29.0,66
PRO_4242,informatica_acessorios,31.0,589.0,2.0,240.0,18.0,10.0,14.0,15
PRO_4243,beleza_saude,50.0,2352.0,1.0,1083.0,19.0,18.0,18.0,43
PRO_4244,esporte_lazer,54.0,794.0,1.0,10750.0,30.0,20.0,30.0,65
PRO_4245,eletronicos,60.0,3007.0,6.0,1571.0,18.0,6.0,18.0,26
PRO_4246,brinquedos,53.0,436.0,3.0,290.0,17.0,7.0,13.0,69
PRO_4247,automotivo,55.0,790.0,3.0,100.0,24.0,13.0,19.0,5
PRO_4248,relogios_presentes,55.0,175.0,8.0,250.0,16.0,2.0,11.0,71
PRO_4249,informatica_acessorios,45.0,599.0,1.0,500.0,16.0,2.0,11.0,15
PRO_4250,automotivo,52.0,553.0,9.0,650.0,16.0,29.0,22.0,5
PRO_4251,moveis_decoracao,59.0,316.0,3.0,11400.0,60.0,6.0,60.0,39
PRO_4252,automotivo,53.0,578.0,3.0,1350.0,30.0,20.0,30.0,5
PRO_4253,fashion_bolsas_e_acessorios,57.0,349.0,2.0,5000.0,100.0,80.0,11.0,28
PRO_4254,brinquedos,49.0,1230.0,7.0,3500.0,30.0,30.0,30.0,69
PRO_4255,moveis_decoracao,63.0,233.0,11.0,1500.0,42.0,14.0,32.0,39
PRO_4256,cool_stuff,57.0,1003.0,4.0,200.0,30.0,20.0,40.0,20
PRO_4257,utilidades_domesticas,60.0,416.0,2.0,950.0,43.0,17.0,24.0,49
PRO_4258,informatica_acessorios,42.0,250.0,2.0,200.0,23.0,6.0,15.0,15
PRO_4259,eletronicos,59.0,487.0,2.0,800.0,16.0,2.0,11.0,26
PRO_4260,pet_shop,63.0,2653.0,9.0,20700.0,60.0,40.0,40.0,60
PRO_4261,cool_stuff,51.0,590.0,2.0,3175.0,30.0,28.0,33.0,20
PRO_4262,perfumaria,39.0,1290.0,1.0,200.0,18.0,4.0,13.0,59
PRO_4263,fashion_bolsas_e_acessorios,35.0,353.0,5.0,300.0,16.0,16.0,12.0,28
PRO_4264,ferramentas_jardim,59.0,1439.0,3.0,6000.0,40.0,10.0,20.0,42
PRO_4265,pet_shop,48.0,282.0,1.0,250.0,16.0,16.0,16.0,60
PRO_4266,moveis_decoracao,35.0,563.0,1.0,100.0,16.0,16.0,16.0,39
PRO_4267,telefonia_fixa,57.0,2877.0,4.0,1450.0,21.0,16.0,16.0,34
PRO_4268,perfumaria,47.0,729.0,1.0,400.0,19.0,11.0,16.0,59
PRO_4269,sinalizacao_e_seguranca,57.0,752.0,3.0,14650.0,65.0,65.0,13.0,62
PRO_4270,bebes,54.0,1116.0,1.0,11683.0,47.0,30.0,49.0,6
PRO_4271,papelaria,57.0,158.0,1.0,3474.0,31.0,28.0,30.0,66
PRO_4272,automotivo,27.0,299.0,4.0,300.0,51.0,15.0,15.0,5
PRO_4273,beleza_saude,55.0,624.0,1.0,2000.0,30.0,12.0,16.0,43
PRO_4274,fashion_bolsas_e_acessorios,40.0,417.0,4.0,150.0,16.0,9.0,11.0,28
PRO_4275,utilidades_domesticas,55.0,801.0,3.0,483.0,30.0,14.0,25.0,49
PRO_4276,relogios_presentes,41.0,1680.0,1.0,500.0,20.0,14.0,18.0,71
PRO_4277,sinalizacao_e_seguranca,51.0,769.0,6.0,2725.0,33.0,22.0,16.0,62
PRO_4278,cama_mesa_banho,60.0,600.0,1.0,1200.0,20.0,12.0,20.0,7
PRO_4279,cool_stuff,53.0,419.0,3.0,9650.0,86.0,8.0,40.0,20
PRO_4280,informatica_acessorios,47.0,1751.0,2.0,1673.0,24.0,13.0,21.0,15
PRO_4281,bebes,54.0,493.0,2.0,4033.0,27.0,27.0,27.0,6
PRO_4282,fashion_roupa_masculina,36.0,622.0,2.0,900.0,45.0,10.0,35.0,30
PRO_4283,automotivo,57.0,833.0,2.0,100.0,16.0,3.0,11.0,5
PRO_4284,utilidades_domesticas,56.0,411.0,1.0,900.0,50.0,7.0,50.0,49
PRO_4285,telefonia,40.0,623.0,2.0,233.0,18.0,8.0,13.0,68
PRO_4286,relogios_presentes,27.0,178.0,1.0,314.0,18.0,11.0,14.0,71
PRO_4287,papelaria,58.0,371.0,7.0,1900.0,28.0,55.0,37.0,66
PRO_4288,papelaria,51.0,795.0,2.0,450.0,28.0,28.0,22.0,66
PRO_4289,esporte_lazer,46.0,183.0,1.0,800.0,25.0,16.0,16.0,65
PRO_4290,agro_industria_e_comercio,60.0,638.0,6.0,12800.0,67.0,57.0,30.0,0
PRO_4291,moveis_decoracao,63.0,744.0,9.0,1600.0,30.0,21.0,28.0,39
PRO_4292,brinquedos,53.0,495.0,2.0,1874.0,38.0,38.0,26.0,69
PRO_4293,automotivo,51.0,658.0,2.0,150.0,16.0,16.0,16.0,5
PRO_4294,esporte_lazer,47.0,861.0,1.0,1014.0,25.0,22.0,22.0,65
PRO_4295,esporte_lazer,60.0,902.0,2.0,6150.0,20.0,20.0,20.0,65
PRO_4296,relogios_presentes,58.0,785.0,6.0,250.0,16.0,2.0,11.0,71
PRO_4297,fashion_bolsas_e_acessorios,42.0,261.0,1.0,100.0,21.0,9.0,14.0,28
PRO_4298,construcao_ferramentas_construcao,22.0,101.0,1.0,7700.0,50.0,20.0,50.0,17
PRO_4299,malas_acessorios,58.0,367.0,5.0,1200.0,45.0,15.0,35.0,53
PRO_4300,cama_mesa_banho,60.0,298.0,1.0,4300.0,34.0,12.0,43.0,7
PRO_4301,utilidades_domesticas,58.0,696.0,2.0,900.0,21.0,12.0,21.0,49
PRO_4302,relogios_presentes,54.0,553.0,1.0,288.0,16.0,9.0,13.0,71
PRO_4303,esporte_lazer,53.0,826.0,6.0,367.0,19.0,14.0,17.0,65
PRO_4304,utilidades_domesticas,32.0,817.0,2.0,600.0,16.0,16.0,16.0,49
PRO_4305,cool_stuff,49.0,425.0,1.0,200.0,30.0,5.0,30.0,20
PRO_4306,beleza_saude,58.0,1402.0,2.0,1600.0,16.0,10.0,14.0,43
PRO_4307,telefonia_fixa,54.0,436.0,3.0,200.0,19.0,5.0,11.0,34
PRO_4308,ferramentas_jardim,35.0,172.0,3.0,1700.0,67.0,2.0,31.0,42
PRO_4309,automotivo,42.0,395.0,2.0,11100.0,60.0,60.0,18.0,5
PRO_4310,instrumentos_musicais,63.0,950.0,9.0,8350.0,105.0,12.0,45.0,56
PRO_4311,relogios_presentes,47.0,738.0,2.0,200.0,16.0,11.0,11.0,71
PRO_4312,informatica_acessorios,54.0,1990.0,1.0,1250.0,50.0,22.0,30.0,15
PRO_4313,market_place,23.0,235.0,2.0,1100.0,30.0,5.0,45.0,54
PRO_4314,brinquedos,45.0,386.0,1.0,400.0,16.0,12.0,15.0,69
PRO_4315,cama_mesa_banho,53.0,111.0,1.0,1850.0,35.0,15.0,25.0,7
PRO_4316,telefonia,60.0,749.0,3.0,200.0,22.0,8.0,15.0,68
PRO_4317,construcao_ferramentas_seguranca,53.0,246.0,1.0,600.0,25.0,31.0,25.0,19
PRO_4318,bebes,53.0,710.0,9.0,8800.0,33.0,30.0,44.0,6
PRO_4319,fashion_bolsas_e_acessorios,48.0,638.0,1.0,200.0,16.0,5.0,20.0,28
PRO_4320,esporte_lazer,55.0,265.0,3.0,200.0,16.0,10.0,11.0,65
PRO_4321,ferramentas_jardim,33.0,467.0,1.0,3700.0,40.0,34.0,33.0,42
PRO_4322,informatica_acessorios,36.0,1437.0,1.0,92.0,18.0,17.0,12.0,15
PRO_4323,cama_mesa_banho,58.0,124.0,1.0,3100.0,60.0,16.0,16.0,7
PRO_4324,moveis_decoracao,52.0,1878.0,3.0,2350.0,104.0,4.0,68.0,39
PRO_4325,utilidades_domesticas,29.0,814.0,3.0,425.0,31.0,14.0,14.0,49
PRO_4326,cama_mesa_banho,52.0,455.0,1.0,350.0,16.0,10.0,16.0,7
PRO_4327,moveis_decoracao,38.0,245.0,5.0,1850.0,21.0,57.0,15.0,39
PRO_4328,eletronicos,59.0,510.0,2.0,150.0,30.0,20.0,20.0,26
PRO_4329,beleza_saude,52.0,94.0,1.0,200.0,20.0,4.0,11.0,43
PRO_4330,automotivo,58.0,885.0,3.0,1400.0,19.0,26.0,16.0,5
PRO_4331,automotivo,58.0,226.0,1.0,350.0,27.0,8.0,14.0,5
PRO_4332,esporte_lazer,25.0,823.0,1.0,476.0,17.0,14.0,14.0,65
PRO_4333,perfumaria,34.0,523.0,1.0,500.0,20.0,20.0,20.0,59
PRO_4334,pet_shop,60.0,776.0,3.0,800.0,50.0,5.0,50.0,60
PRO_4335,brinquedos,48.0,236.0,1.0,600.0,45.0,15.0,35.0,69
PRO_4336,moveis_decoracao,47.0,660.0,1.0,900.0,21.0,20.0,18.0,39
PRO_4337,moveis_decoracao,56.0,296.0,3.0,900.0,100.0,7.0,12.0,39
PRO_4338,esporte_lazer,41.0,1188.0,1.0,2950.0,36.0,38.0,36.0,65
PRO_4339,esporte_lazer,59.0,3445.0,1.0,400.0,18.0,18.0,18.0,65
PRO_4340,beleza_saude,56.0,574.0,1.0,400.0,25.0,5.0,16.0,43
PRO_4341,cama_mesa_banho,47.0,258.0,1.0,613.0,37.0,20.0,38.0,7
PRO_4342,brinquedos,48.0,236.0,1.0,450.0,45.0,15.0,35.0,69
PRO_4343,moveis_escritorio,26.0,1177.0,1.0,11880.0,50.0,60.0,27.0,57
PRO_4344,telefonia,59.0,725.0,2.0,167.0,18.0,4.0,11.0,68
PRO_4345,moveis_decoracao,54.0,785.0,6.0,1300.0,60.0,12.0,12.0,39
PRO_4346,bebes,23.0,591.0,2.0,400.0,24.0,16.0,25.0,6
PRO_4347,cool_stuff,43.0,855.0,4.0,10700.0,104.0,23.0,27.0,20
PRO_4348,pet_shop,58.0,809.0,5.0,1500.0,60.0,16.0,26.0,60
PRO_4349,esporte_lazer,31.0,798.0,2.0,200.0,16.0,6.0,20.0,65
PRO_4350,esporte_lazer,40.0,604.0,1.0,129.0,22.0,4.0,20.0,65
PRO_4351,eletroportateis,55.0,1226.0,1.0,500.0,29.0,10.0,16.0,63
PRO_4352,utilidades_domesticas,45.0,1734.0,4.0,3900.0,52.0,5.0,32.0,49
PRO_4353,cama_mesa_banho,58.0,362.0,1.0,200.0,26.0,6.0,19.0,7
PRO_4354,utilidades_domesticas,50.0,476.0,1.0,500.0,24.0,8.0,15.0,49
PRO_4355,pet_shop,63.0,1451.0,2.0,1250.0,35.0,20.0,45.0,60
PRO_4356,telefonia,57.0,166.0,2.0,150.0,20.0,5.0,12.0,68
PRO_4357,esporte_lazer,54.0,728.0,4.0,1150.0,46.0,10.0,15.0,65
PRO_4358,cama_mesa_banho,47.0,537.0,1.0,6300.0,58.0,20.0,46.0,7
PRO_4359,consoles_games,56.0,586.0,2.0,300.0,25.0,11.0,18.0,16
PRO_4360,beleza_saude,48.0,923.0,1.0,2175.0,19.0,28.0,24.0,43
PRO_4361,relogios_presentes,33.0,676.0,3.0,500.0,23.0,15.0,19.0,71
PRO_4362,construcao_ferramentas_ferramentas,55.0,856.0,1.0,250.0,16.0,12.0,14.0,22
PRO_4363,esporte_lazer,42.0,1391.0,1.0,240.0,17.0,11.0,14.0,65
PRO_4364,cama_mesa_banho,48.0,729.0,1.0,2400.0,20.0,30.0,30.0,7
PRO_4365,casa_construcao,30.0,1272.0,1.0,1175.0,30.0,15.0,18.0,48
PRO_4366,eletroportateis,58.0,823.0,1.0,450.0,30.0,20.0,16.0,63
PRO_4367,esporte_lazer,40.0,228.0,2.0,3650.0,60.0,15.0,15.0,65
PRO_4368,bebes,41.0,347.0,1.0,700.0,30.0,16.0,16.0,6
PRO_4369,construcao_ferramentas_construcao,63.0,187.0,1.0,5400.0,40.0,26.0,25.0,17
PRO_4370,moveis_decoracao,63.0,190.0,2.0,2100.0,50.0,7.0,50.0,39
PRO_4371,brinquedos,35.0,400.0,3.0,750.0,34.0,23.0,30.0,69
PRO_4372,informatica_acessorios,58.0,1745.0,2.0,6550.0,30.0,30.0,20.0,15
PRO_4373,eletrodomesticos,47.0,238.0,1.0,425.0,44.0,14.0,34.0,44
PRO_4374,fashion_calcados,46.0,647.0,2.0,1200.0,20.0,9.0,21.0,31
PRO_4375,moveis_decoracao,53.0,502.0,1.0,650.0,25.0,25.0,25.0,39
PRO_4376,automotivo,59.0,983.0,5.0,600.0,20.0,20.0,20.0,5
PRO_4377,utilidades_domesticas,60.0,830.0,1.0,3700.0,40.0,20.0,20.0,49
PRO_4378,utilidades_domesticas,27.0,868.0,3.0,500.0,17.0,9.0,17.0,49
PRO_4379,utilidades_domesticas,56.0,1245.0,5.0,350.0,22.0,8.0,19.0,49
PRO_4380,ferramentas_jardim,50.0,458.0,2.0,800.0,24.0,13.0,18.0,42
PRO_4381,esporte_lazer,59.0,254.0,1.0,1650.0,40.0,45.0,25.0,65
PRO_4382,eletronicos,53.0,1011.0,3.0,5200.0,20.0,15.0,13.0,26
PRO_4383,perfumaria,40.0,587.0,1.0,450.0,20.0,14.0,13.0,59
PRO_4384,moveis_decoracao,63.0,233.0,11.0,3000.0,41.0,17.0,32.0,39
PRO_4385,moveis_decoracao,34.0,677.0,1.0,1200.0,17.0,32.0,17.0,39
PRO_4386,construcao_ferramentas_construcao,59.0,1748.0,4.0,2200.0,60.0,30.0,15.0,17
PRO_4387,utilidades_domesticas,53.0,2014.0,5.0,117.0,21.0,9.0,11.0,49
PRO_4388,moveis_decoracao,51.0,358.0,1.0,2900.0,35.0,7.0,35.0,39
PRO_4389,cama_mesa_banho,47.0,641.0,3.0,2150.0,50.0,10.0,40.0,7
PRO_4390,informatica_acessorios,51.0,156.0,1.0,100.0,16.0,6.0,14.0,15
PRO_4391,beleza_saude,28.0,936.0,1.0,300.0,16.0,17.0,11.0,43
PRO_4392,automotivo,56.0,960.0,3.0,1400.0,30.0,30.0,30.0,5
PRO_4393,brinquedos,42.0,571.0,4.0,4735.0,39.0,43.0,36.0,69
PRO_4394,beleza_saude,60.0,919.0,1.0,150.0,22.0,3.0,15.0,43
PRO_4395,cama_mesa_banho,55.0,610.0,3.0,17450.0,50.0,50.0,65.0,7
PRO_4396,beleza_saude,37.0,819.0,1.0,1078.0,20.0,17.0,19.0,43
PRO_4397,livros_tecnicos,55.0,792.0,1.0,2000.0,30.0,3.0,21.0,10
PRO_4398,moveis_decoracao,54.0,284.0,2.0,14500.0,35.0,30.0,35.0,39
PRO_4399,beleza_saude,38.0,493.0,1.0,5550.0,50.0,11.0,60.0,43
PRO_4400,telefonia,50.0,286.0,7.0,200.0,16.0,3.0,11.0,68
PRO_4401,esporte_lazer,50.0,437.0,1.0,2200.0,60.0,18.0,18.0,65
PRO_4402,cama_mesa_banho,52.0,572.0,1.0,6700.0,30.0,20.0,20.0,7
PRO_4403,moveis_decoracao,47.0,450.0,4.0,800.0,20.0,15.0,20.0,39
PRO_4404,cama_mesa_banho,51.0,453.0,1.0,21000.0,40.0,20.0,36.0,7
PRO_4405,telefonia,59.0,734.0,3.0,350.0,17.0,4.0,12.0,68
PRO_4406,beleza_saude,56.0,739.0,4.0,1600.0,18.0,34.0,27.0,43
PRO_4407,automotivo,58.0,904.0,1.0,2750.0,35.0,20.0,20.0,5
PRO_4408,telefonia,21.0,1213.0,2.0,300.0,17.0,9.0,12.0,68
PRO_4409,esporte_lazer,45.0,1541.0,1.0,700.0,33.0,20.0,20.0,65
PRO_4410,construcao_ferramentas_construcao,59.0,492.0,2.0,6350.0,28.0,32.0,24.0,17
PRO_4411,esporte_lazer,52.0,926.0,1.0,250.0,20.0,20.0,20.0,65
PRO_4412,bebes,50.0,1206.0,3.0,1350.0,42.0,25.0,15.0,6
PRO_4413,brinquedos,59.0,377.0,5.0,350.0,28.0,20.0,24.0,69
PRO_4414,telefonia,32.0,1130.0,5.0,100.0,20.0,20.0,25.0,68
PRO_4415,moveis_decoracao,59.0,693.0,1.0,700.0,39.0,5.0,20.0,39
PRO_4416,automotivo,49.0,410.0,1.0,400.0,16.0,2.0,11.0,5
PRO_4417,malas_acessorios,58.0,529.0,10.0,3350.0,29.0,28.0,24.0,53
PRO_4418,cool_stuff,29.0,338.0,2.0,350.0,18.0,16.0,16.0,20
PRO_4419,utilidades_domesticas,55.0,1208.0,1.0,3300.0,40.0,30.0,30.0,49
PRO_4420,eletronicos,60.0,487.0,1.0,833.0,30.0,21.0,21.0,26
PRO_4421,moveis_quarto,56.0,240.0,1.0,14000.0,60.0,5.0,90.0,38
PRO_4422,unknown,51.0,595.0,1.0,200.0,25.0,2.0,18.0,70
PRO_4423,casa_construcao,60.0,935.0,1.0,9050.0,56.0,26.0,28.0,48
PRO_4424,esporte_lazer,47.0,527.0,1.0,400.0,16.0,17.0,11.0,65
PRO_4425,ferramentas_jardim,57.0,305.0,4.0,850.0,16.0,7.0,30.0,42
PRO_4426,cool_stuff,57.0,1407.0,4.0,188.0,16.0,9.0,14.0,20
PRO_4427,moveis_decoracao,58.0,635.0,1.0,7350.0,30.0,35.0,30.0,39
PRO_4428,esporte_lazer,43.0,248.0,2.0,850.0,60.0,15.0,15.0,65
PRO_4429,eletronicos,44.0,376.0,1.0,200.0,25.0,7.0,16.0,26
PRO_4430,malas_acessorios,38.0,789.0,3.0,600.0,50.0,5.0,40.0,53
PRO_4431,dvds_blu_ray,37.0,1657.0,3.0,800.0,35.0,4.0,25.0,25
PRO_4432,bebes,52.0,786.0,2.0,3800.0,44.0,23.0,43.0,6
PRO_4433,moveis_decoracao,62.0,472.0,1.0,500.0,46.0,10.0,60.0,39
PRO_4434,esporte_lazer,25.0,209.0,1.0,900.0,51.0,17.0,20.0,65
PRO_4435,moveis_decoracao,63.0,706.0,3.0,2750.0,35.0,10.0,35.0,39
PRO_4436,brinquedos,56.0,551.0,1.0,1200.0,30.0,14.0,22.0,69
PRO_4437,pet_shop,35.0,1008.0,2.0,665.0,9.0,9.0,8.0,60
PRO_4438,telefonia,60.0,776.0,6.0,300.0,17.0,4.0,12.0,68
PRO_4439,perfumaria,47.0,125.0,1.0,543.0,21.0,23.0,21.0,59
PRO_4440,ferramentas_jardim,58.0,218.0,1.0,2700.0,80.0,12.0,60.0,42
PRO_4441,esporte_lazer,35.0,421.0,2.0,150.0,45.0,10.0,11.0,65
PRO_4442,papelaria,52.0,1235.0,2.0,800.0,20.0,50.0,40.0,66
PRO_4443,cama_mesa_banho,60.0,124.0,2.0,900.0,95.0,8.0,50.0,7
PRO_4444,beleza_saude,28.0,792.0,1.0,440.0,20.0,11.0,17.0,43
PRO_4445,moveis_sala,57.0,1054.0,2.0,925.0,22.0,10.0,17.0,40
PRO_4446,beleza_saude,48.0,474.0,4.0,425.0,20.0,11.0,14.0,43
PRO_4447,eletrodomesticos,60.0,637.0,1.0,250.0,27.0,13.0,17.0,44
PRO_4448,malas_acessorios,45.0,905.0,6.0,425.0,40.0,7.0,34.0,53
PRO_4449,fashion_bolsas_e_acessorios,22.0,328.0,3.0,100.0,16.0,13.0,11.0,28
PRO_4450,ferramentas_jardim,62.0,2167.0,3.0,700.0,16.0,17.0,16.0,42
PRO_4451,automotivo,39.0,871.0,4.0,850.0,28.0,16.0,21.0,5
PRO_4452,cama_mesa_banho,64.0,702.0,1.0,2700.0,42.0,16.0,36.0,7
PRO_4453,unknown,51.0,595.0,1.0,1000.0,48.0,8.0,39.0,70
PRO_4454,moveis_decoracao,60.0,473.0,1.0,900.0,30.0,4.0,20.0,39
PRO_4455,telefonia,46.0,1267.0,4.0,350.0,20.0,15.0,20.0,68
PRO_4456,automotivo,59.0,449.0,3.0,150.0,24.0,2.0,17.0,5
PRO_4457,artigos_de_festas,55.0,336.0,1.0,4550.0,33.0,18.0,33.0,58
PRO_4458,portateis_casa_forno_e_cafe,51.0,81.0,1.0,50.0,18.0,8.0,13.0,64
PRO_4459,cama_mesa_banho,42.0,253.0,1.0,6000.0,40.0,4.0,30.0,7
PRO_4460,cama_mesa_banho,23.0,415.0,1.0,200.0,20.0,12.0,20.0,7
PRO_4461,telefonia,57.0,524.0,1.0,150.0,18.0,3.0,12.0,68
PRO_4462,brinquedos,29.0,657.0,3.0,300.0,19.0,15.0,17.0,69
PRO_4463,automotivo,59.0,307.0,2.0,150.0,20.0,6.0,14.0,5
PRO_4464,construcao_ferramentas_construcao,49.0,141.0,6.0,9900.0,54.0,20.0,40.0,17
PRO_4465,eletronicos,57.0,410.0,2.0,100.0,18.0,20.0,16.0,26
PRO_4466,fashion_bolsas_e_acessorios,31.0,145.0,4.0,700.0,17.0,4.0,13.0,28
PRO_4467,esporte_lazer,55.0,2660.0,9.0,5750.0,30.0,20.0,30.0,65
PRO_4468,eletroportateis,55.0,1654.0,4.0,14600.0,35.0,30.0,34.0,63
PRO_4469,beleza_saude,58.0,1672.0,1.0,350.0,28.0,24.0,11.0,43
PRO_4470,audio,31.0,251.0,2.0,343.0,19.0,11.0,13.0,4
PRO_4471,climatizacao,46.0,1215.0,1.0,350.0,18.0,5.0,14.0,1
PRO_4472,informatica_acessorios,43.0,1527.0,1.0,700.0,24.0,8.0,16.0,15
PRO_4473,climatizacao,57.0,2638.0,6.0,23300.0,36.0,30.0,45.0,1
PRO_4474,cama_mesa_banho,50.0,111.0,1.0,2200.0,30.0,20.0,25.0,7
PRO_4475,eletrodomesticos_2,45.0,151.0,1.0,14813.0,50.0,43.0,26.0,45
PRO_4476,beleza_saude,56.0,1539.0,3.0,600.0,18.0,30.0,30.0,43
PRO_4477,malas_acessorios,43.0,280.0,5.0,250.0,20.0,11.0,20.0,53
PRO_4478,cama_mesa_banho,54.0,701.0,1.0,1000.0,50.0,12.0,12.0,7
PRO_4479,esporte_lazer,60.0,648.0,3.0,300.0,44.0,22.0,42.0,65
PRO_4480,relogios_presentes,51.0,505.0,1.0,400.0,16.0,11.0,11.0,71
PRO_4481,construcao_ferramentas_construcao,60.0,560.0,3.0,3000.0,25.0,20.0,25.0,17
PRO_4482,esporte_lazer,51.0,477.0,5.0,850.0,102.0,6.0,11.0,65
PRO_4483,pet_shop,63.0,688.0,2.0,200.0,20.0,10.0,20.0,60
PRO_4484,alimentos,33.0,703.0,1.0,400.0,18.0,15.0,13.0,36
PRO_4485,fashion_bolsas_e_acessorios,29.0,377.0,2.0,200.0,16.0,9.0,11.0,28
PRO_4486,utilidades_domesticas,59.0,933.0,5.0,1700.0,31.0,27.0,31.0,49
PRO_4487,instrumentos_musicais,48.0,1359.0,1.0,11083.0,83.0,41.0,33.0,56
PRO_4488,moveis_decoracao,32.0,423.0,1.0,9900.0,37.0,32.0,50.0,39
PRO_4489,moveis_decoracao,59.0,166.0,1.0,7300.0,30.0,36.0,30.0,39
PRO_4490,fashion_bolsas_e_acessorios,38.0,463.0,4.0,150.0,16.0,5.0,11.0,28
PRO_4491,perfumaria,35.0,1311.0,1.0,250.0,16.0,2.0,20.0,59
PRO_4492,utilidades_domesticas,28.0,465.0,2.0,200.0,30.0,20.0,20.0,49
PRO_4493,instrumentos_musicais,59.0,557.0,1.0,650.0,20.0,20.0,20.0,56
PRO_4494,moveis_escritorio,38.0,506.0,2.0,20050.0,101.0,10.0,62.0,57
PRO_4495,telefonia_fixa,59.0,1949.0,3.0,1900.0,21.0,21.0,21.0,34
PRO_4496,informatica_acessorios,55.0,844.0,1.0,200.0,28.0,2.0,40.0,15
PRO_4497,informatica_acessorios,36.0,665.0,1.0,800.0,16.0,11.0,37.0,15
PRO_4498,papelaria,39.0,256.0,3.0,100.0,16.0,6.0,11.0,66
PRO_4499,utilidades_domesticas,59.0,304.0,1.0,150.0,20.0,2.0,20.0,49
PRO_4500,perfumaria,42.0,121.0,1.0,283.0,21.0,12.0,19.0,59
PRO_4501,informatica_acessorios,40.0,1076.0,1.0,950.0,36.0,15.0,16.0,15
PRO_4502,casa_construcao,24.0,1113.0,1.0,383.0,17.0,14.0,16.0,48
PRO_4503,relogios_presentes,47.0,364.0,2.0,300.0,40.0,10.0,25.0,71
PRO_4504,eletrodomesticos_2,55.0,943.0,1.0,20050.0,44.0,45.0,62.0,45
PRO_4505,automotivo,51.0,282.0,1.0,750.0,16.0,24.0,24.0,5
PRO_4506,esporte_lazer,60.0,418.0,1.0,24700.0,16.0,20.0,20.0,65
PRO_4507,cama_mesa_banho,52.0,636.0,1.0,300.0,16.0,10.0,16.0,7
PRO_4508,informatica_acessorios,38.0,294.0,2.0,140.0,20.0,6.0,14.0,15
PRO_4509,beleza_saude,50.0,1233.0,1.0,225.0,18.0,11.0,14.0,43
PRO_4510,papelaria,39.0,217.0,1.0,550.0,46.0,10.0,32.0,66
PRO_4511,utilidades_domesticas,57.0,137.0,1.0,17050.0,20.0,50.0,28.0,49
PRO_4512,cama_mesa_banho,56.0,999.0,1.0,400.0,19.0,13.0,15.0,7
PRO_4513,bebes,42.0,1211.0,2.0,950.0,42.0,25.0,15.0,6
PRO_4514,eletronicos,32.0,302.0,1.0,100.0,19.0,15.0,17.0,26
PRO_4515,esporte_lazer,60.0,403.0,3.0,700.0,30.0,20.0,20.0,65
PRO_4516,moveis_decoracao,37.0,315.0,1.0,7300.0,30.0,20.0,70.0,39
PRO_4517,telefonia,58.0,399.0,1.0,150.0,19.0,4.0,11.0,68
PRO_4518,moveis_decoracao,56.0,352.0,1.0,2000.0,35.0,43.0,35.0,39
PRO_4519,construcao_ferramentas_construcao,58.0,1178.0,2.0,418.0,19.0,6.0,13.0,17
PRO_4520,esporte_lazer,56.0,293.0,2.0,2650.0,60.0,15.0,15.0,65
PRO_4521,fashion_bolsas_e_acessorios,45.0,1220.0,6.0,200.0,40.0,32.0,11.0,28
PRO_4522,eletronicos,34.0,372.0,1.0,150.0,25.0,7.0,16.0,26
PRO_4523,papelaria,46.0,484.0,3.0,1000.0,16.0,4.0,11.0,66
PRO_4524,cama_mesa_banho,54.0,310.0,1.0,950.0,16.0,10.0,16.0,7
PRO_4525,cama_mesa_banho,48.0,324.0,1.0,2050.0,39.0,11.0,35.0,7
PRO_4526,market_place,26.0,1528.0,1.0,1300.0,33.0,6.0,22.0,54
PRO_4527,informatica_acessorios,41.0,317.0,1.0,200.0,18.0,9.0,16.0,15
PRO_4528,utilidades_domesticas,54.0,572.0,1.0,500.0,25.0,21.0,21.0,49
PRO_4529,informatica_acessorios,55.0,328.0,1.0,400.0,28.0,10.0,23.0,15
PRO_4530,relogios_presentes,60.0,267.0,2.0,200.0,16.0,2.0,11.0,71
PRO_4531,utilidades_domesticas,51.0,150.0,1.0,425.0,23.0,15.0,18.0,49
PRO_4532,informatica_acessorios,59.0,765.0,3.0,300.0,16.0,10.0,11.0,15
PRO_4533,esporte_lazer,59.0,1081.0,4.0,700.0,16.0,10.0,11.0,65
PRO_4534,beleza_saude,62.0,3621.0,1.0,800.0,20.0,15.0,15.0,43
PRO_4535,eletronicos,49.0,415.0,3.0,389.0,20.0,14.0,20.0,26
PRO_4536,brinquedos,44.0,327.0,1.0,11850.0,50.0,35.0,40.0,69
PRO_4537,utilidades_domesticas,41.0,2427.0,1.0,2800.0,45.0,35.0,35.0,49
PRO_4538,esporte_lazer,42.0,1404.0,1.0,3313.0,29.0,32.0,25.0,65
PRO_4539,utilidades_domesticas,28.0,416.0,1.0,300.0,22.0,6.0,11.0,49
PRO_4540,utilidades_domesticas,58.0,71.0,3.0,500.0,20.0,35.0,22.0,49
PRO_4541,perfumaria,53.0,2235.0,3.0,1450.0,20.0,25.0,20.0,59
PRO_4542,esporte_lazer,31.0,509.0,3.0,300.0,16.0,6.0,20.0,65
PRO_4543,construcao_ferramentas_jardim,33.0,164.0,1.0,800.0,16.0,16.0,12.0,21
PRO_4544,relogios_presentes,60.0,556.0,1.0,200.0,20.0,7.0,15.0,71
PRO_4545,construcao_ferramentas_construcao,60.0,3407.0,2.0,2300.0,16.0,11.0,11.0,17
PRO_4546,pet_shop,48.0,1594.0,1.0,15550.0,47.0,32.0,62.0,60
PRO_4547,informatica_acessorios,46.0,741.0,1.0,150.0,17.0,9.0,13.0,15
PRO_4548,livros_interesse_geral,49.0,1147.0,1.0,350.0,30.0,4.0,17.0,8
PRO_4549,instrumentos_musicais,48.0,283.0,1.0,350.0,27.0,6.0,20.0,56
PRO_4550,moveis_sala,33.0,261.0,1.0,12075.0,56.0,17.0,56.0,40
PRO_4551,flores,48.0,130.0,1.0,450.0,30.0,15.0,20.0,35
PRO_4552,fashion_bolsas_e_acessorios,52.0,437.0,6.0,200.0,16.0,9.0,11.0,28
PRO_4553,cool_stuff,56.0,316.0,1.0,2000.0,33.0,44.0,19.0,20
PRO_4554,relogios_presentes,60.0,925.0,2.0,400.0,16.0,11.0,11.0,71
PRO_4555,utilidades_domesticas,63.0,771.0,11.0,3000.0,47.0,25.0,32.0,49
PRO_4556,telefonia,56.0,867.0,3.0,350.0,20.0,16.0,20.0,68
PRO_4557,esporte_lazer,42.0,600.0,1.0,400.0,16.0,6.0,11.0,65
PRO_4558,beleza_saude,41.0,948.0,1.0,250.0,21.0,17.0,17.0,43
PRO_4559,relogios_presentes,49.0,270.0,1.0,450.0,23.0,8.0,16.0,71
PRO_4560,bebes,49.0,375.0,6.0,200.0,29.0,7.0,16.0,6
PRO_4561,utilidades_domesticas,59.0,932.0,1.0,1350.0,16.0,30.0,12.0,49
PRO_4562,pet_shop,53.0,295.0,3.0,1100.0,20.0,25.0,20.0,60
PRO_4563,telefonia,60.0,982.0,4.0,450.0,19.0,12.0,14.0,68
PRO_4564,moveis_decoracao,49.0,290.0,1.0,15300.0,98.0,10.0,60.0,39
PRO_4565,esporte_lazer,60.0,331.0,1.0,8500.0,100.0,6.0,50.0,65
PRO_4566,esporte_lazer,44.0,414.0,2.0,400.0,20.0,20.0,15.0,65
PRO_4567,relogios_presentes,55.0,328.0,1.0,900.0,23.0,15.0,19.0,71
PRO_4568,informatica_acessorios,41.0,724.0,1.0,1925.0,33.0,40.0,18.0,15
PRO_4569,eletronicos,57.0,687.0,2.0,200.0,16.0,10.0,16.0,26
PRO_4570,moveis_decoracao,59.0,1873.0,2.0,1600.0,60.0,14.0,14.0,39
PRO_4571,telefonia,56.0,56.0,1.0,325.0,20.0,15.0,14.0,68
PRO_4572,cool_stuff,58.0,989.0,1.0,2500.0,42.0,25.0,15.0,20
PRO_4573,beleza_saude,53.0,986.0,1.0,2000.0,30.0,12.0,16.0,43
PRO_4574,fashion_underwear_e_moda_praia,52.0,624.0,1.0,200.0,42.0,4.0,14.0,33
PRO_4575,perfumaria,49.0,674.0,2.0,525.0,18.0,17.0,16.0,59
PRO_4576,moveis_decoracao,55.0,207.0,11.0,1200.0,30.0,10.0,25.0,39
PRO_4577,utilidades_domesticas,56.0,274.0,1.0,700.0,22.0,6.0,11.0,49
PRO_4578,esporte_lazer,31.0,831.0,1.0,1238.0,26.0,18.0,19.0,65
PRO_4579,eletronicos,54.0,2402.0,5.0,2200.0,33.0,10.0,18.0,26
PRO_4580,unknown,51.0,595.0,1.0,2300.0,29.0,13.0,25.0,70
PRO_4581,informatica_acessorios,58.0,1923.0,4.0,850.0,25.0,11.0,15.0,15
PRO_4582,bebes,63.0,554.0,1.0,2300.0,27.0,14.0,27.0,6
PRO_4583,automotivo,53.0,603.0,1.0,5950.0,65.0,11.0,65.0,5
PRO_4584,cama_mesa_banho,56.0,684.0,1.0,1225.0,19.0,17.0,22.0,7
PRO_4585,brinquedos,39.0,591.0,2.0,2300.0,57.0,9.0,46.0,69
PRO_4586,beleza_saude,42.0,910.0,1.0,650.0,50.0,10.0,15.0,43
PRO_4587,cool_stuff,42.0,1496.0,3.0,1700.0,28.0,36.0,27.0,20
PRO_4588,automotivo,54.0,339.0,1.0,350.0,25.0,10.0,15.0,5
PRO_4589,moveis_sala,53.0,566.0,3.0,2350.0,62.0,16.0,14.0,40
PRO_4590,moveis_decoracao,58.0,568.0,1.0,21000.0,58.0,40.0,50.0,39
PRO_4591,utilidades_domesticas,60.0,1519.0,7.0,300.0,25.0,10.0,16.0,49
PRO_4592,brinquedos,34.0,649.0,3.0,2600.0,33.0,12.0,26.0,69
PRO_4593,moveis_decoracao,40.0,551.0,2.0,1900.0,19.0,7.0,16.0,39
PRO_4594,telefonia,53.0,845.0,2.0,200.0,27.0,5.0,20.0,68
PRO_4595,esporte_lazer,49.0,1263.0,2.0,30000.0,105.0,65.0,25.0,65
PRO_4596,eletronicos,57.0,2672.0,5.0,3300.0,55.0,7.0,20.0,26
PRO_4597,moveis_decoracao,43.0,508.0,1.0,700.0,20.0,15.0,20.0,39
PRO_4598,utilidades_domesticas,50.0,612.0,1.0,300.0,25.0,2.0,17.0,49
PRO_4599,ferramentas_jardim,57.0,366.0,2.0,1650.0,30.0,22.0,30.0,42
PRO_4600,pet_shop,38.0,88.0,2.0,400.0,16.0,16.0,16.0,60
PRO_4601,papelaria,40.0,904.0,1.0,1000.0,20.0,20.0,20.0,66
PRO_4602,beleza_saude,53.0,246.0,1.0,675.0,27.0,14.0,16.0,43
PRO_4603,papelaria,57.0,83.0,2.0,600.0,20.0,30.0,20.0,66
PRO_4604,construcao_ferramentas_construcao,60.0,1154.0,1.0,450.0,16.0,10.0,11.0,17
PRO_4605,telefonia,58.0,366.0,3.0,125.0,19.0,4.0,11.0,68
PRO_4606,fashion_calcados,57.0,404.0,4.0,1400.0,22.0,12.0,33.0,31
PRO_4607,esporte_lazer,49.0,792.0,3.0,3675.0,38.0,29.0,28.0,65
PRO_4608,cama_mesa_banho,59.0,301.0,1.0,3500.0,40.0,12.0,40.0,7
PRO_4609,moveis_decoracao,22.0,463.0,1.0,2000.0,22.0,22.0,22.0,39
PRO_4610,cama_mesa_banho,45.0,729.0,1.0,4850.0,20.0,30.0,30.0,7
PRO_4611,moveis_decoracao,51.0,1988.0,3.0,2250.0,65.0,8.0,45.0,39
PRO_4612,informatica_acessorios,45.0,3729.0,1.0,933.0,29.0,20.0,23.0,15
PRO_4613,climatizacao,41.0,810.0,3.0,5350.0,18.0,58.0,34.0,1
PRO_4614,esporte_lazer,47.0,527.0,1.0,300.0,16.0,17.0,11.0,65
PRO_4615,unknown,51.0,595.0,1.0,850.0,30.0,20.0,20.0,70
PRO_4616,moveis_decoracao,38.0,1898.0,1.0,1600.0,56.0,11.0,11.0,39
PRO_4617,cama_mesa_banho,57.0,119.0,1.0,2350.0,36.0,16.0,36.0,7
PRO_4618,cama_mesa_banho,54.0,584.0,1.0,1200.0,33.0,8.0,23.0,7
PRO_4619,construcao_ferramentas_construcao,58.0,2416.0,2.0,4400.0,17.0,11.0,14.0,17
PRO_4620,construcao_ferramentas_construcao,43.0,338.0,1.0,250.0,19.0,5.0,13.0,17
PRO_4621,moveis_decoracao,64.0,69.0,11.0,1000.0,42.0,11.0,35.0,39
PRO_4622,utilidades_domesticas,33.0,631.0,1.0,150.0,24.0,24.0,11.0,49
PRO_4623,beleza_saude,55.0,1200.0,1.0,350.0,37.0,10.0,17.0,43
PRO_4624,pet_shop,48.0,1736.0,1.0,2200.0,18.0,20.0,22.0,60
PRO_4625,cool_stuff,56.0,736.0,4.0,975.0,20.0,14.0,16.0,20
PRO_4626,bebes,47.0,672.0,1.0,350.0,25.0,8.0,19.0,6
PRO_4627,casa_construcao,57.0,921.0,8.0,800.0,17.0,27.0,17.0,48
PRO_4628,papelaria,43.0,665.0,1.0,600.0,22.0,48.0,38.0,66
PRO_4629,eletrodomesticos,54.0,354.0,1.0,100.0,18.0,8.0,13.0,44
PRO_4630,esporte_lazer,58.0,861.0,1.0,100.0,16.0,10.0,11.0,65
PRO_4631,esporte_lazer,42.0,317.0,2.0,1907.0,47.0,24.0,35.0,65
PRO_4632,automotivo,54.0,390.0,1.0,1600.0,33.0,27.0,26.0,5
PRO_4633,beleza_saude,43.0,875.0,1.0,555.0,30.0,12.0,16.0,43
PRO_4634,moveis_escritorio,58.0,1294.0,1.0,7125.0,52.0,52.0,17.0,57
PRO_4635,fashion_bolsas_e_acessorios,60.0,270.0,2.0,250.0,16.0,2.0,11.0,28
PRO_4636,esporte_lazer,58.0,3686.0,1.0,7300.0,30.0,26.0,26.0,65
PRO_4637,consoles_games,45.0,130.0,1.0,100.0,20.0,3.0,15.0,16
PRO_4638,eletronicos,60.0,488.0,1.0,150.0,16.0,8.0,11.0,26
PRO_4639,papelaria,36.0,198.0,3.0,225.0,20.0,6.0,13.0,66
PRO_4640,bebes,47.0,1058.0,2.0,2797.0,35.0,35.0,16.0,6
PRO_4641,papelaria,55.0,228.0,1.0,350.0,30.0,15.0,15.0,66
PRO_4642,perfumaria,52.0,425.0,3.0,400.0,23.0,8.0,15.0,59
PRO_4643,moveis_decoracao,59.0,473.0,1.0,700.0,30.0,3.0,20.0,39
PRO_4644,bebes,37.0,208.0,1.0,470.0,29.0,10.0,25.0,6
PRO_4645,cama_mesa_banho,51.0,208.0,1.0,500.0,16.0,10.0,16.0,7
PRO_4646,beleza_saude,26.0,419.0,1.0,521.0,22.0,19.0,27.0,43
PRO_4647,cama_mesa_banho,57.0,125.0,2.0,2400.0,70.0,10.0,60.0,7
PRO_4648,informatica_acessorios,47.0,203.0,1.0,150.0,16.0,2.0,11.0,15
PRO_4649,fashion_bolsas_e_acessorios,54.0,759.0,1.0,200.0,16.0,2.0,20.0,28
PRO_4650,bebidas,46.0,805.0,1.0,150.0,20.0,16.0,16.0,24
PRO_4651,moveis_decoracao,50.0,534.0,1.0,650.0,65.0,2.0,13.0,39
PRO_4652,brinquedos,50.0,563.0,6.0,8750.0,30.0,69.0,25.0,69
PRO_4653,beleza_saude,59.0,501.0,1.0,550.0,17.0,14.0,15.0,43
PRO_4654,cama_mesa_banho,26.0,706.0,1.0,200.0,20.0,12.0,20.0,7
PRO_4655,esporte_lazer,51.0,361.0,4.0,975.0,17.0,11.0,14.0,65
PRO_4656,industria_comercio_e_negocios,57.0,148.0,1.0,30000.0,80.0,50.0,50.0,50
PRO_4657,esporte_lazer,33.0,584.0,2.0,1550.0,20.0,10.0,20.0,65
PRO_4658,moveis_decoracao,39.0,510.0,2.0,1350.0,80.0,20.0,20.0,39
PRO_4659,esporte_lazer,25.0,469.0,1.0,225.0,18.0,15.0,16.0,65
PRO_4660,esporte_lazer,36.0,348.0,1.0,887.0,16.0,15.0,13.0,65
PRO_4661,informatica_acessorios,35.0,1101.0,1.0,250.0,42.0,2.0,30.0,15
PRO_4662,instrumentos_musicais,55.0,913.0,3.0,700.0,20.0,12.0,14.0,56
PRO_4663,unknown,51.0,595.0,1.0,400.0,35.0,16.0,35.0,70
PRO_4664,pet_shop,47.0,1518.0,3.0,400.0,20.0,20.0,20.0,60
PRO_4665,relogios_presentes,58.0,1233.0,4.0,450.0,16.0,2.0,20.0,71
PRO_4666,eletronicos,34.0,214.0,1.0,275.0,24.0,9.0,17.0,26
PRO_4667,beleza_saude,44.0,768.0,1.0,1200.0,30.0,12.0,16.0,43
PRO_4668,fashion_bolsas_e_acessorios,51.0,220.0,2.0,150.0,24.0,4.0,34.0,28
PRO_4669,esporte_lazer,29.0,418.0,1.0,1871.0,35.0,32.0,30.0,65
PRO_4670,moveis_decoracao,19.0,191.0,1.0,400.0,30.0,5.0,30.0,39
PRO_4671,malas_acessorios,18.0,758.0,7.0,14800.0,45.0,60.0,22.0,53
PRO_4672,cama_mesa_banho,60.0,624.0,2.0,400.0,57.0,4.0,28.0,7
PRO_4673,cama_mesa_banho,53.0,413.0,1.0,2250.0,42.0,16.0,36.0,7
PRO_4674,cool_stuff,50.0,640.0,1.0,1200.0,42.0,25.0,15.0,20
PRO_4675,cama_mesa_banho,39.0,114.0,1.0,250.0,40.0,4.0,30.0,7
PRO_4676,construcao_ferramentas_ferramentas,58.0,470.0,2.0,600.0,16.0,18.0,12.0,22
PRO_4677,fashion_bolsas_e_acessorios,48.0,357.0,5.0,150.0,16.0,9.0,11.0,28
PRO_4678,moveis_escritorio,19.0,930.0,1.0,12775.0,37.0,65.0,36.0,57
PRO_4679,cama_mesa_banho,53.0,82.0,1.0,450.0,40.0,5.0,25.0,7
PRO_4680,audio,55.0,1443.0,1.0,400.0,20.0,8.0,16.0,4
PRO_4681,cama_mesa_banho,46.0,386.0,1.0,500.0,30.0,10.0,30.0,7
PRO_4682,moveis_decoracao,39.0,189.0,1.0,500.0,33.0,4.0,24.0,39
PRO_4683,informatica_acessorios,57.0,327.0,5.0,1200.0,30.0,2.0,15.0,15
PRO_4684,papelaria,52.0,90.0,3.0,2050.0,20.0,30.0,20.0,66
PRO_4685,automotivo,55.0,2082.0,3.0,3400.0,45.0,25.0,45.0,5
PRO_4686,informatica_acessorios,55.0,1119.0,4.0,200.0,25.0,8.0,20.0,15
PRO_4687,moveis_sala,54.0,1054.0,2.0,2000.0,21.0,8.0,17.0,40
PRO_4688,cama_mesa_banho,60.0,226.0,1.0,1600.0,49.0,7.0,40.0,7
PRO_4689,beleza_saude,60.0,919.0,1.0,150.0,22.0,3.0,15.0,43
PRO_4690,utilidades_domesticas,31.0,711.0,1.0,100.0,30.0,11.0,20.0,49
PRO_4691,utilidades_domesticas,44.0,767.0,1.0,956.0,29.0,27.0,20.0,49
PRO_4692,cama_mesa_banho,40.0,729.0,1.0,3100.0,20.0,30.0,30.0,7
PRO_4693,moveis_decoracao,48.0,599.0,2.0,1200.0,65.0,12.0,12.0,39
PRO_4694,beleza_saude,53.0,2496.0,1.0,200.0,16.0,6.0,11.0,43
PRO_4695,cool_stuff,52.0,908.0,1.0,1300.0,42.0,25.0,15.0,20
PRO_4696,telefonia,60.0,549.0,1.0,426.0,24.0,4.0,28.0,68
PRO_4697,eletrodomesticos_2,58.0,324.0,3.0,425.0,32.0,10.0,16.0,45
PRO_4698,utilidades_domesticas,39.0,818.0,1.0,1000.0,25.0,32.0,25.0,49
PRO_4699,automotivo,39.0,1129.0,2.0,2050.0,90.0,13.0,18.0,5
PRO_4700,cama_mesa_banho,53.0,163.0,1.0,1600.0,35.0,8.0,29.0,7
PRO_4701,telefonia,60.0,792.0,4.0,350.0,17.0,4.0,12.0,68
PRO_4702,utilidades_domesticas,38.0,389.0,1.0,200.0,37.0,3.0,11.0,49
PRO_4703,cama_mesa_banho,53.0,555.0,1.0,600.0,16.0,10.0,16.0,7
PRO_4704,beleza_saude,53.0,386.0,1.0,700.0,30.0,12.0,16.0,43
PRO_4705,relogios_presentes,54.0,354.0,1.0,700.0,16.0,2.0,11.0,71
PRO_4706,instrumentos_musicais,53.0,2196.0,3.0,250.0,16.0,9.0,11.0,56
PRO_4707,relogios_presentes,52.0,616.0,1.0,328.0,20.0,14.0,18.0,71
PRO_4708,beleza_saude,34.0,1339.0,1.0,175.0,19.0,18.0,18.0,43
PRO_4709,pet_shop,53.0,531.0,1.0,8050.0,57.0,21.0,37.0,60
PRO_4710,moveis_decoracao,53.0,1749.0,3.0,2600.0,105.0,3.0,70.0,39
PRO_4711,papelaria,43.0,601.0,3.0,1900.0,35.0,15.0,45.0,66
PRO_4712,moveis_decoracao,20.0,283.0,4.0,100.0,16.0,3.0,16.0,39
PRO_4713,brinquedos,34.0,254.0,1.0,200.0,16.0,10.0,11.0,69
PRO_4714,casa_conforto_2,55.0,191.0,1.0,663.0,20.0,20.0,20.0,46
PRO_4715,pet_shop,46.0,798.0,3.0,150.0,25.0,10.0,15.0,60
PRO_4716,brinquedos,28.0,178.0,1.0,400.0,16.0,17.0,11.0,69
PRO_4717,esporte_lazer,59.0,902.0,2.0,6450.0,20.0,20.0,20.0,65
PRO_4718,ferramentas_jardim,48.0,737.0,5.0,150.0,17.0,7.0,12.0,42
PRO_4719,esporte_lazer,41.0,289.0,1.0,300.0,20.0,10.0,20.0,65
PRO_4720,moveis_decoracao,49.0,1378.0,2.0,2000.0,20.0,65.0,20.0,39
PRO_4721,moveis_decoracao,18.0,164.0,2.0,500.0,22.0,19.0,13.0,39
PRO_4722,brinquedos,41.0,1068.0,2.0,800.0,50.0,12.0,31.0,69
PRO_4723,construcao_ferramentas_jardim,55.0,2039.0,5.0,200.0,16.0,3.0,12.0,21
PRO_4724,informatica_acessorios,38.0,665.0,1.0,850.0,16.0,11.0,37.0,15
PRO_4725,telefonia,32.0,365.0,6.0,50.0,19.0,3.0,11.0,68
PRO_4726,ferramentas_jardim,38.0,606.0,1.0,6200.0,18.0,32.0,18.0,42
PRO_4727,utilidades_domesticas,57.0,475.0,4.0,200.0,40.0,11.0,30.0,49
PRO_4728,fashion_calcados,40.0,303.0,12.0,400.0,29.0,7.0,16.0,31
PRO_4729,cama_mesa_banho,55.0,329.0,2.0,500.0,30.0,10.0,30.0,7
PRO_4730,pet_shop,31.0,1074.0,6.0,19000.0,30.0,42.0,90.0,60
PRO_4731,informatica_acessorios,40.0,3861.0,1.0,800.0,30.0,9.0,20.0,15
PRO_4732,relogios_presentes,46.0,670.0,1.0,500.0,16.0,2.0,11.0,71
PRO_4733,casa_construcao,44.0,1130.0,1.0,233.0,17.0,14.0,16.0,48
PRO_4734,informatica_acessorios,49.0,365.0,2.0,200.0,16.0,17.0,22.0,15
PRO_4735,bebes,33.0,1066.0,6.0,600.0,35.0,7.0,40.0,6
PRO_4736,brinquedos,41.0,547.0,5.0,3100.0,72.0,11.0,13.0,69
PRO_4737,pet_shop,56.0,2358.0,6.0,2350.0,42.0,22.0,32.0,60
PRO_4738,utilidades_domesticas,43.0,1002.0,3.0,10150.0,89.0,15.0,40.0,49
PRO_4739,informatica_acessorios,59.0,429.0,2.0,350.0,20.0,15.0,20.0,15
PRO_4740,cama_mesa_banho,60.0,234.0,1.0,1600.0,34.0,7.0,32.0,7
PRO_4741,utilidades_domesticas,60.0,465.0,4.0,300.0,20.0,11.0,15.0,49
PRO_4742,esporte_lazer,53.0,2422.0,2.0,107.0,18.0,9.0,14.0,65
PRO_4743,pet_shop,60.0,86.0,4.0,1000.0,16.0,35.0,20.0,60
PRO_4744,climatizacao,56.0,903.0,6.0,10050.0,35.0,28.0,16.0,1
PRO_4745,automotivo,54.0,586.0,1.0,2950.0,41.0,19.0,41.0,5
PRO_4746,cama_mesa_banho,57.0,402.0,1.0,850.0,16.0,10.0,16.0,7
PRO_4747,utilidades_domesticas,57.0,380.0,2.0,550.0,18.0,12.0,12.0,49
PRO_4748,beleza_saude,46.0,428.0,1.0,400.0,19.0,28.0,17.0,43
PRO_4749,malas_acessorios,47.0,571.0,2.0,550.0,16.0,6.0,11.0,53
PRO_4750,utilidades_domesticas,48.0,1202.0,3.0,500.0,19.0,12.0,12.0,49
PRO_4751,cama_mesa_banho,56.0,437.0,2.0,1150.0,40.0,9.0,50.0,7
PRO_4752,esporte_lazer,53.0,748.0,2.0,6300.0,42.0,20.0,32.0,65
PRO_4753,eletrodomesticos,56.0,175.0,3.0,100.0,27.0,13.0,17.0,44
PRO_4754,esporte_lazer,59.0,1225.0,2.0,500.0,16.0,16.0,16.0,65
PRO_4755,perfumaria,39.0,991.0,3.0,200.0,20.0,20.0,20.0,59
PRO_4756,perfumaria,58.0,553.0,1.0,567.0,23.0,15.0,16.0,59
PRO_4757,eletronicos,41.0,318.0,1.0,125.0,21.0,13.0,18.0,26
PRO_4758,automotivo,48.0,1841.0,1.0,4300.0,31.0,11.0,31.0,5
PRO_4759,automotivo,54.0,1291.0,2.0,153.0,16.0,6.0,17.0,5
PRO_4760,esporte_lazer,59.0,447.0,5.0,8700.0,25.0,60.0,40.0,65
PRO_4761,ferramentas_jardim,34.0,423.0,1.0,900.0,16.0,16.0,16.0,42
PRO_4762,casa_construcao,47.0,83.0,2.0,4850.0,40.0,25.0,30.0,48
PRO_4763,informatica_acessorios,43.0,321.0,3.0,200.0,16.0,13.0,18.0,15
PRO_4764,moveis_decoracao,38.0,479.0,3.0,2500.0,34.0,6.0,28.0,39
PRO_4765,cool_stuff,59.0,224.0,4.0,500.0,55.0,15.0,45.0,20
PRO_4766,esporte_lazer,53.0,3219.0,10.0,250.0,28.0,13.0,14.0,65
PRO_4767,papelaria,59.0,344.0,7.0,2000.0,60.0,20.0,29.0,66
PRO_4768,moveis_cozinha_area_de_servico_jantar_e_jardim,54.0,785.0,5.0,975.0,41.0,12.0,12.0,51
PRO_4769,bebes,24.0,655.0,1.0,300.0,42.0,25.0,15.0,6
PRO_4770,livros_interesse_geral,40.0,421.0,1.0,150.0,26.0,2.0,26.0,8
PRO_4771,informatica_acessorios,52.0,1026.0,1.0,233.0,19.0,17.0,19.0,15
PRO_4772,telefonia,59.0,534.0,2.0,392.0,17.0,11.0,13.0,68
PRO_4773,esporte_lazer,50.0,596.0,2.0,700.0,22.0,22.0,22.0,65
PRO_4774,relogios_presentes,57.0,1343.0,3.0,400.0,17.0,12.0,12.0,71
PRO_4775,automotivo,57.0,868.0,3.0,500.0,24.0,6.0,26.0,5
PRO_4776,cool_stuff,63.0,351.0,3.0,1450.0,62.0,15.0,32.0,20
PRO_4777,cama_mesa_banho,60.0,216.0,1.0,950.0,36.0,14.0,26.0,7
PRO_4778,cama_mesa_banho,59.0,349.0,2.0,1550.0,30.0,10.0,30.0,7
PRO_4779,alimentos,58.0,3815.0,3.0,3150.0,30.0,28.0,28.0,36
PRO_4780,bebes,43.0,740.0,1.0,23200.0,31.0,85.0,54.0,6
PRO_4781,perfumaria,55.0,898.0,1.0,275.0,16.0,14.0,16.0,59
PRO_4782,relogios_presentes,59.0,136.0,5.0,200.0,16.0,2.0,11.0,71
PRO_4783,brinquedos,40.0,881.0,3.0,6550.0,30.0,20.0,54.0,69
PRO_4784,agro_industria_e_comercio,54.0,2352.0,3.0,5800.0,30.0,30.0,20.0,0
PRO_4785,esporte_lazer,34.0,693.0,2.0,1400.0,81.0,2.0,21.0,65
PRO_4786,ferramentas_jardim,28.0,420.0,1.0,5500.0,29.0,29.0,39.0,42
PRO_4787,telefonia,53.0,435.0,2.0,150.0,19.0,3.0,11.0,68
PRO_4788,esporte_lazer,36.0,2908.0,1.0,650.0,18.0,18.0,18.0,65
PRO_4789,perfumaria,29.0,201.0,1.0,200.0,16.0,7.0,11.0,59
PRO_4790,climatizacao,55.0,855.0,1.0,4800.0,58.0,59.0,25.0,1
PRO_4791,perfumaria,41.0,278.0,1.0,200.0,16.0,4.0,11.0,59
PRO_4792,esporte_lazer,57.0,578.0,6.0,450.0,30.0,16.0,16.0,65
PRO_4793,esporte_lazer,25.0,1637.0,1.0,12400.0,20.0,25.0,12.0,65
PRO_4794,eletroportateis,59.0,2212.0,4.0,8700.0,40.0,16.0,40.0,63
PRO_4795,moveis_decoracao,52.0,327.0,4.0,6350.0,51.0,13.0,51.0,39
PRO_4796,moveis_decoracao,60.0,2050.0,2.0,3000.0,69.0,11.0,11.0,39
PRO_4797,moveis_decoracao,60.0,702.0,2.0,600.0,26.0,8.0,17.0,39
PRO_4798,bebes,46.0,736.0,2.0,1467.0,32.0,23.0,30.0,6
PRO_4799,fashion_bolsas_e_acessorios,58.0,1359.0,1.0,200.0,16.0,2.0,11.0,28
PRO_4800,utilidades_domesticas,57.0,494.0,2.0,250.0,24.0,11.0,20.0,49
PRO_4801,informatica_acessorios,35.0,1101.0,1.0,250.0,42.0,2.0,30.0,15
PRO_4802,relogios_presentes,52.0,555.0,1.0,417.0,19.0,12.0,14.0,71
PRO_4803,beleza_saude,55.0,187.0,1.0,200.0,24.0,5.0,16.0,43
PRO_4804,utilidades_domesticas,55.0,726.0,1.0,4200.0,35.0,20.0,35.0,49
PRO_4805,brinquedos,32.0,373.0,2.0,200.0,35.0,16.0,30.0,69
PRO_4806,cama_mesa_banho,45.0,729.0,1.0,3400.0,20.0,30.0,30.0,7
PRO_4807,construcao_ferramentas_seguranca,59.0,825.0,1.0,1100.0,30.0,10.0,25.0,19
PRO_4808,informatica_acessorios,29.0,832.0,2.0,3100.0,27.0,2.0,16.0,15
PRO_4809,esporte_lazer,24.0,1504.0,1.0,300.0,23.0,8.0,15.0,65
PRO_4810,sinalizacao_e_seguranca,59.0,572.0,4.0,400.0,19.0,11.0,14.0,62
PRO_4811,telefonia,50.0,3704.0,6.0,50.0,21.0,8.0,13.0,68
PRO_4812,fashion_bolsas_e_acessorios,56.0,731.0,1.0,300.0,16.0,2.0,11.0,28
PRO_4813,utilidades_domesticas,57.0,1782.0,1.0,1100.0,24.0,24.0,24.0,49
PRO_4814,automotivo,30.0,313.0,4.0,500.0,25.0,16.0,20.0,5
PRO_4815,beleza_saude,58.0,540.0,1.0,30000.0,55.0,75.0,61.0,43
PRO_4816,utilidades_domesticas,56.0,1185.0,4.0,500.0,28.0,10.0,27.0,49
PRO_4817,beleza_saude,43.0,2027.0,4.0,550.0,30.0,5.0,20.0,43
PRO_4818,automotivo,33.0,513.0,2.0,795.0,30.0,15.0,26.0,5
PRO_4819,informatica_acessorios,60.0,1328.0,5.0,150.0,28.0,8.0,12.0,15
PRO_4820,pet_shop,53.0,482.0,2.0,200.0,18.0,9.0,14.0,60
PRO_4821,moveis_decoracao,58.0,1037.0,5.0,400.0,35.0,7.0,27.0,39
PRO_4822,esporte_lazer,51.0,1286.0,2.0,520.0,25.0,20.0,20.0,65
PRO_4823,relogios_presentes,48.0,252.0,1.0,375.0,20.0,12.0,13.0,71
PRO_4824,informatica_acessorios,49.0,1692.0,1.0,343.0,16.0,17.0,13.0,15
PRO_4825,brinquedos,59.0,263.0,3.0,2975.0,33.0,38.0,49.0,69
PRO_4826,cama_mesa_banho,49.0,115.0,1.0,1100.0,45.0,25.0,35.0,7
PRO_4827,utilidades_domesticas,31.0,680.0,2.0,700.0,23.0,15.0,20.0,49
PRO_4828,eletronicos,40.0,449.0,3.0,100.0,25.0,25.0,25.0,26
PRO_4829,moveis_decoracao,40.0,247.0,4.0,5075.0,51.0,8.0,51.0,39
PRO_4830,malas_acessorios,48.0,991.0,10.0,3050.0,52.0,32.0,19.0,53
PRO_4831,automotivo,51.0,455.0,1.0,833.0,26.0,14.0,15.0,5
PRO_4832,cama_mesa_banho,47.0,444.0,2.0,900.0,50.0,16.0,16.0,7
PRO_4833,beleza_saude,34.0,184.0,1.0,3400.0,55.0,50.0,11.0,43
PRO_4834,moveis_decoracao,50.0,238.0,4.0,625.0,20.0,13.0,21.0,39
PRO_4835,moveis_decoracao,48.0,820.0,1.0,550.0,30.0,6.0,30.0,39
PRO_4836,beleza_saude,56.0,3308.0,1.0,3900.0,30.0,13.0,26.0,43
PRO_4837,cama_mesa_banho,54.0,188.0,1.0,850.0,35.0,15.0,25.0,7
PRO_4838,utilidades_domesticas,47.0,265.0,2.0,3750.0,20.0,40.0,40.0,49
PRO_4839,fashion_bolsas_e_acessorios,36.0,339.0,2.0,100.0,16.0,2.0,11.0,28
PRO_4840,ferramentas_jardim,59.0,1105.0,9.0,600.0,21.0,8.0,13.0,42
PRO_4841,moveis_decoracao,32.0,297.0,1.0,400.0,53.0,15.0,53.0,39
PRO_4842,beleza_saude,47.0,225.0,1.0,1350.0,26.0,18.0,11.0,43
PRO_4843,bebes,50.0,524.0,1.0,250.0,23.0,14.0,28.0,6
PRO_4844,fashion_bolsas_e_acessorios,59.0,198.0,2.0,200.0,16.0,10.0,16.0,28
PRO_4845,cama_mesa_banho,46.0,1391.0,2.0,1250.0,48.0,10.0,12.0,7
PRO_4846,pet_shop,34.0,1140.0,1.0,3875.0,30.0,25.0,25.0,60
PRO_4847,papelaria,58.0,278.0,1.0,6700.0,90.0,16.0,80.0,66
PRO_4848,ferramentas_jardim,35.0,382.0,1.0,600.0,16.0,7.0,22.0,42
PRO_4849,pet_shop,57.0,1640.0,2.0,5300.0,30.0,30.0,30.0,60
PRO_4850,ferramentas_jardim,35.0,227.0,1.0,800.0,16.0,63.0,13.0,42
PRO_4851,beleza_saude,49.0,295.0,1.0,150.0,16.0,5.0,17.0,43
PRO_4852,relogios_presentes,49.0,389.0,1.0,525.0,23.0,6.0,21.0,71
PRO_4853,ferramentas_jardim,60.0,1452.0,1.0,2700.0,30.0,23.0,20.0,42
PRO_4854,beleza_saude,34.0,1053.0,1.0,400.0,20.0,5.0,11.0,43
PRO_4855,beleza_saude,45.0,2616.0,1.0,1600.0,25.0,20.0,20.0,43
PRO_4856,informatica_acessorios,58.0,1390.0,2.0,3475.0,54.0,13.0,48.0,15
PRO_4857,beleza_saude,59.0,1054.0,1.0,900.0,17.0,7.0,12.0,43
PRO_4858,beleza_saude,12.0,2411.0,1.0,380.0,17.0,11.0,13.0,43
PRO_4859,pet_shop,46.0,497.0,2.0,300.0,30.0,10.0,17.0,60
PRO_4860,livros_tecnicos,49.0,894.0,1.0,367.0,18.0,5.0,15.0,10
PRO_4861,moveis_decoracao,57.0,2273.0,2.0,3000.0,69.0,11.0,11.0,39
PRO_4862,beleza_saude,51.0,497.0,1.0,1700.0,18.0,36.0,27.0,43
PRO_4863,construcao_ferramentas_construcao,40.0,783.0,1.0,920.0,35.0,28.0,22.0,17
PRO_4864,pet_shop,54.0,459.0,1.0,9100.0,37.0,30.0,39.0,60
PRO_4865,bebes,46.0,643.0,4.0,2350.0,16.0,50.0,40.0,6
PRO_4866,malas_acessorios,54.0,791.0,1.0,18700.0,53.0,77.0,32.0,53
PRO_4867,informatica_acessorios,47.0,462.0,4.0,1250.0,50.0,8.0,37.0,15
PRO_4868,utilidades_domesticas,43.0,519.0,4.0,3150.0,22.0,54.0,22.0,49
PRO_4869,esporte_lazer,34.0,459.0,5.0,650.0,23.0,30.0,30.0,65
PRO_4870,esporte_lazer,52.0,1321.0,1.0,254.0,17.0,15.0,12.0,65
PRO_4871,alimentos_bebidas,35.0,378.0,1.0,600.0,28.0,15.0,20.0,37
PRO_4872,utilidades_domesticas,43.0,491.0,1.0,750.0,20.0,45.0,20.0,49
PRO_4873,beleza_saude,34.0,752.0,1.0,450.0,23.0,23.0,21.0,43
PRO_4874,telefonia,55.0,55.0,1.0,300.0,20.0,20.0,13.0,68
PRO_4875,cama_mesa_banho,58.0,662.0,5.0,650.0,26.0,5.0,25.0,7
PRO_4876,moveis_escritorio,33.0,1220.0,1.0,10750.0,54.0,54.0,18.0,57
PRO_4877,bebes,38.0,614.0,1.0,464.0,38.0,9.0,34.0,6
PRO_4878,moveis_decoracao,53.0,616.0,1.0,2400.0,30.0,35.0,30.0,39
PRO_4879,cama_mesa_banho,44.0,445.0,1.0,550.0,30.0,3.0,19.0,7
PRO_4880,fashion_bolsas_e_acessorios,48.0,796.0,1.0,200.0,16.0,2.0,11.0,28
PRO_4881,cama_mesa_banho,52.0,554.0,1.0,800.0,40.0,7.0,30.0,7
PRO_4882,automotivo,44.0,322.0,1.0,400.0,16.0,10.0,15.0,5
PRO_4883,informatica_acessorios,60.0,386.0,1.0,1533.0,32.0,15.0,15.0,15
PRO_4884,utilidades_domesticas,51.0,969.0,3.0,9300.0,31.0,58.0,31.0,49
PRO_4885,eletrodomesticos,59.0,1031.0,1.0,700.0,18.0,8.0,13.0,44
PRO_4886,construcao_ferramentas_construcao,58.0,151.0,1.0,250.0,20.0,10.0,11.0,17
PRO_4887,beleza_saude,57.0,1382.0,4.0,200.0,36.0,16.0,36.0,43
PRO_4888,utilidades_domesticas,55.0,501.0,1.0,250.0,30.0,8.0,25.0,49
PRO_4889,automotivo,60.0,374.0,3.0,700.0,32.0,15.0,11.0,5
PRO_4890,eletroportateis,39.0,775.0,3.0,2825.0,36.0,25.0,26.0,63
PRO_4891,moveis_decoracao,56.0,227.0,7.0,950.0,31.0,11.0,26.0,39
PRO_4892,fashion_bolsas_e_acessorios,43.0,250.0,2.0,50.0,16.0,5.0,16.0,28
PRO_4893,beleza_saude,58.0,1692.0,4.0,300.0,18.0,10.0,14.0,43
PRO_4894,esporte_lazer,63.0,1026.0,3.0,600.0,38.0,12.0,25.0,65
PRO_4895,fashion_bolsas_e_acessorios,56.0,726.0,6.0,200.0,16.0,9.0,11.0,28
PRO_4896,utilidades_domesticas,51.0,1118.0,5.0,400.0,18.0,8.0,14.0,49
PRO_4897,moveis_cozinha_area_de_servico_jantar_e_jardim,54.0,695.0,6.0,21150.0,55.0,49.0,47.0,51
PRO_4898,brinquedos,27.0,867.0,5.0,300.0,22.0,6.0,16.0,69
PRO_4899,brinquedos,54.0,468.0,1.0,900.0,25.0,36.0,16.0,69
PRO_4900,relogios_presentes,42.0,176.0,1.0,576.0,20.0,13.0,17.0,71
PRO_4901,pet_shop,34.0,1540.0,2.0,700.0,24.0,20.0,24.0,60
PRO_4902,utilidades_domesticas,32.0,33.0,3.0,450.0,17.0,14.0,11.0,49
PRO_4903,informatica_acessorios,12.0,676.0,2.0,496.0,36.0,13.0,35.0,15
PRO_4904,esporte_lazer,56.0,1249.0,1.0,4350.0,20.0,20.0,20.0,65
PRO_4905,informatica_acessorios,44.0,195.0,1.0,650.0,22.0,12.0,12.0,15
PRO_4906,moveis_decoracao,58.0,485.0,2.0,500.0,35.0,35.0,11.0,39
PRO_4907,bebes,57.0,271.0,1.0,600.0,25.0,15.0,25.0,6
PRO_4908,esporte_lazer,60.0,139.0,1.0,2750.0,60.0,15.0,15.0,65
PRO_4909,telefonia,42.0,793.0,1.0,300.0,19.0,3.0,11.0,68
PRO_4910,utilidades_domesticas,56.0,595.0,1.0,3350.0,16.0,2.0,11.0,49
PRO_4911,beleza_saude,49.0,819.0,3.0,1250.0,42.0,11.0,12.0,43
PRO_4912,telefonia_fixa,60.0,218.0,3.0,100.0,16.0,4.0,11.0,34
PRO_4913,cama_mesa_banho,58.0,676.0,1.0,1325.0,19.0,17.0,23.0,7
PRO_4914,esporte_lazer,24.0,211.0,1.0,850.0,51.0,11.0,18.0,65
PRO_4915,moveis_decoracao,54.0,1528.0,2.0,700.0,68.0,7.0,13.0,39
PRO_4916,brinquedos,60.0,1235.0,3.0,1200.0,28.0,13.0,21.0,69
PRO_4917,eletronicos,37.0,402.0,1.0,150.0,25.0,7.0,16.0,26
PRO_4918,relogios_presentes,50.0,383.0,1.0,950.0,21.0,11.0,15.0,71
PRO_4919,utilidades_domesticas,28.0,735.0,2.0,300.0,20.0,30.0,20.0,49
PRO_4920,beleza_saude,57.0,2227.0,1.0,2400.0,30.0,12.0,16.0,43
PRO_4921,esporte_lazer,59.0,1219.0,5.0,4450.0,50.0,30.0,30.0,65
PRO_4922,cama_mesa_banho,56.0,515.0,1.0,6700.0,30.0,30.0,30.0,7
PRO_4923,eletrodomesticos_2,46.0,1467.0,2.0,5600.0,65.0,20.0,30.0,45
PRO_4924,eletrodomesticos,59.0,356.0,3.0,450.0,20.0,13.0,15.0,44
PRO_4925,perfumaria,50.0,899.0,3.0,800.0,38.0,13.0,22.0,59
PRO_4926,papelaria,60.0,1847.0,3.0,450.0,35.0,50.0,12.0,66
PRO_4927,moveis_decoracao,55.0,199.0,2.0,850.0,30.0,30.0,30.0,39
PRO_4928,ferramentas_jardim,63.0,525.0,3.0,2250.0,34.0,4.0,23.0,42
PRO_4929,automotivo,60.0,695.0,6.0,5950.0,47.0,19.0,23.0,5
PRO_4930,cama_mesa_banho,60.0,102.0,1.0,625.0,30.0,4.0,22.0,7
PRO_4931,informatica_acessorios,15.0,159.0,1.0,100.0,25.0,3.0,19.0,15
PRO_4932,moveis_decoracao,41.0,1261.0,3.0,450.0,27.0,27.0,33.0,39
PRO_4933,cama_mesa_banho,55.0,392.0,1.0,1450.0,20.0,30.0,26.0,7
PRO_4934,malas_acessorios,56.0,1538.0,4.0,19900.0,77.0,33.0,50.0,53
PRO_4935,telefonia,46.0,370.0,2.0,50.0,19.0,3.0,11.0,68
PRO_4936,cama_mesa_banho,58.0,298.0,1.0,2600.0,33.0,7.0,39.0,7
PRO_4937,brinquedos,50.0,256.0,2.0,561.0,20.0,27.0,22.0,69
PRO_4938,automotivo,58.0,1658.0,3.0,600.0,16.0,21.0,18.0,5
PRO_4939,brinquedos,24.0,155.0,1.0,500.0,28.0,4.0,14.0,69
PRO_4940,esporte_lazer,45.0,40.0,1.0,562.0,20.0,13.0,17.0,65
PRO_4941,utilidades_domesticas,51.0,1540.0,1.0,1775.0,45.0,11.0,28.0,49
PRO_4942,papelaria,52.0,372.0,4.0,500.0,30.0,40.0,11.0,66
PRO_4943,beleza_saude,55.0,724.0,3.0,50.0,25.0,15.0,15.0,43
PRO_4944,ferramentas_jardim,40.0,1222.0,1.0,200.0,16.0,10.0,11.0,42
PRO_4945,automotivo,36.0,359.0,1.0,14100.0,62.0,62.0,21.0,5
PRO_4946,automotivo,60.0,183.0,2.0,100.0,18.0,4.0,14.0,5
PRO_4947,cool_stuff,60.0,933.0,6.0,450.0,34.0,15.0,17.0,20
PRO_4948,pet_shop,59.0,678.0,4.0,1400.0,40.0,20.0,30.0,60
PRO_4949,musica,45.0,1465.0,5.0,1850.0,55.0,17.0,15.0,55
PRO_4950,utilidades_domesticas,45.0,293.0,1.0,250.0,19.0,8.0,11.0,49
PRO_4951,relogios_presentes,60.0,491.0,2.0,250.0,16.0,2.0,11.0,71
PRO_4952,unknown,51.0,595.0,1.0,250.0,17.0,8.0,13.0,70
PRO_4953,moveis_sala,47.0,521.0,4.0,1250.0,52.0,8.0,13.0,40
PRO_4954,ferramentas_jardim,48.0,1658.0,1.0,6800.0,60.0,20.0,40.0,42
PRO_4955,telefonia,58.0,777.0,6.0,300.0,17.0,4.0,12.0,68
PRO_4956,fashion_bolsas_e_acessorios,45.0,323.0,2.0,200.0,16.0,8.0,11.0,28
PRO_4957,brinquedos,39.0,130.0,1.0,425.0,35.0,14.0,24.0,69
PRO_4958,fashion_bolsas_e_acessorios,38.0,442.0,3.0,1600.0,41.0,13.0,42.0,28
PRO_4959,utilidades_domesticas,59.0,212.0,2.0,500.0,36.0,10.0,13.0,49
PRO_4960,cama_mesa_banho,53.0,653.0,1.0,10150.0,50.0,30.0,30.0,7
PRO_4961,esporte_lazer,61.0,604.0,1.0,250.0,20.0,12.0,16.0,65
PRO_4962,unknown,51.0,595.0,1.0,400.0,35.0,7.0,12.0,70
PRO_4963,moveis_decoracao,60.0,258.0,2.0,1000.0,25.0,37.0,36.0,39
PRO_4964,cama_mesa_banho,55.0,415.0,1.0,2600.0,42.0,16.0,36.0,7
PRO_4965,livros_tecnicos,41.0,745.0,1.0,600.0,23.0,3.0,16.0,10
PRO_4966,moveis_decoracao,43.0,474.0,1.0,1000.0,40.0,30.0,30.0,39
PRO_4967,instrumentos_musicais,59.0,802.0,2.0,3750.0,18.0,30.0,27.0,56
PRO_4968,moveis_decoracao,40.0,293.0,3.0,200.0,25.0,4.0,18.0,39
PRO_4969,casa_construcao,59.0,877.0,7.0,600.0,16.0,27.0,16.0,48
PRO_4970,construcao_ferramentas_construcao,47.0,1139.0,3.0,1700.0,26.0,9.0,20.0,17
PRO_4971,climatizacao,47.0,270.0,2.0,150.0,25.0,25.0,20.0,1
PRO_4972,alimentos,49.0,477.0,2.0,750.0,16.0,20.0,16.0,36
PRO_4973,ferramentas_jardim,52.0,308.0,1.0,600.0,16.0,8.0,11.0,42
PRO_4974,brinquedos,43.0,1339.0,1.0,500.0,22.0,7.0,15.0,69
PRO_4975,relogios_presentes,38.0,223.0,3.0,700.0,19.0,9.0,15.0,71
PRO_4976,esporte_lazer,41.0,127.0,1.0,600.0,16.0,30.0,15.0,65
PRO_4977,eletrodomesticos,53.0,1503.0,2.0,300.0,18.0,8.0,13.0,44
PRO_4978,esporte_lazer,48.0,2523.0,1.0,10443.0,28.0,29.0,26.0,65
PRO_4979,brinquedos,41.0,1100.0,4.0,19700.0,105.0,48.0,18.0,69
PRO_4980,pet_shop,32.0,1244.0,1.0,138.0,17.0,13.0,14.0,60
PRO_4981,perfumaria,23.0,768.0,2.0,400.0,18.0,9.0,14.0,59
PRO_4982,beleza_saude,44.0,502.0,1.0,500.0,16.0,16.0,15.0,43
PRO_4983,moveis_decoracao,63.0,554.0,11.0,2300.0,41.0,26.0,31.0,39
PRO_4984,telefonia,50.0,519.0,1.0,100.0,18.0,6.0,11.0,68
PRO_4985,perfumaria,33.0,744.0,1.0,150.0,17.0,7.0,13.0,59
PRO_4986,cama_mesa_banho,57.0,150.0,2.0,1300.0,47.0,21.0,41.0,7
PRO_4987,utilidades_domesticas,56.0,1200.0,2.0,3550.0,16.0,43.0,43.0,49
PRO_4988,automotivo,42.0,431.0,1.0,975.0,32.0,35.0,29.0,5
PRO_4989,beleza_saude,43.0,1650.0,4.0,1200.0,43.0,9.0,23.0,43
PRO_4990,moveis_decoracao,47.0,1092.0,1.0,3850.0,30.0,30.0,30.0,39
PRO_4991,automotivo,59.0,395.0,1.0,900.0,40.0,40.0,40.0,5
PRO_4992,livros_interesse_geral,40.0,1618.0,1.0,300.0,30.0,4.0,20.0,8
PRO_4993,construcao_ferramentas_ferramentas,53.0,226.0,3.0,300.0,26.0,14.0,16.0,22
PRO_4994,moveis_decoracao,56.0,812.0,1.0,2400.0,18.0,9.0,14.0,39
PRO_4995,brinquedos,36.0,355.0,3.0,900.0,30.0,35.0,40.0,69
PRO_4996,utilidades_domesticas,59.0,614.0,1.0,5300.0,30.0,35.0,30.0,49
PRO_4997,utilidades_domesticas,48.0,943.0,1.0,3350.0,32.0,75.0,32.0,49
PRO_4998,moveis_decoracao,34.0,569.0,1.0,800.0,30.0,30.0,30.0,39
PRO_4999,ferramentas_jardim,43.0,1183.0,1.0,250.0,30.0,6.0,11.0,42
PRO_5000,beleza_saude,60.0,696.0,7.0,700.0,19.0,11.0,23.0,43
PRO_5001,esporte_lazer,58.0,646.0,2.0,300.0,40.0,22.0,43.0,65
PRO_5002,utilidades_domesticas,59.0,833.0,1.0,8100.0,58.0,23.0,33.0,49
PRO_5003,informatica_acessorios,57.0,297.0,2.0,150.0,16.0,3.0,13.0,15
PRO_5004,perfumaria,41.0,512.0,1.0,250.0,20.0,18.0,22.0,59
PRO_5005,automotivo,51.0,424.0,2.0,100.0,24.0,2.0,17.0,5
PRO_5006,utilidades_domesticas,38.0,597.0,3.0,300.0,40.0,5.0,40.0,49
PRO_5007,cama_mesa_banho,53.0,1156.0,2.0,2450.0,35.0,10.0,20.0,7
PRO_5008,pet_shop,53.0,203.0,1.0,2500.0,23.0,11.0,19.0,60
PRO_5009,utilidades_domesticas,51.0,339.0,1.0,2410.0,25.0,55.0,25.0,49
PRO_5010,automotivo,55.0,544.0,1.0,550.0,18.0,5.0,15.0,5
PRO_5011,automotivo,60.0,317.0,4.0,70.0,19.0,3.0,16.0,5
PRO_5012,esporte_lazer,51.0,302.0,1.0,400.0,20.0,20.0,11.0,65
PRO_5013,cama_mesa_banho,59.0,367.0,1.0,2550.0,40.0,10.0,30.0,7
PRO_5014,esporte_lazer,56.0,307.0,4.0,700.0,16.0,16.0,25.0,65
PRO_5015,informatica_acessorios,57.0,749.0,1.0,570.0,16.0,22.0,17.0,15
PRO_5016,moveis_decoracao,57.0,517.0,2.0,2950.0,35.0,30.0,35.0,39
PRO_5017,cama_mesa_banho,55.0,298.0,1.0,18800.0,50.0,30.0,40.0,7
PRO_5018,automotivo,55.0,212.0,3.0,1850.0,20.0,15.0,20.0,5
PRO_5019,utilidades_domesticas,48.0,1797.0,5.0,575.0,24.0,18.0,24.0,49
PRO_5020,telefonia_fixa,53.0,1265.0,1.0,750.0,27.0,12.0,27.0,34
PRO_5021,beleza_saude,60.0,450.0,1.0,400.0,38.0,12.0,25.0,43
PRO_5022,papelaria,55.0,1006.0,3.0,800.0,17.0,28.0,40.0,66
PRO_5023,utilidades_domesticas,47.0,755.0,1.0,240.0,28.0,11.0,17.0,49
PRO_5024,ferramentas_jardim,41.0,313.0,1.0,6050.0,75.0,25.0,25.0,42
PRO_5025,esporte_lazer,51.0,1097.0,5.0,2800.0,56.0,28.0,33.0,65
PRO_5026,moveis_decoracao,56.0,893.0,3.0,300.0,18.0,9.0,14.0,39
PRO_5027,telefonia,54.0,259.0,1.0,200.0,20.0,20.0,20.0,68
PRO_5028,utilidades_domesticas,39.0,343.0,1.0,963.0,21.0,21.0,22.0,49
PRO_5029,bebes,53.0,829.0,4.0,5150.0,40.0,10.0,40.0,6
PRO_5030,relogios_presentes,52.0,339.0,1.0,198.0,16.0,13.0,13.0,71
PRO_5031,ferramentas_jardim,34.0,511.0,4.0,8875.0,40.0,14.0,43.0,42
PRO_5032,cama_mesa_banho,63.0,837.0,1.0,1300.0,43.0,5.0,30.0,7
PRO_5033,informatica_acessorios,47.0,576.0,1.0,450.0,37.0,4.0,12.0,15
PRO_5034,beleza_saude,50.0,431.0,4.0,20100.0,90.0,60.0,20.0,43
PRO_5035,utilidades_domesticas,51.0,539.0,1.0,1100.0,16.0,31.0,29.0,49
PRO_5036,utilidades_domesticas,56.0,231.0,1.0,250.0,16.0,12.0,16.0,49
PRO_5037,informatica_acessorios,33.0,1084.0,1.0,200.0,41.0,2.0,29.0,15
PRO_5038,utilidades_domesticas,55.0,757.0,4.0,325.0,25.0,15.0,16.0,49
PRO_5039,informatica_acessorios,33.0,1303.0,1.0,200.0,31.0,13.0,11.0,15
PRO_5040,alimentos_bebidas,59.0,459.0,2.0,262.0,28.0,15.0,20.0,37
PRO_5041,esporte_lazer,39.0,626.0,1.0,980.0,52.0,12.0,13.0,65
PRO_5042,artigos_de_natal,46.0,1030.0,1.0,2850.0,30.0,12.0,40.0,12
PRO_5043,beleza_saude,46.0,803.0,1.0,250.0,22.0,3.0,15.0,43
PRO_5044,moveis_escritorio,56.0,1285.0,1.0,8375.0,52.0,51.0,17.0,57
PRO_5045,telefonia,33.0,1577.0,2.0,400.0,16.0,16.0,16.0,68
PRO_5046,ferramentas_jardim,40.0,207.0,4.0,150.0,16.0,2.0,11.0,42
PRO_5047,ferramentas_jardim,57.0,2689.0,4.0,600.0,42.0,6.0,16.0,42
PRO_5048,informatica_acessorios,48.0,339.0,6.0,2900.0,27.0,11.0,20.0,15
PRO_5049,perfumaria,39.0,613.0,1.0,458.0,19.0,13.0,15.0,59
PRO_5050,papelaria,45.0,435.0,2.0,750.0,17.0,7.0,12.0,66
PRO_5051,pet_shop,60.0,872.0,3.0,150.0,25.0,25.0,25.0,60
PRO_5052,beleza_saude,58.0,2910.0,1.0,300.0,18.0,9.0,12.0,43
PRO_5053,musica,59.0,1957.0,3.0,550.0,16.0,16.0,16.0,55
PRO_5054,esporte_lazer,59.0,763.0,1.0,1175.0,21.0,32.0,17.0,65
PRO_5055,automotivo,52.0,383.0,1.0,980.0,17.0,10.0,12.0,5
PRO_5056,moveis_decoracao,56.0,685.0,1.0,9900.0,35.0,35.0,35.0,39
PRO_5057,moveis_decoracao,59.0,205.0,8.0,900.0,31.0,11.0,26.0,39
PRO_5058,cama_mesa_banho,48.0,426.0,1.0,250.0,28.0,4.0,16.0,7
PRO_5059,malas_acessorios,40.0,1070.0,1.0,650.0,90.0,5.0,11.0,53
PRO_5060,esporte_lazer,57.0,1750.0,4.0,277.0,17.0,11.0,13.0,65
PRO_5061,perfumaria,56.0,182.0,1.0,3733.0,22.0,29.0,27.0,59
PRO_5062,utilidades_domesticas,46.0,979.0,5.0,1075.0,18.0,16.0,16.0,49
PRO_5063,utilidades_domesticas,16.0,202.0,1.0,1050.0,26.0,26.0,26.0,49
PRO_5064,perfumaria,60.0,341.0,1.0,450.0,20.0,20.0,20.0,59
PRO_5065,cama_mesa_banho,59.0,349.0,2.0,1500.0,30.0,10.0,30.0,7
PRO_5066,instrumentos_musicais,56.0,250.0,1.0,150.0,18.0,3.0,15.0,56
PRO_5067,beleza_saude,56.0,825.0,1.0,1300.0,22.0,26.0,20.0,43
PRO_5068,pet_shop,58.0,334.0,5.0,1800.0,30.0,30.0,30.0,60
PRO_5069,brinquedos,44.0,71.0,2.0,800.0,39.0,30.0,29.0,69
PRO_5070,beleza_saude,57.0,1687.0,1.0,4350.0,16.0,16.0,16.0,43
PRO_5071,informatica_acessorios,58.0,1484.0,5.0,1700.0,54.0,6.0,23.0,15
PRO_5072,brinquedos,33.0,669.0,1.0,630.0,31.0,19.0,16.0,69
PRO_5073,livros_importados,56.0,440.0,1.0,250.0,33.0,2.0,23.0,9
PRO_5074,esporte_lazer,57.0,654.0,1.0,2400.0,21.0,21.0,21.0,65
PRO_5075,cool_stuff,54.0,710.0,3.0,797.0,17.0,16.0,14.0,20
PRO_5076,cama_mesa_banho,53.0,768.0,4.0,9150.0,50.0,30.0,40.0,7
PRO_5077,informatica_acessorios,60.0,334.0,3.0,850.0,34.0,14.0,14.0,15
PRO_5078,cama_mesa_banho,60.0,298.0,1.0,2650.0,33.0,7.0,39.0,7
PRO_5079,automotivo,39.0,328.0,1.0,500.0,21.0,9.0,12.0,5
PRO_5080,esporte_lazer,47.0,594.0,5.0,700.0,19.0,10.0,16.0,65
PRO_5081,relogios_presentes,53.0,184.0,6.0,200.0,16.0,2.0,11.0,71
PRO_5082,moveis_decoracao,62.0,1702.0,1.0,800.0,60.0,11.0,11.0,39
PRO_5083,relogios_presentes,54.0,555.0,4.0,400.0,16.0,2.0,11.0,71
PRO_5084,cama_mesa_banho,53.0,635.0,1.0,250.0,16.0,10.0,16.0,7
PRO_5085,fashion_calcados,41.0,342.0,4.0,450.0,29.0,10.0,22.0,31
PRO_5086,unknown,51.0,595.0,1.0,7400.0,40.0,6.0,35.0,70
PRO_5087,brinquedos,46.0,226.0,1.0,500.0,45.0,15.0,35.0,69
PRO_5088,utilidades_domesticas,42.0,540.0,4.0,9950.0,31.0,61.0,31.0,49
PRO_5089,beleza_saude,56.0,2137.0,1.0,1600.0,30.0,30.0,16.0,43
PRO_5090,esporte_lazer,60.0,576.0,5.0,2500.0,80.0,12.0,22.0,65
PRO_5091,telefonia,54.0,581.0,1.0,150.0,19.0,4.0,11.0,68
PRO_5092,beleza_saude,60.0,918.0,1.0,150.0,22.0,3.0,15.0,43
PRO_5093,utilidades_domesticas,35.0,347.0,2.0,1400.0,21.0,40.0,21.0,49
PRO_5094,unknown,51.0,595.0,1.0,200.0,22.0,3.0,22.0,70
PRO_5095,beleza_saude,32.0,324.0,1.0,250.0,23.0,9.0,14.0,43
PRO_5096,casa_construcao,55.0,1627.0,1.0,600.0,40.0,3.0,50.0,48
PRO_5097,pet_shop,59.0,1002.0,4.0,3000.0,41.0,16.0,27.0,60
PRO_5098,casa_construcao,37.0,354.0,1.0,8900.0,62.0,32.0,30.0,48
PRO_5099,informatica_acessorios,58.0,1707.0,2.0,6500.0,30.0,30.0,20.0,15
PRO_5100,informatica_acessorios,41.0,635.0,1.0,513.0,22.0,14.0,19.0,15
PRO_5101,informatica_acessorios,56.0,813.0,4.0,650.0,17.0,5.0,12.0,15
PRO_5102,fashion_bolsas_e_acessorios,57.0,113.0,1.0,250.0,16.0,2.0,11.0,28
PRO_5103,esporte_lazer,34.0,100.0,3.0,125.0,23.0,15.0,28.0,65
PRO_5104,telefonia,50.0,194.0,1.0,100.0,16.0,2.0,15.0,68
PRO_5105,beleza_saude,43.0,754.0,1.0,1150.0,16.0,16.0,16.0,43
PRO_5106,bebes,44.0,616.0,2.0,8250.0,44.0,32.0,35.0,6
PRO_5107,relogios_presentes,55.0,464.0,3.0,770.0,26.0,13.0,26.0,71
PRO_5108,telefonia,53.0,486.0,1.0,100.0,16.0,6.0,12.0,68
PRO_5109,esporte_lazer,48.0,2056.0,1.0,400.0,18.0,12.0,16.0,65
PRO_5110,perfumaria,48.0,1671.0,1.0,150.0,18.0,6.0,12.0,59
PRO_5111,eletrodomesticos,57.0,175.0,3.0,3900.0,35.0,40.0,25.0,44
PRO_5112,moveis_decoracao,51.0,272.0,1.0,1400.0,35.0,35.0,35.0,39
PRO_5113,audio,21.0,68.0,3.0,1075.0,40.0,20.0,30.0,4
PRO_5114,moveis_escritorio,57.0,274.0,1.0,6400.0,98.0,30.0,15.0,57
PRO_5115,cool_stuff,46.0,595.0,2.0,450.0,16.0,12.0,22.0,20
PRO_5116,telefonia,57.0,2112.0,1.0,117.0,19.0,5.0,13.0,68
PRO_5117,telefonia,59.0,734.0,4.0,300.0,17.0,4.0,12.0,68
PRO_5118,brinquedos,35.0,537.0,3.0,600.0,36.0,18.0,27.0,69
PRO_5119,moveis_decoracao,52.0,748.0,4.0,15400.0,40.0,60.0,40.0,39
PRO_5120,cama_mesa_banho,48.0,1056.0,1.0,550.0,18.0,10.0,18.0,7
PRO_5121,construcao_ferramentas_construcao,47.0,475.0,1.0,370.0,44.0,21.0,12.0,17
PRO_5122,informatica_acessorios,56.0,944.0,1.0,200.0,20.0,20.0,20.0,15
PRO_5123,beleza_saude,52.0,455.0,1.0,550.0,16.0,16.0,16.0,43
PRO_5124,construcao_ferramentas_iluminacao,54.0,538.0,2.0,950.0,20.0,16.0,37.0,18
PRO_5125,automotivo,46.0,377.0,1.0,5500.0,28.0,32.0,40.0,5
PRO_5126,telefonia,51.0,544.0,5.0,150.0,19.0,3.0,20.0,68
PRO_5127,brinquedos,48.0,271.0,1.0,450.0,27.0,29.0,27.0,69
PRO_5128,automotivo,49.0,1565.0,4.0,250.0,40.0,10.0,17.0,5
PRO_5129,informatica_acessorios,52.0,218.0,1.0,800.0,34.0,15.0,19.0,15
PRO_5130,utilidades_domesticas,44.0,2017.0,3.0,550.0,36.0,10.0,16.0,49
PRO_5131,esporte_lazer,35.0,649.0,4.0,400.0,21.0,4.0,17.0,65
PRO_5132,utilidades_domesticas,59.0,2011.0,5.0,1250.0,35.0,20.0,20.0,49
PRO_5133,moveis_decoracao,47.0,772.0,1.0,1850.0,40.0,30.0,30.0,39
PRO_5134,fashion_bolsas_e_acessorios,63.0,1144.0,8.0,400.0,22.0,14.0,22.0,28
PRO_5135,eletrodomesticos_2,46.0,373.0,3.0,15750.0,68.0,23.0,68.0,45
PRO_5136,cool_stuff,59.0,320.0,1.0,420.0,26.0,12.0,21.0,20
PRO_5137,automotivo,52.0,729.0,1.0,350.0,16.0,10.0,11.0,5
PRO_5138,utilidades_domesticas,25.0,472.0,2.0,500.0,16.0,12.0,14.0,49
PRO_5139,perfumaria,30.0,138.0,1.0,100.0,22.0,10.0,19.0,59
PRO_5140,esporte_lazer,52.0,671.0,6.0,1300.0,25.0,30.0,40.0,65
PRO_5141,automotivo,55.0,97.0,1.0,50.0,16.0,10.0,11.0,5
PRO_5142,beleza_saude,23.0,565.0,1.0,1029.0,20.0,15.0,17.0,43
PRO_5143,utilidades_domesticas,56.0,561.0,1.0,600.0,35.0,27.0,27.0,49
PRO_5144,beleza_saude,53.0,763.0,1.0,875.0,22.0,15.0,12.0,43
PRO_5145,esporte_lazer,51.0,759.0,6.0,900.0,55.0,20.0,22.0,65
PRO_5146,cama_mesa_banho,40.0,529.0,3.0,650.0,51.0,11.0,12.0,7
PRO_5147,cama_mesa_banho,59.0,396.0,1.0,500.0,25.0,2.0,20.0,7
PRO_5148,informatica_acessorios,54.0,1368.0,4.0,1625.0,16.0,23.0,21.0,15
PRO_5149,utilidades_domesticas,31.0,259.0,1.0,450.0,19.0,12.0,12.0,49
PRO_5150,eletronicos,46.0,339.0,2.0,150.0,18.0,15.0,16.0,26
PRO_5151,beleza_saude,34.0,1043.0,2.0,600.0,24.0,18.0,23.0,43
PRO_5152,automotivo,57.0,234.0,1.0,5350.0,91.0,19.0,33.0,5
PRO_5153,consoles_games,41.0,253.0,1.0,400.0,18.0,7.0,14.0,16
PRO_5154,brinquedos,56.0,771.0,4.0,274.0,17.0,20.0,16.0,69
PRO_5155,artigos_de_natal,44.0,253.0,1.0,600.0,16.0,20.0,11.0,12
PRO_5156,cama_mesa_banho,32.0,253.0,1.0,4050.0,40.0,15.0,23.0,7
PRO_5157,construcao_ferramentas_iluminacao,53.0,981.0,3.0,600.0,21.0,30.0,21.0,18
PRO_5158,utilidades_domesticas,59.0,1236.0,1.0,950.0,23.0,18.0,23.0,49
PRO_5159,automotivo,54.0,530.0,1.0,2600.0,35.0,20.0,20.0,5
PRO_5160,beleza_saude,49.0,893.0,1.0,1400.0,90.0,27.0,20.0,43
PRO_5161,relogios_presentes,45.0,723.0,3.0,300.0,16.0,2.0,11.0,71
PRO_5162,automotivo,56.0,651.0,5.0,7200.0,72.0,4.0,44.0,5
PRO_5163,utilidades_domesticas,53.0,117.0,6.0,1950.0,40.0,16.0,16.0,49
PRO_5164,unknown,51.0,595.0,1.0,445.0,17.0,12.0,29.0,70
PRO_5165,papelaria,58.0,298.0,5.0,5250.0,30.0,52.0,20.0,66
PRO_5166,cama_mesa_banho,51.0,215.0,1.0,2400.0,40.0,6.0,30.0,7
PRO_5167,telefonia_fixa,44.0,333.0,3.0,100.0,16.0,4.0,11.0,34
PRO_5168,eletronicos,59.0,444.0,1.0,150.0,21.0,7.0,14.0,26
PRO_5169,automotivo,32.0,347.0,1.0,11650.0,40.0,30.0,30.0,5
PRO_5170,utilidades_domesticas,57.0,1016.0,4.0,445.0,23.0,12.0,14.0,49
PRO_5171,cine_foto,43.0,299.0,1.0,100.0,16.0,15.0,11.0,13
PRO_5172,moveis_escritorio,47.0,2164.0,1.0,15300.0,58.0,28.0,56.0,57
PRO_5173,utilidades_domesticas,55.0,486.0,1.0,1800.0,22.0,63.0,22.0,49
PRO_5174,brinquedos,49.0,194.0,2.0,1100.0,30.0,30.0,30.0,69
PRO_5175,relogios_presentes,51.0,475.0,6.0,200.0,16.0,2.0,20.0,71
PRO_5176,unknown,51.0,595.0,1.0,9150.0,49.0,32.0,35.0,70
PRO_5177,beleza_saude,45.0,568.0,1.0,150.0,16.0,7.0,15.0,43
PRO_5178,perfumaria,40.0,280.0,1.0,408.0,20.0,14.0,17.0,59
PRO_5179,bebes,39.0,235.0,2.0,9400.0,75.0,15.0,50.0,6
PRO_5180,utilidades_domesticas,57.0,485.0,3.0,1500.0,30.0,12.0,30.0,49
PRO_5181,utilidades_domesticas,40.0,144.0,1.0,300.0,22.0,10.0,11.0,49
PRO_5182,utilidades_domesticas,45.0,507.0,3.0,1200.0,32.0,40.0,28.0,49
PRO_5183,bebes,49.0,375.0,6.0,200.0,29.0,7.0,16.0,6
PRO_5184,moveis_decoracao,59.0,668.0,1.0,8950.0,30.0,35.0,30.0,39
PRO_5185,beleza_saude,55.0,476.0,1.0,460.0,18.0,12.0,15.0,43
PRO_5186,utilidades_domesticas,50.0,492.0,2.0,1125.0,43.0,13.0,11.0,49
PRO_5187,eletronicos,49.0,190.0,1.0,133.0,18.0,11.0,14.0,26
PRO_5188,beleza_saude,46.0,456.0,1.0,529.0,20.0,18.0,16.0,43
PRO_5189,cool_stuff,60.0,813.0,3.0,800.0,16.0,7.0,12.0,20
PRO_5190,cool_stuff,60.0,899.0,3.0,1450.0,20.0,30.0,20.0,20
PRO_5191,telefonia,45.0,723.0,1.0,300.0,16.0,22.0,11.0,68
PRO_5192,moveis_decoracao,58.0,275.0,1.0,1000.0,45.0,8.0,35.0,39
PRO_5193,utilidades_domesticas,35.0,181.0,1.0,2958.0,35.0,23.0,29.0,49
PRO_5194,construcao_ferramentas_seguranca,55.0,330.0,1.0,1000.0,20.0,20.0,20.0,19
PRO_5195,utilidades_domesticas,54.0,691.0,3.0,7850.0,25.0,52.0,37.0,49
PRO_5196,bebes,57.0,802.0,2.0,2200.0,36.0,31.0,19.0,6
PRO_5197,moveis_decoracao,33.0,575.0,1.0,6700.0,34.0,40.0,34.0,39
PRO_5198,telefonia,28.0,763.0,5.0,175.0,21.0,16.0,18.0,68
PRO_5199,ferramentas_jardim,36.0,493.0,1.0,400.0,16.0,3.0,33.0,42
PRO_5200,automotivo,58.0,1632.0,3.0,600.0,16.0,21.0,18.0,5
PRO_5201,cama_mesa_banho,60.0,269.0,1.0,2150.0,34.0,8.0,32.0,7
PRO_5202,cama_mesa_banho,35.0,104.0,1.0,500.0,25.0,37.0,36.0,7
PRO_5203,cama_mesa_banho,59.0,395.0,1.0,2000.0,16.0,10.0,16.0,7
PRO_5204,bebes,58.0,1083.0,1.0,383.0,22.0,14.0,17.0,6
PRO_5205,beleza_saude,47.0,808.0,1.0,1255.0,18.0,17.0,16.0,43
PRO_5206,fashion_bolsas_e_acessorios,48.0,350.0,1.0,100.0,16.0,3.0,12.0,28
PRO_5207,relogios_presentes,51.0,668.0,1.0,300.0,16.0,2.0,16.0,71
PRO_5208,moveis_decoracao,56.0,2043.0,5.0,2900.0,69.0,11.0,11.0,39
PRO_5209,cama_mesa_banho,56.0,715.0,1.0,1100.0,28.0,10.0,20.0,7
PRO_5210,construcao_ferramentas_construcao,54.0,2312.0,1.0,3550.0,16.0,105.0,11.0,17
PRO_5211,ferramentas_jardim,47.0,574.0,1.0,270.0,26.0,16.0,21.0,42
PRO_5212,esporte_lazer,41.0,229.0,2.0,2800.0,60.0,15.0,15.0,65
PRO_5213,telefonia,58.0,818.0,5.0,300.0,17.0,4.0,12.0,68
PRO_5214,eletrodomesticos,58.0,644.0,1.0,300.0,35.0,46.0,35.0,44
PRO_5215,construcao_ferramentas_construcao,55.0,162.0,3.0,250.0,16.0,12.0,13.0,17
PRO_5216,telefonia,45.0,361.0,1.0,100.0,19.0,4.0,11.0,68
PRO_5217,pet_shop,55.0,348.0,1.0,13800.0,75.0,20.0,55.0,60
PRO_5218,ferramentas_jardim,63.0,1829.0,10.0,5800.0,54.0,36.0,15.0,42
PRO_5219,esporte_lazer,47.0,718.0,1.0,425.0,27.0,10.0,25.0,65
PRO_5220,cama_mesa_banho,62.0,313.0,1.0,3500.0,45.0,15.0,35.0,7
PRO_5221,audio,48.0,424.0,1.0,200.0,27.0,5.0,20.0,4
PRO_5222,moveis_decoracao,23.0,438.0,3.0,650.0,18.0,21.0,20.0,39
PRO_5223,cama_mesa_banho,53.0,210.0,1.0,675.0,35.0,20.0,35.0,7
PRO_5224,telefonia,52.0,397.0,3.0,200.0,19.0,4.0,20.0,68
PRO_5225,cama_mesa_banho,59.0,620.0,2.0,750.0,35.0,8.0,30.0,7
PRO_5226,informatica_acessorios,32.0,1074.0,2.0,200.0,39.0,2.0,30.0,15
PRO_5227,moveis_decoracao,64.0,3322.0,1.0,1600.0,53.0,8.0,11.0,39
PRO_5228,esporte_lazer,48.0,265.0,1.0,725.0,46.0,12.0,29.0,65
PRO_5229,relogios_presentes,56.0,563.0,2.0,300.0,16.0,11.0,11.0,71
PRO_5230,utilidades_domesticas,60.0,3860.0,1.0,245.0,26.0,8.0,17.0,49
PRO_5231,bebes,56.0,1317.0,3.0,950.0,42.0,25.0,15.0,6
PRO_5232,relogios_presentes,60.0,1709.0,1.0,300.0,16.0,12.0,12.0,71
PRO_5233,perfumaria,55.0,838.0,1.0,200.0,21.0,16.0,17.0,59
PRO_5234,ferramentas_jardim,53.0,566.0,1.0,800.0,22.0,5.0,14.0,42
PRO_5235,beleza_saude,52.0,832.0,1.0,200.0,22.0,5.0,12.0,43
PRO_5236,beleza_saude,41.0,1104.0,1.0,150.0,19.0,8.0,13.0,43
PRO_5237,esporte_lazer,47.0,1370.0,1.0,231.0,12.0,12.0,10.0,65
PRO_5238,brinquedos,56.0,316.0,3.0,600.0,35.0,10.0,20.0,69
PRO_5239,eletrodomesticos,44.0,78.0,1.0,200.0,20.0,13.0,15.0,44
PRO_5240,brinquedos,41.0,960.0,3.0,200.0,20.0,25.0,25.0,69
PRO_5241,moveis_decoracao,52.0,517.0,2.0,2850.0,35.0,30.0,35.0,39
PRO_5242,moveis_decoracao,63.0,176.0,2.0,500.0,47.0,19.0,36.0,39
PRO_5243,bebes,42.0,848.0,1.0,4727.0,56.0,59.0,31.0,6
PRO_5244,esporte_lazer,40.0,754.0,1.0,3148.0,27.0,20.0,24.0,65
PRO_5245,utilidades_domesticas,27.0,282.0,2.0,300.0,20.0,10.0,15.0,49
PRO_5246,automotivo,57.0,854.0,6.0,2050.0,20.0,20.0,20.0,5
PRO_5247,beleza_saude,42.0,647.0,1.0,2700.0,98.0,15.0,15.0,43
PRO_5248,eletronicos,47.0,427.0,3.0,138.0,21.0,4.0,11.0,26
PRO_5249,construcao_ferramentas_jardim,53.0,685.0,1.0,1075.0,24.0,29.0,22.0,21
PRO_5250,automotivo,59.0,298.0,1.0,1700.0,30.0,14.0,30.0,5
PRO_5251,esporte_lazer,29.0,2084.0,1.0,100.0,16.0,10.0,16.0,65
PRO_5252,perfumaria,48.0,969.0,3.0,400.0,20.0,11.0,11.0,59
PRO_5253,beleza_saude,45.0,1031.0,1.0,400.0,16.0,16.0,16.0,43
PRO_5254,beleza_saude,29.0,1586.0,1.0,1450.0,30.0,30.0,30.0,43
PRO_5255,papelaria,60.0,1076.0,4.0,7000.0,35.0,4.0,21.0,66
PRO_5256,esporte_lazer,31.0,211.0,1.0,850.0,51.0,16.0,20.0,65
PRO_5257,beleza_saude,53.0,1502.0,4.0,1250.0,18.0,21.0,27.0,43
PRO_5258,moveis_escritorio,46.0,2206.0,1.0,16650.0,58.0,28.0,58.0,57
PRO_5259,perfumaria,35.0,776.0,1.0,635.0,20.0,17.0,17.0,59
PRO_5260,informatica_acessorios,46.0,1228.0,5.0,150.0,28.0,14.0,14.0,15
PRO_5261,eletroportateis,45.0,956.0,3.0,6950.0,31.0,32.0,43.0,63
PRO_5262,casa_construcao,45.0,638.0,4.0,550.0,17.0,27.0,17.0,48
PRO_5263,perfumaria,35.0,316.0,1.0,550.0,20.0,20.0,30.0,59
PRO_5264,papelaria,26.0,70.0,1.0,1000.0,20.0,5.0,51.0,66
PRO_5265,brinquedos,47.0,602.0,1.0,675.0,20.0,16.0,16.0,69
PRO_5266,bebes,58.0,164.0,1.0,1450.0,35.0,15.0,25.0,6
PRO_5267,informatica_acessorios,33.0,253.0,1.0,1000.0,37.0,19.0,19.0,15
PRO_5268,perfumaria,39.0,419.0,1.0,100.0,16.0,6.0,11.0,59
PRO_5269,moveis_decoracao,63.0,181.0,2.0,5300.0,100.0,7.0,90.0,39
PRO_5270,perfumaria,51.0,607.0,1.0,783.0,17.0,15.0,14.0,59
PRO_5271,dvds_blu_ray,44.0,696.0,1.0,225.0,25.0,13.0,16.0,25
PRO_5272,fashion_bolsas_e_acessorios,27.0,472.0,1.0,300.0,21.0,9.0,13.0,28
PRO_5273,eletrodomesticos_2,59.0,507.0,1.0,15350.0,34.0,34.0,56.0,45
PRO_5274,moveis_decoracao,51.0,333.0,4.0,900.0,30.0,20.0,30.0,39
PRO_5275,automotivo,58.0,651.0,5.0,4200.0,78.0,4.0,47.0,5
PRO_5276,malas_acessorios,49.0,411.0,3.0,10700.0,40.0,100.0,16.0,53
PRO_5277,moveis_decoracao,59.0,473.0,1.0,600.0,30.0,3.0,20.0,39
PRO_5278,utilidades_domesticas,59.0,788.0,1.0,5650.0,56.0,35.0,20.0,49
PRO_5279,automotivo,57.0,689.0,4.0,1450.0,30.0,30.0,30.0,5
PRO_5280,fashion_bolsas_e_acessorios,60.0,487.0,14.0,700.0,20.0,10.0,20.0,28
PRO_5281,cine_foto,56.0,1451.0,1.0,1540.0,47.0,19.0,19.0,13
PRO_5282,utilidades_domesticas,58.0,495.0,3.0,1350.0,30.0,14.0,28.0,49
PRO_5283,ferramentas_jardim,56.0,212.0,3.0,458.0,20.0,13.0,32.0,42
PRO_5284,construcao_ferramentas_iluminacao,38.0,308.0,1.0,1050.0,36.0,10.0,36.0,18
PRO_5285,utilidades_domesticas,59.0,586.0,6.0,12250.0,80.0,10.0,76.0,49
PRO_5286,cama_mesa_banho,62.0,630.0,1.0,950.0,35.0,7.0,24.0,7
PRO_5287,moveis_decoracao,57.0,216.0,1.0,1300.0,40.0,6.0,32.0,39
PRO_5288,ferramentas_jardim,39.0,524.0,2.0,500.0,32.0,4.0,12.0,42
PRO_5289,automotivo,56.0,1803.0,4.0,800.0,66.0,10.0,11.0,5
PRO_5290,esporte_lazer,52.0,914.0,2.0,4350.0,20.0,20.0,20.0,65
PRO_5291,utilidades_domesticas,47.0,630.0,3.0,1100.0,22.0,30.0,22.0,49
PRO_5292,automotivo,56.0,855.0,5.0,1950.0,30.0,25.0,30.0,5
PRO_5293,relogios_presentes,48.0,488.0,1.0,200.0,16.0,11.0,20.0,71
PRO_5294,informatica_acessorios,55.0,635.0,1.0,103.0,16.0,10.0,11.0,15
PRO_5295,cama_mesa_banho,57.0,675.0,1.0,1350.0,19.0,17.0,23.0,7
PRO_5296,perfumaria,58.0,912.0,1.0,400.0,18.0,8.0,16.0,59
PRO_5297,informatica_acessorios,60.0,540.0,1.0,3400.0,21.0,17.0,15.0,15
PRO_5298,moveis_decoracao,24.0,234.0,1.0,850.0,16.0,14.0,15.0,39
PRO_5299,esporte_lazer,55.0,1524.0,1.0,2175.0,30.0,27.0,23.0,65
PRO_5300,automotivo,50.0,625.0,3.0,550.0,33.0,27.0,26.0,5
PRO_5301,esporte_lazer,56.0,627.0,4.0,600.0,16.0,10.0,15.0,65
PRO_5302,livros_interesse_geral,53.0,2315.0,3.0,1350.0,22.0,30.0,16.0,8
PRO_5303,fashion_bolsas_e_acessorios,54.0,356.0,3.0,550.0,43.0,16.0,27.0,28
PRO_5304,informatica_acessorios,36.0,398.0,1.0,900.0,28.0,18.0,14.0,15
PRO_5305,casa_construcao,57.0,821.0,3.0,21300.0,20.0,20.0,20.0,48
PRO_5306,moveis_decoracao,63.0,461.0,2.0,800.0,80.0,10.0,60.0,39
PRO_5307,perfumaria,39.0,82.0,1.0,150.0,16.0,2.0,11.0,59
PRO_5308,market_place,62.0,310.0,2.0,600.0,20.0,14.0,20.0,54
PRO_5309,cama_mesa_banho,57.0,492.0,1.0,1200.0,60.0,20.0,60.0,7
PRO_5310,cama_mesa_banho,57.0,507.0,1.0,1900.0,25.0,25.0,25.0,7
PRO_5311,telefonia,59.0,1311.0,2.0,50.0,18.0,6.0,11.0,68
PRO_5312,moveis_decoracao,54.0,718.0,1.0,300.0,16.0,16.0,16.0,39
PRO_5313,construcao_ferramentas_jardim,55.0,2039.0,6.0,200.0,16.0,3.0,12.0,21
PRO_5314,cama_mesa_banho,59.0,81.0,1.0,500.0,20.0,2.0,15.0,7
PRO_5315,beleza_saude,54.0,314.0,1.0,1400.0,19.0,28.0,17.0,43
PRO_5316,utilidades_domesticas,55.0,65.0,2.0,850.0,36.0,20.0,11.0,49
PRO_5317,cama_mesa_banho,58.0,626.0,2.0,900.0,50.0,7.0,38.0,7
PRO_5318,informatica_acessorios,28.0,736.0,1.0,856.0,25.0,16.0,18.0,15
PRO_5319,brinquedos,57.0,70.0,4.0,900.0,39.0,30.0,29.0,69
PRO_5320,esporte_lazer,41.0,243.0,1.0,400.0,44.0,13.0,44.0,65
PRO_5321,livros_interesse_geral,34.0,318.0,1.0,250.0,29.0,8.0,23.0,8
PRO_5322,moveis_decoracao,52.0,485.0,2.0,500.0,35.0,8.0,35.0,39
PRO_5323,unknown,51.0,595.0,1.0,1000.0,32.0,3.0,23.0,70
PRO_5324,moveis_decoracao,23.0,468.0,2.0,800.0,16.0,5.0,16.0,39
PRO_5325,fashion_bolsas_e_acessorios,53.0,277.0,4.0,200.0,16.0,10.0,11.0,28
PRO_5326,brinquedos,58.0,533.0,3.0,742.0,37.0,32.0,29.0,69
PRO_5327,bebes,45.0,406.0,4.0,9950.0,77.0,18.0,43.0,6
PRO_5328,perfumaria,41.0,688.0,1.0,600.0,17.0,19.0,15.0,59
PRO_5329,beleza_saude,35.0,355.0,1.0,300.0,18.0,11.0,18.0,43
PRO_5330,construcao_ferramentas_jardim,57.0,815.0,1.0,2200.0,16.0,16.0,16.0,21
PRO_5331,brinquedos,58.0,622.0,2.0,700.0,40.0,20.0,30.0,69
PRO_5332,beleza_saude,61.0,1054.0,4.0,100.0,29.0,5.0,15.0,43
PRO_5333,ferramentas_jardim,43.0,478.0,1.0,17533.0,58.0,58.0,59.0,42
PRO_5334,cama_mesa_banho,53.0,253.0,1.0,1550.0,40.0,20.0,20.0,7
PRO_5335,ferramentas_jardim,48.0,388.0,1.0,15200.0,23.0,102.0,32.0,42
PRO_5336,eletrodomesticos,58.0,1005.0,3.0,200.0,30.0,10.0,15.0,44
PRO_5337,automotivo,49.0,386.0,1.0,10400.0,40.0,30.0,40.0,5
PRO_5338,bebes,59.0,921.0,4.0,350.0,42.0,27.0,42.0,6
PRO_5339,ferramentas_jardim,47.0,590.0,4.0,133.0,18.0,8.0,12.0,42
PRO_5340,telefonia_fixa,20.0,287.0,3.0,100.0,19.0,3.0,11.0,34
PRO_5341,beleza_saude,37.0,974.0,1.0,400.0,16.0,16.0,16.0,43
PRO_5342,eletroportateis,58.0,1160.0,6.0,410.0,24.0,22.0,17.0,63
PRO_5343,fashion_calcados,34.0,240.0,12.0,200.0,29.0,7.0,16.0,31
PRO_5344,eletronicos,54.0,1497.0,7.0,700.0,22.0,6.0,11.0,26
PRO_5345,cama_mesa_banho,45.0,283.0,1.0,1164.0,41.0,18.0,37.0,7
PRO_5346,brinquedos,30.0,621.0,2.0,400.0,23.0,8.0,50.0,69
PRO_5347,cama_mesa_banho,59.0,81.0,1.0,700.0,20.0,2.0,15.0,7
PRO_5348,cama_mesa_banho,34.0,308.0,1.0,1900.0,58.0,15.0,46.0,7
PRO_5349,utilidades_domesticas,25.0,388.0,2.0,500.0,23.0,23.0,23.0,49
PRO_5350,utilidades_domesticas,59.0,322.0,5.0,600.0,24.0,5.0,18.0,49
PRO_5351,eletrodomesticos,60.0,143.0,2.0,150.0,17.0,7.0,13.0,44
PRO_5352,fashion_bolsas_e_acessorios,33.0,269.0,2.0,2000.0,30.0,10.0,20.0,28
PRO_5353,esporte_lazer,31.0,486.0,1.0,500.0,25.0,15.0,11.0,65
PRO_5354,relogios_presentes,51.0,314.0,3.0,500.0,20.0,15.0,17.0,71
PRO_5355,moveis_decoracao,40.0,117.0,7.0,3200.0,20.0,30.0,30.0,39
PRO_5356,consoles_games,40.0,786.0,1.0,200.0,20.0,3.0,18.0,16
PRO_5357,cama_mesa_banho,40.0,324.0,1.0,750.0,36.0,4.0,29.0,7
PRO_5358,papelaria,52.0,39.0,1.0,300.0,16.0,5.0,16.0,66
PRO_5359,cool_stuff,50.0,1490.0,3.0,550.0,100.0,6.0,50.0,20
PRO_5360,perfumaria,56.0,505.0,3.0,400.0,20.0,6.0,20.0,59
PRO_5361,automotivo,54.0,785.0,4.0,3950.0,65.0,15.0,15.0,5
PRO_5362,esporte_lazer,39.0,716.0,2.0,1280.0,29.0,24.0,22.0,65
PRO_5363,automotivo,60.0,762.0,2.0,2133.0,17.0,15.0,17.0,5
PRO_5364,climatizacao,55.0,1139.0,4.0,4853.0,37.0,53.0,39.0,1
PRO_5365,construcao_ferramentas_construcao,59.0,339.0,1.0,8525.0,29.0,9.0,29.0,17
PRO_5366,unknown,51.0,595.0,1.0,10600.0,40.0,40.0,30.0,70
PRO_5367,eletronicos,46.0,1047.0,2.0,700.0,21.0,8.0,18.0,26
PRO_5368,moveis_decoracao,63.0,1774.0,10.0,6900.0,19.0,69.0,38.0,39
PRO_5369,brinquedos,36.0,518.0,1.0,517.0,22.0,20.0,21.0,69
PRO_5370,eletronicos,45.0,456.0,1.0,175.0,22.0,11.0,16.0,26
PRO_5371,unknown,51.0,595.0,1.0,2000.0,80.0,60.0,11.0,70
PRO_5372,brinquedos,16.0,373.0,1.0,300.0,21.0,11.0,21.0,69
PRO_5373,utilidades_domesticas,59.0,1786.0,1.0,17900.0,35.0,2.0,35.0,49
PRO_5374,beleza_saude,52.0,577.0,1.0,457.0,19.0,12.0,16.0,43
PRO_5375,unknown,51.0,595.0,1.0,15500.0,51.0,50.0,36.0,70
PRO_5376,utilidades_domesticas,58.0,331.0,4.0,300.0,16.0,5.0,12.0,49
PRO_5377,esporte_lazer,46.0,735.0,1.0,175.0,22.0,7.0,14.0,65
PRO_5378,moveis_escritorio,37.0,1069.0,1.0,7563.0,58.0,65.0,30.0,57
PRO_5379,moveis_decoracao,59.0,1977.0,3.0,1450.0,69.0,11.0,11.0,39
PRO_5380,informatica_acessorios,54.0,347.0,2.0,125.0,19.0,16.0,16.0,15
PRO_5381,informatica_acessorios,55.0,726.0,2.0,300.0,16.0,8.0,16.0,15
PRO_5382,consoles_games,27.0,830.0,1.0,1000.0,20.0,30.0,20.0,16
PRO_5383,ferramentas_jardim,41.0,561.0,1.0,1450.0,24.0,21.0,16.0,42
PRO_5384,esporte_lazer,32.0,3831.0,1.0,150.0,16.0,16.0,11.0,65
PRO_5385,moveis_decoracao,48.0,669.0,2.0,14800.0,80.0,10.0,50.0,39
PRO_5386,utilidades_domesticas,43.0,595.0,1.0,1050.0,30.0,30.0,30.0,49
PRO_5387,utilidades_domesticas,51.0,127.0,3.0,2100.0,43.0,30.0,11.0,49
PRO_5388,esporte_lazer,19.0,423.0,2.0,450.0,32.0,8.0,24.0,65
PRO_5389,cama_mesa_banho,60.0,270.0,1.0,6600.0,55.0,25.0,35.0,7
PRO_5390,utilidades_domesticas,36.0,339.0,2.0,400.0,25.0,10.0,36.0,49
PRO_5391,unknown,51.0,595.0,1.0,6250.0,28.0,34.0,40.0,70
PRO_5392,ferramentas_jardim,60.0,1015.0,1.0,1200.0,27.0,10.0,14.0,42
PRO_5393,moveis_decoracao,53.0,676.0,4.0,15800.0,50.0,40.0,50.0,39
PRO_5394,bebes,36.0,474.0,1.0,12050.0,35.0,60.0,25.0,6
PRO_5395,informatica_acessorios,48.0,411.0,1.0,400.0,25.0,12.0,20.0,15
PRO_5396,esporte_lazer,45.0,211.0,1.0,150.0,16.0,16.0,11.0,65
PRO_5397,unknown,51.0,595.0,1.0,200.0,16.0,2.0,11.0,70
PRO_5398,moveis_decoracao,60.0,3160.0,3.0,9850.0,58.0,9.0,27.0,39
PRO_5399,fashion_calcados,51.0,1436.0,1.0,300.0,16.0,16.0,16.0,31
PRO_5400,cama_mesa_banho,55.0,397.0,1.0,1500.0,30.0,15.0,20.0,7
PRO_5401,eletronicos,43.0,287.0,1.0,350.0,19.0,9.0,17.0,26
PRO_5402,automotivo,52.0,85.0,1.0,250.0,25.0,7.0,20.0,5
PRO_5403,instrumentos_musicais,63.0,999.0,10.0,1400.0,55.0,18.0,45.0,56
PRO_5404,artigos_de_natal,44.0,247.0,1.0,200.0,16.0,8.0,11.0,12
PRO_5405,cama_mesa_banho,60.0,1617.0,4.0,250.0,16.0,22.0,11.0,7
PRO_5406,eletroportateis,56.0,1099.0,3.0,9300.0,33.0,29.0,41.0,63
PRO_5407,cool_stuff,57.0,768.0,4.0,500.0,27.0,10.0,15.0,20
PRO_5408,malas_acessorios,43.0,727.0,1.0,800.0,19.0,49.0,34.0,53
PRO_5409,bebes,52.0,738.0,1.0,950.0,50.0,19.0,45.0,6
PRO_5410,fashion_bolsas_e_acessorios,55.0,634.0,4.0,675.0,47.0,11.0,35.0,28
PRO_5411,utilidades_domesticas,37.0,2475.0,6.0,1100.0,20.0,26.0,20.0,49
PRO_5412,brinquedos,40.0,1156.0,1.0,310.0,17.0,14.0,12.0,69
PRO_5413,cama_mesa_banho,60.0,340.0,1.0,800.0,40.0,7.0,34.0,7
PRO_5414,papelaria,57.0,722.0,3.0,200.0,16.0,10.0,27.0,66
PRO_5415,moveis_decoracao,55.0,130.0,1.0,1900.0,40.0,10.0,35.0,39
PRO_5416,utilidades_domesticas,58.0,535.0,5.0,600.0,30.0,11.0,20.0,49
PRO_5417,pet_shop,53.0,627.0,1.0,18050.0,70.0,40.0,37.0,60
PRO_5418,livros_interesse_geral,58.0,1288.0,2.0,1300.0,18.0,25.0,11.0,8
PRO_5419,moveis_decoracao,63.0,682.0,8.0,1700.0,43.0,36.0,25.0,39
PRO_5420,utilidades_domesticas,61.0,881.0,4.0,6800.0,40.0,40.0,40.0,49
PRO_5421,bebes,13.0,850.0,1.0,450.0,60.0,3.0,24.0,6
PRO_5422,eletronicos,48.0,118.0,1.0,100.0,24.0,8.0,18.0,26
PRO_5423,moveis_decoracao,50.0,500.0,1.0,300.0,25.0,2.0,17.0,39
PRO_5424,brinquedos,45.0,308.0,7.0,750.0,21.0,18.0,21.0,69
PRO_5425,industria_comercio_e_negocios,52.0,1561.0,2.0,6950.0,16.0,104.0,35.0,50
PRO_5426,automotivo,56.0,703.0,6.0,6300.0,47.0,19.0,23.0,5
PRO_5427,eletrodomesticos,56.0,101.0,1.0,150.0,18.0,8.0,13.0,44
PRO_5428,bebes,38.0,1531.0,2.0,750.0,30.0,40.0,50.0,6
PRO_5429,cama_mesa_banho,43.0,502.0,1.0,700.0,16.0,22.0,20.0,7
PRO_5430,moveis_decoracao,48.0,1470.0,3.0,200.0,35.0,2.0,25.0,39
PRO_5431,telefonia,58.0,477.0,3.0,400.0,17.0,4.0,12.0,68
PRO_5432,utilidades_domesticas,49.0,370.0,2.0,300.0,16.0,10.0,12.0,49
PRO_5433,automotivo,46.0,47.0,1.0,1100.0,49.0,46.0,46.0,5
PRO_5434,cama_mesa_banho,51.0,446.0,1.0,700.0,16.0,10.0,16.0,7
PRO_5435,fashion_bolsas_e_acessorios,53.0,830.0,1.0,100.0,16.0,5.0,16.0,28
PRO_5436,utilidades_domesticas,59.0,230.0,2.0,600.0,16.0,20.0,20.0,49
PRO_5437,perfumaria,46.0,859.0,2.0,450.0,26.0,12.0,18.0,59
PRO_5438,brinquedos,47.0,746.0,3.0,500.0,24.0,11.0,16.0,69
PRO_5439,sinalizacao_e_seguranca,15.0,224.0,1.0,150.0,31.0,12.0,21.0,62
PRO_5440,beleza_saude,57.0,821.0,1.0,550.0,20.0,12.0,12.0,43
PRO_5441,pet_shop,52.0,348.0,5.0,250.0,18.0,9.0,14.0,60
PRO_5442,climatizacao,39.0,401.0,1.0,5075.0,51.0,43.0,46.0,1
PRO_5443,cama_mesa_banho,54.0,609.0,1.0,200.0,21.0,10.0,14.0,7
PRO_5444,perfumaria,49.0,481.0,1.0,175.0,16.0,16.0,11.0,59
PRO_5445,automotivo,52.0,828.0,1.0,400.0,30.0,30.0,30.0,5
PRO_5446,malas_acessorios,47.0,1479.0,1.0,850.0,25.0,50.0,30.0,53
PRO_5447,papelaria,44.0,373.0,3.0,3167.0,50.0,21.0,37.0,66
PRO_5448,ferramentas_jardim,29.0,1038.0,5.0,16300.0,100.0,25.0,30.0,42
PRO_5449,portateis_casa_forno_e_cafe,53.0,97.0,1.0,150.0,27.0,13.0,17.0,64
PRO_5450,cama_mesa_banho,56.0,458.0,1.0,1860.0,39.0,12.0,33.0,7
PRO_5451,telefonia,36.0,218.0,1.0,100.0,20.0,5.0,12.0,68
PRO_5452,moveis_decoracao,26.0,375.0,1.0,1600.0,35.0,8.0,35.0,39
PRO_5453,eletronicos,32.0,598.0,5.0,525.0,20.0,15.0,25.0,26
PRO_5454,automotivo,57.0,955.0,2.0,300.0,17.0,10.0,15.0,5
PRO_5455,relogios_presentes,57.0,673.0,1.0,500.0,16.0,11.0,20.0,71
PRO_5456,fashion_underwear_e_moda_praia,63.0,3853.0,12.0,700.0,20.0,10.0,15.0,33
PRO_5457,malas_acessorios,31.0,851.0,3.0,600.0,16.0,30.0,20.0,53
PRO_5458,automotivo,57.0,1671.0,1.0,730.0,25.0,12.0,18.0,5
PRO_5459,beleza_saude,53.0,1828.0,2.0,650.0,28.0,11.0,15.0,43
PRO_5460,beleza_saude,38.0,1665.0,1.0,2300.0,17.0,9.0,32.0,43
PRO_5461,ferramentas_jardim,42.0,207.0,1.0,1200.0,40.0,30.0,20.0,42
PRO_5462,relogios_presentes,53.0,356.0,4.0,300.0,16.0,2.0,11.0,71
PRO_5463,ferramentas_jardim,47.0,417.0,4.0,1150.0,22.0,21.0,16.0,42
PRO_5464,brinquedos,56.0,678.0,3.0,200.0,16.0,8.0,11.0,69
PRO_5465,moveis_decoracao,43.0,140.0,1.0,1500.0,25.0,20.0,35.0,39
PRO_5466,moveis_cozinha_area_de_servico_jantar_e_jardim,39.0,266.0,1.0,30000.0,31.0,96.0,73.0,51
PRO_5467,cama_mesa_banho,57.0,558.0,1.0,2250.0,25.0,25.0,25.0,7
PRO_5468,brinquedos,41.0,998.0,3.0,1350.0,22.0,20.0,34.0,69
PRO_5469,perfumaria,56.0,1224.0,3.0,556.0,21.0,16.0,16.0,59
PRO_5470,moveis_decoracao,23.0,910.0,2.0,1700.0,20.0,45.0,15.0,39
PRO_5471,livros_interesse_geral,49.0,468.0,1.0,450.0,26.0,4.0,26.0,8
PRO_5472,automotivo,46.0,458.0,1.0,2200.0,16.0,2.0,11.0,5
PRO_5473,moveis_decoracao,59.0,1953.0,1.0,700.0,69.0,11.0,11.0,39
PRO_5474,pet_shop,53.0,1494.0,2.0,900.0,26.0,19.0,23.0,60
PRO_5475,utilidades_domesticas,57.0,394.0,1.0,1400.0,30.0,30.0,30.0,49
PRO_5476,eletroportateis,41.0,702.0,1.0,800.0,50.0,10.0,18.0,63
PRO_5477,papelaria,55.0,300.0,3.0,1800.0,60.0,20.0,29.0,66
PRO_5478,moveis_decoracao,57.0,1586.0,6.0,228.0,17.0,12.0,15.0,39
PRO_5479,moveis_decoracao,45.0,1064.0,1.0,7183.0,56.0,56.0,18.0,39
PRO_5480,unknown,51.0,595.0,1.0,600.0,35.0,35.0,15.0,70
PRO_5481,audio,58.0,1278.0,5.0,450.0,20.0,9.0,15.0,4
PRO_5482,utilidades_domesticas,49.0,964.0,1.0,1300.0,16.0,30.0,12.0,49
PRO_5483,climatizacao,57.0,1351.0,5.0,5800.0,55.0,16.0,26.0,1
PRO_5484,eletroportateis,49.0,663.0,1.0,2300.0,45.0,30.0,30.0,63
PRO_5485,relogios_presentes,56.0,817.0,1.0,50.0,16.0,8.0,16.0,71
PRO_5486,telefonia,51.0,675.0,4.0,314.0,20.0,9.0,14.0,68
PRO_5487,cool_stuff,51.0,729.0,2.0,8100.0,45.0,24.0,39.0,20
PRO_5488,brinquedos,41.0,220.0,1.0,600.0,45.0,15.0,35.0,69
PRO_5489,brinquedos,51.0,462.0,3.0,1500.0,16.0,26.0,36.0,69
PRO_5490,utilidades_domesticas,51.0,482.0,3.0,617.0,40.0,13.0,25.0,49
PRO_5491,beleza_saude,32.0,569.0,2.0,700.0,16.0,16.0,16.0,43
PRO_5492,consoles_games,60.0,1302.0,4.0,367.0,16.0,16.0,16.0,16
PRO_5493,relogios_presentes,57.0,706.0,1.0,400.0,21.0,14.0,14.0,71
PRO_5494,moveis_decoracao,24.0,709.0,4.0,550.0,22.0,15.0,11.0,39
PRO_5495,beleza_saude,52.0,353.0,1.0,600.0,17.0,18.0,17.0,43
PRO_5496,telefonia,57.0,823.0,2.0,50.0,16.0,22.0,11.0,68
PRO_5497,industria_comercio_e_negocios,53.0,407.0,1.0,2850.0,70.0,8.0,17.0,50
PRO_5498,ferramentas_jardim,50.0,187.0,1.0,8250.0,24.0,102.0,30.0,42
PRO_5499,telefonia,48.0,1047.0,4.0,100.0,20.0,20.0,20.0,68
PRO_5500,utilidades_domesticas,59.0,2180.0,3.0,12150.0,63.0,37.0,29.0,49
PRO_5501,cool_stuff,47.0,867.0,1.0,300.0,25.0,10.0,20.0,20
PRO_5502,pet_shop,52.0,423.0,2.0,150.0,27.0,9.0,26.0,60
PRO_5503,consoles_games,38.0,919.0,3.0,700.0,19.0,6.0,15.0,16
PRO_5504,esporte_lazer,33.0,751.0,1.0,200.0,16.0,17.0,22.0,65
PRO_5505,cama_mesa_banho,54.0,739.0,1.0,1050.0,25.0,10.0,25.0,7
PRO_5506,telefonia,56.0,451.0,1.0,133.0,18.0,4.0,11.0,68
PRO_5507,telefonia,43.0,398.0,4.0,150.0,19.0,3.0,11.0,68
PRO_5508,utilidades_domesticas,54.0,476.0,1.0,775.0,23.0,12.0,23.0,49
PRO_5509,brinquedos,54.0,641.0,4.0,2050.0,33.0,29.0,37.0,69
PRO_5510,eletroportateis,38.0,184.0,4.0,2400.0,32.0,21.0,24.0,63
PRO_5511,fashion_bolsas_e_acessorios,39.0,386.0,3.0,600.0,16.0,11.0,11.0,28
PRO_5512,esporte_lazer,38.0,490.0,1.0,700.0,28.0,15.0,20.0,65
PRO_5513,esporte_lazer,60.0,1552.0,3.0,1450.0,105.0,15.0,15.0,65
PRO_5514,moveis_decoracao,40.0,509.0,4.0,4000.0,40.0,40.0,40.0,39
PRO_5515,brinquedos,27.0,512.0,1.0,6745.0,62.0,34.0,40.0,69
PRO_5516,livros_importados,48.0,2157.0,6.0,1000.0,33.0,6.0,22.0,9
PRO_5517,moveis_decoracao,39.0,161.0,3.0,200.0,20.0,20.0,20.0,39
PRO_5518,moveis_cozinha_area_de_servico_jantar_e_jardim,55.0,383.0,2.0,22150.0,76.0,46.0,38.0,51
PRO_5519,cama_mesa_banho,36.0,223.0,1.0,550.0,40.0,5.0,30.0,7
PRO_5520,utilidades_domesticas,53.0,493.0,1.0,5750.0,40.0,25.0,30.0,49
PRO_5521,malas_acessorios,56.0,267.0,1.0,4633.0,37.0,34.0,30.0,53
PRO_5522,automotivo,59.0,2034.0,6.0,1775.0,42.0,30.0,31.0,5
PRO_5523,esporte_lazer,38.0,165.0,1.0,400.0,20.0,20.0,20.0,65
PRO_5524,moveis_decoracao,33.0,187.0,5.0,7950.0,40.0,38.0,40.0,39
PRO_5525,beleza_saude,44.0,1165.0,1.0,250.0,16.0,15.0,11.0,43
PRO_5526,unknown,51.0,595.0,1.0,400.0,16.0,5.0,12.0,70
PRO_5527,malas_acessorios,52.0,220.0,1.0,650.0,46.0,10.0,34.0,53
PRO_5528,cama_mesa_banho,51.0,444.0,2.0,950.0,50.0,16.0,16.0,7
PRO_5529,esporte_lazer,59.0,941.0,8.0,6350.0,90.0,15.0,25.0,65
PRO_5530,relogios_presentes,56.0,582.0,1.0,450.0,16.0,19.0,14.0,71
PRO_5531,casa_construcao,52.0,928.0,7.0,1000.0,16.0,20.0,16.0,48
PRO_5532,esporte_lazer,55.0,662.0,1.0,190.0,19.0,16.0,16.0,65
PRO_5533,unknown,51.0,595.0,1.0,1600.0,48.0,8.0,39.0,70
PRO_5534,perfumaria,50.0,548.0,1.0,300.0,16.0,2.0,11.0,59
PRO_5535,pet_shop,39.0,619.0,1.0,111.0,17.0,10.0,12.0,60
PRO_5536,informatica_acessorios,33.0,1084.0,2.0,200.0,41.0,2.0,29.0,15
PRO_5537,informatica_acessorios,38.0,492.0,1.0,300.0,18.0,9.0,16.0,15
PRO_5538,papelaria,52.0,224.0,2.0,2400.0,28.0,55.0,37.0,66
PRO_5539,cama_mesa_banho,48.0,354.0,1.0,26600.0,45.0,15.0,35.0,7
PRO_5540,moveis_decoracao,42.0,993.0,1.0,1050.0,17.0,27.0,17.0,39
PRO_5541,livros_interesse_geral,48.0,659.0,1.0,13300.0,16.0,2.0,11.0,8
PRO_5542,papelaria,36.0,436.0,1.0,400.0,35.0,42.0,18.0,66
PRO_5543,moveis_decoracao,50.0,676.0,2.0,2125.0,28.0,27.0,33.0,39
PRO_5544,moveis_decoracao,59.0,1749.0,4.0,950.0,65.0,3.0,45.0,39
PRO_5545,automotivo,60.0,651.0,5.0,4350.0,72.0,4.0,46.0,5
PRO_5546,eletronicos,38.0,459.0,1.0,250.0,18.0,19.0,18.0,26
PRO_5547,moveis_decoracao,36.0,592.0,1.0,2300.0,25.0,3.0,65.0,39
PRO_5548,esporte_lazer,59.0,1013.0,3.0,200.0,20.0,7.0,12.0,65
PRO_5549,utilidades_domesticas,63.0,334.0,1.0,900.0,16.0,30.0,26.0,49
PRO_5550,relogios_presentes,43.0,602.0,2.0,500.0,16.0,11.0,11.0,71
PRO_5551,automotivo,58.0,840.0,1.0,1750.0,45.0,20.0,45.0,5
PRO_5552,esporte_lazer,47.0,1249.0,1.0,400.0,27.0,6.0,25.0,65
PRO_5553,bebes,38.0,974.0,5.0,119.0,16.0,11.0,14.0,6
PRO_5554,relogios_presentes,44.0,307.0,1.0,375.0,21.0,15.0,16.0,71
PRO_5555,esporte_lazer,32.0,480.0,1.0,500.0,16.0,14.0,11.0,65
PRO_5556,cama_mesa_banho,40.0,305.0,1.0,1125.0,30.0,15.0,31.0,7
PRO_5557,casa_construcao,48.0,868.0,8.0,700.0,16.0,27.0,16.0,48
PRO_5558,esporte_lazer,26.0,729.0,4.0,300.0,20.0,8.0,11.0,65
PRO_5559,esporte_lazer,40.0,354.0,3.0,650.0,28.0,20.0,25.0,65
PRO_5560,casa_construcao,56.0,797.0,5.0,9950.0,52.0,22.0,52.0,48
PRO_5561,livros_importados,34.0,472.0,1.0,800.0,30.0,2.0,21.0,9
PRO_5562,cool_stuff,53.0,445.0,2.0,900.0,30.0,45.0,15.0,20
PRO_5563,unknown,51.0,595.0,1.0,400.0,25.0,7.0,11.0,70
PRO_5564,telefonia,46.0,486.0,2.0,167.0,16.0,10.0,17.0,68
PRO_5565,eletronicos,59.0,743.0,2.0,343.0,28.0,16.0,19.0,26
PRO_5566,esporte_lazer,49.0,1141.0,2.0,400.0,19.0,11.0,37.0,65
PRO_5567,malas_acessorios,48.0,389.0,3.0,14000.0,26.0,66.0,46.0,53
PRO_5568,moveis_escritorio,59.0,1253.0,1.0,8075.0,52.0,51.0,17.0,57
PRO_5569,beleza_saude,54.0,353.0,2.0,7400.0,34.0,25.0,17.0,43
PRO_5570,brinquedos,52.0,233.0,1.0,300.0,45.0,15.0,35.0,69
PRO_5571,dvds_blu_ray,48.0,899.0,1.0,150.0,20.0,2.0,14.0,25
PRO_5572,automotivo,59.0,580.0,2.0,200.0,16.0,5.0,20.0,5
PRO_5573,construcao_ferramentas_construcao,49.0,267.0,2.0,6700.0,30.0,10.0,30.0,17
PRO_5574,utilidades_domesticas,58.0,471.0,5.0,8250.0,33.0,35.0,33.0,49
PRO_5575,informatica_acessorios,51.0,550.0,1.0,5550.0,23.0,9.0,23.0,15
PRO_5576,cine_foto,55.0,468.0,2.0,350.0,24.0,4.0,12.0,13
PRO_5577,utilidades_domesticas,47.0,587.0,3.0,1000.0,28.0,12.0,21.0,49
PRO_5578,cama_mesa_banho,53.0,271.0,1.0,1300.0,45.0,15.0,35.0,7
PRO_5579,fashion_roupa_masculina,36.0,695.0,2.0,300.0,16.0,2.0,11.0,30
PRO_5580,alimentos_bebidas,60.0,295.0,2.0,274.0,28.0,15.0,20.0,37
PRO_5581,telefonia_fixa,56.0,1130.0,2.0,842.0,23.0,20.0,21.0,34
PRO_5582,automotivo,58.0,824.0,1.0,200.0,16.0,2.0,11.0,5
PRO_5583,malas_acessorios,28.0,491.0,2.0,150.0,16.0,17.0,11.0,53
PRO_5584,moveis_decoracao,56.0,470.0,2.0,400.0,80.0,10.0,60.0,39
PRO_5585,esporte_lazer,48.0,604.0,1.0,700.0,16.0,13.0,14.0,65
PRO_5586,moveis_decoracao,40.0,789.0,1.0,2850.0,20.0,35.0,20.0,39
PRO_5587,construcao_ferramentas_construcao,49.0,249.0,1.0,200.0,16.0,5.0,11.0,17
PRO_5588,automotivo,58.0,506.0,4.0,100.0,23.0,2.0,17.0,5
PRO_5589,bebes,25.0,641.0,2.0,517.0,25.0,26.0,26.0,6
PRO_5590,utilidades_domesticas,55.0,236.0,1.0,450.0,54.0,4.0,15.0,49
PRO_5591,cama_mesa_banho,58.0,298.0,1.0,6100.0,36.0,15.0,45.0,7
PRO_5592,cool_stuff,43.0,199.0,1.0,200.0,20.0,13.0,20.0,20
PRO_5593,brinquedos,43.0,2239.0,2.0,200.0,17.0,21.0,11.0,69
PRO_5594,cool_stuff,39.0,2203.0,1.0,500.0,16.0,7.0,13.0,20
PRO_5595,brinquedos,41.0,85.0,2.0,662.0,21.0,26.0,18.0,69
PRO_5596,beleza_saude,35.0,795.0,1.0,450.0,30.0,30.0,30.0,43
PRO_5597,casa_construcao,48.0,523.0,1.0,100.0,80.0,16.0,16.0,48
PRO_5598,eletronicos,58.0,780.0,2.0,2600.0,18.0,7.0,30.0,26
PRO_5599,informatica_acessorios,42.0,703.0,3.0,400.0,16.0,16.0,13.0,15
PRO_5600,ferramentas_jardim,45.0,1095.0,9.0,598.0,38.0,30.0,38.0,42
PRO_5601,dvds_blu_ray,49.0,2821.0,1.0,450.0,20.0,5.0,14.0,25
PRO_5602,informatica_acessorios,50.0,835.0,1.0,250.0,20.0,20.0,20.0,15
PRO_5603,cama_mesa_banho,62.0,313.0,1.0,3000.0,45.0,15.0,35.0,7
PRO_5604,relogios_presentes,58.0,1258.0,3.0,178.0,16.0,12.0,11.0,71
PRO_5605,ferramentas_jardim,55.0,617.0,2.0,29600.0,42.0,17.0,42.0,42
PRO_5606,cama_mesa_banho,22.0,735.0,5.0,800.0,20.0,20.0,20.0,7
PRO_5607,cama_mesa_banho,53.0,197.0,1.0,7725.0,52.0,26.0,47.0,7
PRO_5608,esporte_lazer,24.0,678.0,1.0,14600.0,34.0,12.0,12.0,65
PRO_5609,informatica_acessorios,42.0,521.0,3.0,400.0,16.0,8.0,16.0,15
PRO_5610,moveis_decoracao,63.0,418.0,1.0,1500.0,45.0,15.0,35.0,39
PRO_5611,livros_tecnicos,60.0,2170.0,1.0,110.0,33.0,6.0,22.0,10
PRO_5612,perfumaria,47.0,1170.0,3.0,500.0,16.0,16.0,22.0,59
PRO_5613,pet_shop,56.0,1115.0,2.0,1185.0,30.0,10.0,21.0,60
PRO_5614,utilidades_domesticas,60.0,1056.0,2.0,8550.0,27.0,23.0,27.0,49
PRO_5615,casa_construcao,53.0,871.0,6.0,500.0,16.0,20.0,16.0,48
PRO_5616,bebes,40.0,1109.0,1.0,28250.0,34.0,85.0,55.0,6
PRO_5617,fashion_bolsas_e_acessorios,41.0,521.0,4.0,300.0,16.0,7.0,11.0,28
PRO_5618,esporte_lazer,50.0,988.0,2.0,250.0,16.0,10.0,15.0,65
PRO_5619,relogios_presentes,53.0,555.0,1.0,200.0,20.0,7.0,15.0,71
PRO_5620,automotivo,58.0,689.0,5.0,1550.0,60.0,8.0,33.0,5
PRO_5621,telefonia,60.0,911.0,4.0,400.0,21.0,6.0,13.0,68
PRO_5622,utilidades_domesticas,47.0,1054.0,4.0,1500.0,25.0,17.0,12.0,49
PRO_5623,brinquedos,42.0,1112.0,1.0,1103.0,33.0,15.0,28.0,69
PRO_5624,esporte_lazer,57.0,652.0,1.0,3450.0,16.0,15.0,20.0,65
PRO_5625,cama_mesa_banho,59.0,297.0,1.0,2250.0,35.0,10.0,35.0,7
PRO_5626,construcao_ferramentas_construcao,59.0,1007.0,2.0,400.0,34.0,4.0,16.0,17
PRO_5627,esporte_lazer,41.0,754.0,1.0,3180.0,28.0,22.0,26.0,65
PRO_5628,utilidades_domesticas,57.0,189.0,1.0,19100.0,54.0,45.0,43.0,49
PRO_5629,informatica_acessorios,32.0,498.0,1.0,200.0,18.0,9.0,16.0,15
PRO_5630,cama_mesa_banho,53.0,124.0,3.0,700.0,22.0,13.0,16.0,7
PRO_5631,cama_mesa_banho,55.0,133.0,2.0,700.0,50.0,5.0,50.0,7
PRO_5632,telefonia,39.0,375.0,4.0,267.0,19.0,4.0,12.0,68
PRO_5633,artigos_de_natal,17.0,322.0,2.0,200.0,30.0,2.0,21.0,12
PRO_5634,automotivo,50.0,296.0,2.0,100.0,16.0,10.0,15.0,5
PRO_5635,beleza_saude,54.0,1674.0,1.0,300.0,20.0,8.0,13.0,43
PRO_5636,beleza_saude,60.0,1610.0,2.0,250.0,16.0,4.0,11.0,43
PRO_5637,eletroportateis,50.0,1041.0,2.0,4000.0,19.0,60.0,30.0,63
PRO_5638,esporte_lazer,36.0,610.0,1.0,200.0,20.0,20.0,20.0,65
PRO_5639,cool_stuff,44.0,3049.0,3.0,850.0,22.0,22.0,22.0,20
PRO_5640,esporte_lazer,26.0,1322.0,2.0,400.0,26.0,16.0,21.0,65
PRO_5641,instrumentos_musicais,29.0,523.0,1.0,14200.0,105.0,16.0,40.0,56
PRO_5642,informatica_acessorios,41.0,100.0,4.0,200.0,34.0,2.0,18.0,15
PRO_5643,climatizacao,52.0,1222.0,1.0,2800.0,16.0,2.0,11.0,1
PRO_5644,cama_mesa_banho,57.0,592.0,1.0,1600.0,40.0,4.0,28.0,7
PRO_5645,ferramentas_jardim,34.0,219.0,1.0,700.0,30.0,15.0,15.0,42
PRO_5646,moveis_decoracao,54.0,688.0,1.0,300.0,22.0,2.0,32.0,39
PRO_5647,automotivo,41.0,1978.0,1.0,12200.0,62.0,62.0,19.0,5
PRO_5648,telefonia,30.0,305.0,1.0,100.0,19.0,3.0,11.0,68
PRO_5649,moveis_decoracao,53.0,213.0,1.0,1650.0,40.0,10.0,30.0,39
PRO_5650,papelaria,45.0,513.0,2.0,575.0,23.0,26.0,14.0,66
PRO_5651,informatica_acessorios,48.0,213.0,1.0,350.0,16.0,8.0,11.0,15
PRO_5652,esporte_lazer,56.0,450.0,2.0,1050.0,25.0,21.0,18.0,65
PRO_5653,bebes,53.0,2601.0,1.0,400.0,30.0,16.0,20.0,6
PRO_5654,cama_mesa_banho,60.0,335.0,3.0,6050.0,60.0,10.0,60.0,7
PRO_5655,relogios_presentes,53.0,672.0,2.0,275.0,16.0,11.0,11.0,71
PRO_5656,utilidades_domesticas,59.0,456.0,5.0,600.0,22.0,8.0,22.0,49
PRO_5657,sinalizacao_e_seguranca,48.0,1821.0,1.0,150.0,16.0,9.0,11.0,62
PRO_5658,informatica_acessorios,56.0,444.0,3.0,500.0,16.0,5.0,15.0,15
PRO_5659,artes,49.0,423.0,1.0,100.0,16.0,5.0,11.0,2
PRO_5660,beleza_saude,39.0,1306.0,1.0,1200.0,30.0,12.0,16.0,43
PRO_5661,pet_shop,37.0,734.0,10.0,6100.0,48.0,28.0,31.0,60
PRO_5662,construcao_ferramentas_construcao,39.0,493.0,1.0,2008.0,45.0,23.0,21.0,17
PRO_5663,relogios_presentes,39.0,587.0,2.0,325.0,18.0,13.0,16.0,71
PRO_5664,relogios_presentes,44.0,788.0,1.0,275.0,17.0,10.0,12.0,71
PRO_5665,telefonia_fixa,31.0,1990.0,2.0,1700.0,22.0,9.0,30.0,34
PRO_5666,beleza_saude,21.0,1790.0,7.0,1025.0,33.0,36.0,31.0,43
PRO_5667,sinalizacao_e_seguranca,51.0,910.0,2.0,800.0,47.0,8.0,12.0,62
PRO_5668,informatica_acessorios,40.0,298.0,2.0,306.0,15.0,21.0,13.0,15
PRO_5669,esporte_lazer,43.0,1177.0,3.0,1683.0,35.0,17.0,48.0,65
PRO_5670,informatica_acessorios,50.0,494.0,2.0,163.0,17.0,11.0,16.0,15
PRO_5671,esporte_lazer,56.0,788.0,3.0,300.0,22.0,6.0,16.0,65
PRO_5672,casa_construcao,59.0,303.0,2.0,250.0,20.0,4.0,20.0,48
PRO_5673,esporte_lazer,54.0,1954.0,1.0,400.0,16.0,10.0,11.0,65
PRO_5674,brinquedos,51.0,313.0,4.0,3250.0,65.0,13.0,36.0,69
PRO_5675,alimentos_bebidas,28.0,371.0,2.0,1200.0,23.0,12.0,19.0,37
PRO_5676,beleza_saude,42.0,427.0,1.0,30000.0,50.0,75.0,56.0,43
PRO_5677,bebes,54.0,1385.0,2.0,2056.0,39.0,22.0,27.0,6
PRO_5678,pet_shop,63.0,935.0,8.0,16850.0,60.0,40.0,42.0,60
PRO_5679,cama_mesa_banho,57.0,249.0,1.0,850.0,35.0,20.0,35.0,7
PRO_5680,esporte_lazer,49.0,752.0,1.0,200.0,20.0,7.0,14.0,65
PRO_5681,pet_shop,52.0,348.0,10.0,200.0,18.0,9.0,14.0,60
PRO_5682,moveis_decoracao,59.0,2432.0,2.0,400.0,69.0,11.0,11.0,39
PRO_5683,instrumentos_musicais,59.0,233.0,1.0,350.0,30.0,20.0,30.0,56
PRO_5684,moveis_sala,34.0,853.0,1.0,15150.0,38.0,48.0,38.0,40
PRO_5685,telefonia,56.0,447.0,2.0,175.0,18.0,4.0,12.0,68
PRO_5686,unknown,51.0,595.0,1.0,300.0,24.0,24.0,11.0,70
PRO_5687,cama_mesa_banho,58.0,418.0,1.0,1650.0,40.0,6.0,30.0,7
PRO_5688,esporte_lazer,58.0,264.0,1.0,500.0,45.0,10.0,40.0,65
PRO_5689,beleza_saude,44.0,1487.0,1.0,1150.0,30.0,10.0,17.0,43
PRO_5690,esporte_lazer,29.0,223.0,1.0,1200.0,42.0,12.0,43.0,65
PRO_5691,moveis_decoracao,50.0,1831.0,3.0,7600.0,65.0,5.0,47.0,39
PRO_5692,brinquedos,38.0,567.0,1.0,650.0,31.0,18.0,23.0,69
PRO_5693,papelaria,54.0,193.0,3.0,190.0,20.0,14.0,13.0,66
PRO_5694,esporte_lazer,45.0,793.0,1.0,206.0,18.0,11.0,14.0,65
PRO_5695,informatica_acessorios,55.0,300.0,1.0,761.0,18.0,15.0,15.0,15
PRO_5696,livros_interesse_geral,43.0,791.0,2.0,425.0,19.0,12.0,14.0,8
PRO_5697,esporte_lazer,41.0,1185.0,1.0,200.0,16.0,9.0,10.0,65
PRO_5698,informatica_acessorios,24.0,456.0,1.0,50.0,60.0,16.0,11.0,15
PRO_5699,dvds_blu_ray,46.0,2123.0,3.0,400.0,18.0,25.0,11.0,25
PRO_5700,esporte_lazer,49.0,786.0,2.0,4750.0,40.0,25.0,25.0,65
PRO_5701,consoles_games,56.0,236.0,3.0,200.0,16.0,8.0,11.0,16
PRO_5702,eletrodomesticos,57.0,416.0,1.0,11950.0,50.0,2.0,37.0,44
PRO_5703,cool_stuff,54.0,940.0,1.0,2000.0,45.0,30.0,20.0,20
PRO_5704,informatica_acessorios,57.0,1738.0,1.0,596.0,19.0,7.0,15.0,15
PRO_5705,moveis_decoracao,55.0,314.0,1.0,500.0,40.0,15.0,40.0,39
PRO_5706,cama_mesa_banho,48.0,417.0,1.0,266.0,28.0,5.0,16.0,7
PRO_5707,esporte_lazer,58.0,893.0,1.0,13700.0,26.0,7.0,11.0,65
PRO_5708,utilidades_domesticas,36.0,508.0,2.0,1200.0,33.0,10.0,30.0,49
PRO_5709,cama_mesa_banho,56.0,122.0,3.0,800.0,22.0,13.0,16.0,7
PRO_5710,cool_stuff,32.0,133.0,1.0,200.0,18.0,12.0,16.0,20
PRO_5711,cama_mesa_banho,59.0,677.0,1.0,1275.0,19.0,17.0,23.0,7
PRO_5712,bebes,28.0,2433.0,3.0,100.0,19.0,7.0,11.0,6
PRO_5713,cama_mesa_banho,54.0,472.0,1.0,1500.0,46.0,9.0,37.0,7
PRO_5714,esporte_lazer,44.0,1031.0,1.0,493.0,18.0,17.0,16.0,65
PRO_5715,cama_mesa_banho,51.0,517.0,1.0,1000.0,16.0,10.0,16.0,7
PRO_5716,automotivo,57.0,918.0,1.0,5050.0,35.0,20.0,20.0,5
PRO_5717,automotivo,60.0,587.0,2.0,725.0,60.0,8.0,33.0,5
PRO_5718,relogios_presentes,45.0,702.0,1.0,367.0,19.0,13.0,19.0,71
PRO_5719,moveis_escritorio,55.0,1086.0,1.0,27200.0,48.0,45.0,56.0,57
PRO_5720,fashion_bolsas_e_acessorios,40.0,360.0,5.0,200.0,16.0,12.0,14.0,28
PRO_5721,automotivo,59.0,1066.0,4.0,100.0,24.0,2.0,17.0,5
PRO_5722,relogios_presentes,51.0,595.0,6.0,350.0,16.0,2.0,11.0,71
PRO_5723,relogios_presentes,42.0,510.0,1.0,283.0,18.0,14.0,14.0,71
PRO_5724,relogios_presentes,51.0,753.0,2.0,300.0,16.0,11.0,20.0,71
PRO_5725,bebes,57.0,799.0,2.0,2400.0,31.0,43.0,21.0,6
PRO_5726,utilidades_domesticas,59.0,1582.0,4.0,6100.0,31.0,29.0,41.0,49
PRO_5727,telefonia,60.0,818.0,6.0,300.0,17.0,4.0,12.0,68
PRO_5728,esporte_lazer,55.0,2021.0,5.0,588.0,25.0,30.0,28.0,65
PRO_5729,utilidades_domesticas,45.0,520.0,1.0,350.0,16.0,15.0,15.0,49
PRO_5730,moveis_decoracao,51.0,527.0,1.0,7750.0,49.0,25.0,49.0,39
PRO_5731,moveis_decoracao,38.0,1303.0,2.0,1250.0,52.0,7.0,11.0,39
PRO_5732,cool_stuff,57.0,1620.0,1.0,2250.0,16.0,40.0,16.0,20
PRO_5733,telefonia,58.0,667.0,3.0,350.0,17.0,4.0,12.0,68
PRO_5734,construcao_ferramentas_seguranca,60.0,605.0,4.0,600.0,20.0,20.0,20.0,19
PRO_5735,cool_stuff,48.0,874.0,1.0,1050.0,42.0,25.0,15.0,20
PRO_5736,relogios_presentes,59.0,183.0,2.0,200.0,16.0,2.0,11.0,71
PRO_5737,construcao_ferramentas_seguranca,57.0,1230.0,1.0,700.0,60.0,10.0,20.0,19
PRO_5738,utilidades_domesticas,46.0,857.0,1.0,700.0,16.0,16.0,11.0,49
PRO_5739,ferramentas_jardim,33.0,509.0,1.0,9100.0,42.0,13.0,39.0,42
PRO_5740,relogios_presentes,46.0,655.0,1.0,450.0,18.0,12.0,14.0,71
PRO_5741,esporte_lazer,63.0,924.0,5.0,300.0,25.0,12.0,18.0,65
PRO_5742,cama_mesa_banho,33.0,254.0,1.0,1250.0,33.0,9.0,38.0,7
PRO_5743,informatica_acessorios,41.0,1670.0,5.0,3750.0,36.0,16.0,36.0,15
PRO_5744,informatica_acessorios,46.0,2604.0,2.0,5879.0,30.0,25.0,19.0,15
PRO_5745,beleza_saude,60.0,850.0,1.0,417.0,25.0,7.0,22.0,43
PRO_5746,construcao_ferramentas_construcao,59.0,2432.0,3.0,1200.0,16.0,11.0,11.0,17
PRO_5747,automotivo,59.0,2400.0,2.0,2130.0,23.0,17.0,19.0,5
PRO_5748,automotivo,55.0,766.0,3.0,6450.0,72.0,22.0,52.0,5
PRO_5749,automotivo,56.0,1661.0,3.0,500.0,16.0,21.0,18.0,5
PRO_5750,utilidades_domesticas,47.0,534.0,2.0,11250.0,40.0,40.0,30.0,49
PRO_5751,fashion_bolsas_e_acessorios,56.0,187.0,3.0,100.0,16.0,2.0,11.0,28
PRO_5752,consoles_games,60.0,2462.0,5.0,1100.0,22.0,13.0,18.0,16
PRO_5753,fashion_bolsas_e_acessorios,38.0,435.0,1.0,188.0,22.0,12.0,21.0,28
PRO_5754,beleza_saude,42.0,639.0,1.0,300.0,19.0,12.0,13.0,43
PRO_5755,cama_mesa_banho,54.0,123.0,2.0,500.0,70.0,8.0,45.0,7
PRO_5756,telefonia_fixa,34.0,1016.0,2.0,1100.0,20.0,16.0,20.0,34
PRO_5757,cama_mesa_banho,44.0,167.0,1.0,1850.0,47.0,7.0,35.0,7
PRO_5758,beleza_saude,57.0,2908.0,1.0,900.0,20.0,11.0,15.0,43
PRO_5759,moveis_decoracao,50.0,228.0,3.0,1200.0,40.0,15.0,30.0,39
PRO_5760,brinquedos,51.0,642.0,1.0,16350.0,70.0,35.0,40.0,69
PRO_5761,automotivo,35.0,90.0,3.0,6900.0,17.0,19.0,27.0,5
PRO_5762,sinalizacao_e_seguranca,60.0,528.0,5.0,550.0,28.0,12.0,22.0,62
PRO_5763,esporte_lazer,54.0,2990.0,1.0,2600.0,27.0,32.0,27.0,65
PRO_5764,ferramentas_jardim,30.0,825.0,1.0,3000.0,27.0,10.0,32.0,42
PRO_5765,unknown,51.0,595.0,1.0,2400.0,34.0,33.0,19.0,70
PRO_5766,utilidades_domesticas,48.0,1297.0,3.0,9650.0,62.0,35.0,37.0,49
PRO_5767,esporte_lazer,53.0,1330.0,4.0,575.0,24.0,17.0,23.0,65
PRO_5768,eletronicos,59.0,1292.0,3.0,385.0,20.0,8.0,18.0,26
PRO_5769,ferramentas_jardim,43.0,432.0,3.0,1000.0,105.0,20.0,20.0,42
PRO_5770,livros_tecnicos,59.0,473.0,2.0,800.0,24.0,2.0,17.0,10
PRO_5771,consoles_games,56.0,555.0,2.0,500.0,20.0,15.0,20.0,16
PRO_5772,cool_stuff,55.0,1895.0,5.0,2250.0,50.0,30.0,30.0,20
PRO_5773,esporte_lazer,54.0,175.0,6.0,600.0,20.0,20.0,20.0,65
PRO_5774,brinquedos,27.0,706.0,2.0,250.0,18.0,7.0,17.0,69
PRO_5775,livros_interesse_geral,63.0,1246.0,1.0,700.0,23.0,2.0,16.0,8
PRO_5776,cama_mesa_banho,52.0,364.0,3.0,1900.0,50.0,17.0,31.0,7
PRO_5777,automotivo,53.0,960.0,1.0,2200.0,50.0,10.0,50.0,5
PRO_5778,alimentos,34.0,926.0,2.0,700.0,24.0,15.0,24.0,36
PRO_5779,esporte_lazer,45.0,979.0,8.0,3900.0,90.0,20.0,25.0,65
PRO_5780,beleza_saude,38.0,1971.0,1.0,300.0,22.0,19.0,22.0,43
PRO_5781,moveis_decoracao,52.0,197.0,3.0,1050.0,25.0,23.0,25.0,39
PRO_5782,moveis_quarto,56.0,1491.0,1.0,500.0,28.0,17.0,24.0,38
PRO_5783,consoles_games,27.0,268.0,3.0,200.0,16.0,20.0,15.0,16
PRO_5784,beleza_saude,58.0,424.0,1.0,30000.0,55.0,75.0,61.0,43
PRO_5785,alimentos,58.0,531.0,5.0,94.0,16.0,5.0,11.0,36
PRO_5786,utilidades_domesticas,60.0,1944.0,4.0,1168.0,23.0,9.0,12.0,49
PRO_5787,bebes,56.0,624.0,2.0,700.0,24.0,14.0,18.0,6
PRO_5788,esporte_lazer,45.0,509.0,2.0,500.0,19.0,12.0,13.0,65
PRO_5789,cool_stuff,61.0,306.0,1.0,6800.0,53.0,20.0,33.0,20
PRO_5790,automotivo,62.0,418.0,6.0,400.0,16.0,7.0,12.0,5
PRO_5791,cama_mesa_banho,48.0,549.0,1.0,450.0,16.0,10.0,16.0,7
PRO_5792,cool_stuff,58.0,1023.0,6.0,7300.0,79.0,5.0,63.0,20
PRO_5793,utilidades_domesticas,41.0,648.0,1.0,963.0,33.0,44.0,33.0,49
PRO_5794,telefonia,50.0,162.0,2.0,100.0,20.0,5.0,12.0,68
PRO_5795,esporte_lazer,58.0,762.0,4.0,500.0,50.0,5.0,30.0,65
PRO_5796,esporte_lazer,25.0,236.0,2.0,400.0,50.0,10.0,17.0,65
PRO_5797,automotivo,57.0,1318.0,4.0,450.0,16.0,16.0,16.0,5
PRO_5798,esporte_lazer,34.0,1260.0,5.0,825.0,40.0,15.0,15.0,65
PRO_5799,utilidades_domesticas,44.0,2040.0,1.0,6100.0,20.0,30.0,15.0,49
PRO_5800,beleza_saude,56.0,635.0,1.0,375.0,26.0,11.0,18.0,43
PRO_5801,esporte_lazer,36.0,140.0,4.0,100.0,34.0,2.0,26.0,65
PRO_5802,informatica_acessorios,59.0,2338.0,1.0,3450.0,52.0,17.0,22.0,15
PRO_5803,beleza_saude,50.0,826.0,1.0,350.0,25.0,12.0,19.0,43
PRO_5804,brinquedos,33.0,628.0,1.0,1310.0,60.0,12.0,24.0,69
PRO_5805,moveis_decoracao,60.0,2087.0,3.0,2550.0,69.0,11.0,11.0,39
PRO_5806,beleza_saude,58.0,2093.0,2.0,200.0,18.0,8.0,12.0,43
PRO_5807,agro_industria_e_comercio,42.0,588.0,1.0,10650.0,26.0,80.0,26.0,0
PRO_5808,casa_construcao,53.0,922.0,7.0,1050.0,16.0,20.0,16.0,48
PRO_5809,moveis_decoracao,51.0,598.0,2.0,16400.0,80.0,20.0,20.0,39
PRO_5810,beleza_saude,59.0,371.0,1.0,500.0,19.0,17.0,15.0,43
PRO_5811,eletronicos,45.0,471.0,1.0,125.0,22.0,9.0,16.0,26
PRO_5812,brinquedos,46.0,411.0,5.0,400.0,22.0,22.0,22.0,69
PRO_5813,cama_mesa_banho,60.0,332.0,1.0,4700.0,45.0,18.0,35.0,7
PRO_5814,cama_mesa_banho,44.0,760.0,1.0,5350.0,40.0,16.0,50.0,7
PRO_5815,telefonia,60.0,1170.0,2.0,150.0,18.0,6.0,20.0,68
PRO_5816,malas_acessorios,60.0,2032.0,6.0,1100.0,25.0,25.0,25.0,53
PRO_5817,bebidas,55.0,1736.0,3.0,226.0,18.0,16.0,16.0,24
PRO_5818,market_place,55.0,963.0,6.0,400.0,22.0,6.0,15.0,54
PRO_5819,cama_mesa_banho,55.0,597.0,1.0,1800.0,16.0,50.0,40.0,7
PRO_5820,utilidades_domesticas,42.0,245.0,4.0,150.0,19.0,4.0,11.0,49
PRO_5821,fashion_esporte,32.0,889.0,1.0,1500.0,70.0,15.0,65.0,32
PRO_5822,portateis_cozinha_e_preparadores_de_alimentos,52.0,280.0,1.0,1200.0,25.0,33.0,25.0,70
PRO_5823,beleza_saude,59.0,492.0,3.0,250.0,22.0,10.0,18.0,43
PRO_5824,utilidades_domesticas,54.0,807.0,1.0,750.0,25.0,10.0,15.0,49
PRO_5825,alimentos,52.0,573.0,1.0,450.0,16.0,18.0,11.0,36
PRO_5826,perfumaria,40.0,871.0,1.0,83.0,17.0,8.0,13.0,59
PRO_5827,utilidades_domesticas,35.0,483.0,2.0,500.0,16.0,25.0,15.0,49
PRO_5828,brinquedos,35.0,939.0,2.0,4368.0,47.0,35.0,37.0,69
PRO_5829,utilidades_domesticas,46.0,899.0,1.0,10200.0,31.0,60.0,31.0,49
PRO_5830,beleza_saude,44.0,154.0,1.0,642.0,18.0,13.0,15.0,43
PRO_5831,esporte_lazer,57.0,535.0,2.0,850.0,22.0,15.0,22.0,65
PRO_5832,telefonia,52.0,2118.0,2.0,400.0,20.0,11.0,13.0,68
PRO_5833,unknown,51.0,595.0,1.0,200.0,16.0,2.0,11.0,70
PRO_5834,beleza_saude,46.0,805.0,1.0,217.0,18.0,5.0,15.0,43
PRO_5835,utilidades_domesticas,44.0,305.0,1.0,250.0,35.0,4.0,15.0,49
PRO_5836,brinquedos,45.0,293.0,2.0,250.0,34.0,4.0,32.0,69
PRO_5837,utilidades_domesticas,57.0,754.0,1.0,750.0,25.0,42.0,21.0,49
PRO_5838,ferramentas_jardim,46.0,476.0,1.0,268.0,38.0,9.0,12.0,42
PRO_5839,moveis_decoracao,53.0,1750.0,3.0,2150.0,105.0,3.0,70.0,39
PRO_5840,eletrodomesticos,52.0,142.0,1.0,500.0,27.0,13.0,17.0,44
PRO_5841,market_place,63.0,937.0,2.0,200.0,16.0,4.0,16.0,54
PRO_5842,construcao_ferramentas_jardim,46.0,1612.0,1.0,325.0,18.0,16.0,13.0,21
PRO_5843,relogios_presentes,59.0,975.0,2.0,2850.0,41.0,35.0,48.0,71
PRO_5844,moveis_quarto,40.0,180.0,1.0,10600.0,33.0,45.0,40.0,38
PRO_5845,papelaria,35.0,871.0,5.0,2650.0,48.0,28.0,40.0,66
PRO_5846,esporte_lazer,32.0,963.0,1.0,300.0,20.0,15.0,15.0,65
PRO_5847,consoles_games,51.0,888.0,1.0,1000.0,20.0,30.0,20.0,16
PRO_5848,cama_mesa_banho,60.0,124.0,2.0,1100.0,95.0,8.0,50.0,7
PRO_5849,brinquedos,53.0,1633.0,1.0,650.0,21.0,18.0,28.0,69
PRO_5850,bebes,46.0,493.0,2.0,350.0,50.0,5.0,35.0,6
PRO_5851,unknown,51.0,595.0,1.0,1200.0,40.0,10.0,15.0,70
PRO_5852,cama_mesa_banho,55.0,1214.0,8.0,800.0,30.0,14.0,16.0,7
PRO_5853,beleza_saude,59.0,1179.0,1.0,320.0,19.0,14.0,14.0,43
PRO_5854,eletronicos,60.0,442.0,2.0,1075.0,21.0,9.0,9.0,26
PRO_5855,papelaria,47.0,194.0,4.0,900.0,30.0,15.0,15.0,66
PRO_5856,cama_mesa_banho,59.0,124.0,2.0,800.0,95.0,8.0,50.0,7
PRO_5857,informatica_acessorios,49.0,823.0,1.0,150.0,20.0,10.0,20.0,15
PRO_5858,papelaria,51.0,1051.0,1.0,233.0,12.0,4.0,9.0,66
PRO_5859,cama_mesa_banho,54.0,909.0,1.0,800.0,25.0,5.0,25.0,7
PRO_5860,cama_mesa_banho,60.0,269.0,1.0,3600.0,48.0,13.0,40.0,7
PRO_5861,informatica_acessorios,51.0,1177.0,3.0,840.0,20.0,11.0,19.0,15
PRO_5862,moveis_decoracao,55.0,646.0,1.0,300.0,16.0,30.0,20.0,39
PRO_5863,unknown,51.0,595.0,1.0,750.0,16.0,25.0,15.0,70
PRO_5864,utilidades_domesticas,41.0,243.0,1.0,400.0,16.0,11.0,14.0,49
PRO_5865,bebes,52.0,196.0,1.0,450.0,25.0,6.0,25.0,6
PRO_5866,beleza_saude,59.0,1631.0,4.0,2550.0,38.0,42.0,25.0,43
PRO_5867,moveis_decoracao,52.0,474.0,1.0,1300.0,50.0,20.0,40.0,39
PRO_5868,relogios_presentes,56.0,557.0,1.0,200.0,20.0,5.0,15.0,71
PRO_5869,malas_acessorios,59.0,2197.0,6.0,1000.0,35.0,10.0,20.0,53
PRO_5870,informatica_acessorios,46.0,227.0,1.0,810.0,16.0,10.0,12.0,15
PRO_5871,construcao_ferramentas_iluminacao,47.0,177.0,1.0,1300.0,22.0,22.0,22.0,18
PRO_5872,beleza_saude,23.0,375.0,3.0,500.0,25.0,38.0,30.0,43
PRO_5873,informatica_acessorios,59.0,245.0,1.0,200.0,18.0,9.0,16.0,15
PRO_5874,unknown,51.0,595.0,1.0,4900.0,42.0,16.0,37.0,70
PRO_5875,moveis_decoracao,59.0,2045.0,1.0,1550.0,25.0,16.0,18.0,39
PRO_5876,automotivo,51.0,651.0,5.0,5750.0,64.0,5.0,39.0,5
PRO_5877,relogios_presentes,50.0,155.0,2.0,300.0,16.0,16.0,11.0,71
PRO_5878,cama_mesa_banho,49.0,729.0,1.0,1300.0,20.0,30.0,30.0,7
PRO_5879,moveis_decoracao,58.0,314.0,1.0,1000.0,40.0,5.0,30.0,39
PRO_5880,informatica_acessorios,39.0,1009.0,1.0,200.0,31.0,13.0,11.0,15
PRO_5881,eletrodomesticos_2,33.0,1335.0,4.0,2850.0,62.0,11.0,40.0,45
PRO_5882,ferramentas_jardim,48.0,916.0,1.0,1600.0,32.0,21.0,14.0,42
PRO_5883,relogios_presentes,41.0,702.0,2.0,3900.0,16.0,4.0,16.0,71
PRO_5884,utilidades_domesticas,45.0,694.0,2.0,950.0,30.0,25.0,30.0,49
PRO_5885,eletronicos,42.0,189.0,1.0,1150.0,30.0,15.0,20.0,26
PRO_5886,beleza_saude,57.0,752.0,1.0,200.0,26.0,6.0,18.0,43
PRO_5887,eletronicos,43.0,288.0,1.0,200.0,21.0,7.0,16.0,26
PRO_5888,esporte_lazer,54.0,790.0,2.0,500.0,35.0,10.0,11.0,65
PRO_5889,cool_stuff,44.0,120.0,1.0,5600.0,25.0,37.0,36.0,20
PRO_5890,eletronicos,59.0,670.0,1.0,400.0,25.0,10.0,20.0,26
PRO_5891,beleza_saude,39.0,371.0,1.0,150.0,16.0,3.0,15.0,43
PRO_5892,esporte_lazer,56.0,2504.0,1.0,2900.0,30.0,30.0,30.0,65
PRO_5893,utilidades_domesticas,53.0,532.0,1.0,250.0,20.0,3.0,20.0,49
PRO_5894,construcao_ferramentas_construcao,57.0,338.0,1.0,2150.0,20.0,8.0,20.0,17
PRO_5895,esporte_lazer,43.0,417.0,1.0,300.0,30.0,16.0,16.0,65
PRO_5896,livros_interesse_geral,45.0,756.0,1.0,425.0,28.0,3.0,20.0,8
PRO_5897,esporte_lazer,37.0,732.0,1.0,100.0,27.0,17.0,14.0,65
PRO_5898,sinalizacao_e_seguranca,42.0,1016.0,2.0,300.0,19.0,13.0,13.0,62
PRO_5899,esporte_lazer,54.0,1175.0,1.0,1064.0,24.0,20.0,19.0,65
PRO_5900,utilidades_domesticas,31.0,875.0,2.0,30000.0,60.0,61.0,33.0,49
PRO_5901,cama_mesa_banho,47.0,511.0,1.0,600.0,30.0,3.0,19.0,7
PRO_5902,informatica_acessorios,57.0,122.0,1.0,1300.0,32.0,17.0,32.0,15
PRO_5903,relogios_presentes,40.0,525.0,3.0,500.0,38.0,12.0,38.0,71
PRO_5904,beleza_saude,44.0,717.0,1.0,350.0,16.0,19.0,15.0,43
PRO_5905,moveis_decoracao,35.0,232.0,2.0,515.0,98.0,8.0,16.0,39
PRO_5906,utilidades_domesticas,35.0,1800.0,1.0,14000.0,44.0,33.0,36.0,49
PRO_5907,fashion_calcados,57.0,404.0,4.0,1400.0,22.0,12.0,33.0,31
PRO_5908,beleza_saude,52.0,191.0,3.0,50.0,19.0,11.0,23.0,43
PRO_5909,bebes,45.0,891.0,1.0,3050.0,28.0,33.0,45.0,6
PRO_5910,construcao_ferramentas_construcao,54.0,2420.0,2.0,60.0,20.0,5.0,20.0,17
PRO_5911,informatica_acessorios,50.0,488.0,4.0,450.0,19.0,5.0,12.0,15
PRO_5912,esporte_lazer,57.0,691.0,3.0,1700.0,16.0,11.0,25.0,65
PRO_5913,moveis_escritorio,31.0,1076.0,1.0,8450.0,53.0,50.0,16.0,57
PRO_5914,bebes,56.0,1143.0,3.0,1533.0,39.0,13.0,32.0,6
PRO_5915,moveis_decoracao,60.0,458.0,1.0,1050.0,30.0,4.0,20.0,39
PRO_5916,cool_stuff,51.0,729.0,2.0,8450.0,45.0,24.0,39.0,20
PRO_5917,informatica_acessorios,39.0,1620.0,3.0,1375.0,21.0,7.0,16.0,15
PRO_5918,utilidades_domesticas,54.0,450.0,5.0,250.0,30.0,11.0,17.0,49
PRO_5919,esporte_lazer,52.0,425.0,1.0,200.0,18.0,9.0,13.0,65
PRO_5920,perfumaria,43.0,656.0,3.0,100.0,18.0,7.0,11.0,59
PRO_5921,esporte_lazer,51.0,512.0,3.0,6400.0,103.0,17.0,28.0,65
PRO_5922,cama_mesa_banho,52.0,629.0,1.0,900.0,45.0,15.0,35.0,7
PRO_5923,instrumentos_musicais,58.0,579.0,1.0,200.0,40.0,5.0,11.0,56
PRO_5924,papelaria,60.0,244.0,1.0,1900.0,60.0,20.0,29.0,66
PRO_5925,cama_mesa_banho,44.0,179.0,1.0,1250.0,45.0,10.0,15.0,7
PRO_5926,beleza_saude,21.0,278.0,2.0,217.0,27.0,12.0,17.0,43
PRO_5927,market_place,55.0,135.0,1.0,1100.0,25.0,15.0,45.0,54
PRO_5928,papelaria,36.0,735.0,1.0,100.0,16.0,10.0,15.0,66
PRO_5929,relogios_presentes,41.0,408.0,2.0,501.0,18.0,13.0,14.0,71
PRO_5930,alimentos,54.0,524.0,1.0,550.0,32.0,30.0,27.0,36
PRO_5931,instrumentos_musicais,50.0,192.0,4.0,567.0,31.0,7.0,23.0,56
PRO_5932,esporte_lazer,42.0,231.0,4.0,550.0,35.0,10.0,20.0,65
PRO_5933,telefonia,59.0,273.0,1.0,300.0,16.0,2.0,11.0,68
PRO_5934,moveis_decoracao,58.0,1198.0,1.0,7600.0,52.0,15.0,52.0,39
PRO_5935,cama_mesa_banho,58.0,676.0,1.0,1325.0,19.0,17.0,23.0,7
PRO_5936,bebes,52.0,438.0,4.0,28750.0,60.0,46.0,20.0,6
PRO_5937,automotivo,51.0,836.0,3.0,8500.0,65.0,40.0,65.0,5
PRO_5938,automotivo,60.0,198.0,2.0,480.0,27.0,8.0,14.0,5
PRO_5939,fashion_calcados,43.0,647.0,3.0,900.0,19.0,9.0,20.0,31
PRO_5940,ferramentas_jardim,59.0,2032.0,3.0,8650.0,40.0,30.0,20.0,42
PRO_5941,pet_shop,55.0,587.0,2.0,650.0,21.0,12.0,52.0,60
PRO_5942,esporte_lazer,45.0,429.0,2.0,50.0,20.0,11.0,11.0,65
PRO_5943,moveis_decoracao,56.0,281.0,2.0,1050.0,45.0,5.0,30.0,39
PRO_5944,livros_interesse_geral,46.0,1047.0,2.0,1500.0,25.0,7.0,19.0,8
PRO_5945,portateis_casa_forno_e_cafe,57.0,459.0,3.0,4800.0,16.0,4.0,11.0,64
PRO_5946,beleza_saude,55.0,3059.0,1.0,2570.0,24.0,23.0,21.0,43
PRO_5947,cama_mesa_banho,55.0,317.0,1.0,1850.0,40.0,10.0,30.0,7
PRO_5948,alimentos_bebidas,59.0,514.0,2.0,2800.0,27.0,19.0,24.0,37
PRO_5949,cama_mesa_banho,57.0,204.0,1.0,2250.0,35.0,20.0,30.0,7
PRO_5950,informatica_acessorios,38.0,581.0,1.0,150.0,16.0,23.0,13.0,15
PRO_5951,fashion_roupa_masculina,36.0,694.0,2.0,300.0,16.0,2.0,11.0,30
PRO_5952,automotivo,56.0,663.0,3.0,577.0,24.0,14.0,13.0,5
PRO_5953,utilidades_domesticas,60.0,81.0,1.0,1625.0,37.0,15.0,28.0,49
PRO_5954,fashion_bolsas_e_acessorios,30.0,227.0,2.0,300.0,16.0,8.0,11.0,28
PRO_5955,esporte_lazer,59.0,2993.0,1.0,1250.0,23.0,23.0,23.0,65
PRO_5956,automotivo,44.0,350.0,1.0,30000.0,60.0,60.0,60.0,5
PRO_5957,livros_interesse_geral,28.0,1487.0,1.0,350.0,33.0,6.0,22.0,8
PRO_5958,cama_mesa_banho,60.0,234.0,1.0,2150.0,34.0,8.0,32.0,7
PRO_5959,moveis_cozinha_area_de_servico_jantar_e_jardim,37.0,694.0,4.0,1700.0,100.0,3.0,60.0,51
PRO_5960,beleza_saude,56.0,2010.0,5.0,650.0,16.0,10.0,11.0,43
PRO_5961,esporte_lazer,32.0,362.0,2.0,2000.0,22.0,20.0,22.0,65
PRO_5962,esporte_lazer,52.0,1197.0,1.0,2500.0,20.0,11.0,11.0,65
PRO_5963,informatica_acessorios,44.0,262.0,1.0,1200.0,26.0,12.0,26.0,15
PRO_5964,moveis_decoracao,34.0,252.0,1.0,1200.0,16.0,34.0,34.0,39
PRO_5965,agro_industria_e_comercio,44.0,755.0,1.0,300.0,20.0,20.0,20.0,0
PRO_5966,papelaria,50.0,762.0,1.0,400.0,31.0,2.0,22.0,66
PRO_5967,esporte_lazer,63.0,103.0,1.0,400.0,26.0,3.0,15.0,65
PRO_5968,relogios_presentes,46.0,433.0,3.0,450.0,18.0,23.0,18.0,71
PRO_5969,cama_mesa_banho,41.0,187.0,2.0,200.0,16.0,6.0,20.0,7
PRO_5970,automotivo,60.0,847.0,6.0,5900.0,53.0,43.0,11.0,5
PRO_5971,utilidades_domesticas,24.0,136.0,1.0,1500.0,45.0,25.0,35.0,49
PRO_5972,beleza_saude,58.0,1348.0,1.0,1317.0,22.0,28.0,17.0,43
PRO_5973,utilidades_domesticas,58.0,135.0,1.0,7550.0,42.0,11.0,64.0,49
PRO_5974,fashion_bolsas_e_acessorios,34.0,456.0,3.0,100.0,16.0,3.0,17.0,28
PRO_5975,utilidades_domesticas,58.0,720.0,3.0,9950.0,31.0,61.0,31.0,49
PRO_5976,cama_mesa_banho,55.0,184.0,2.0,600.0,50.0,8.0,40.0,7
PRO_5977,esporte_lazer,56.0,332.0,2.0,350.0,27.0,10.0,16.0,65
PRO_5978,bebes,45.0,664.0,1.0,122.0,17.0,12.0,14.0,6
PRO_5979,brinquedos,58.0,423.0,5.0,2500.0,30.0,10.0,34.0,69
PRO_5980,moveis_decoracao,53.0,1429.0,10.0,650.0,35.0,2.0,25.0,39
PRO_5981,moveis_decoracao,60.0,357.0,1.0,400.0,25.0,5.0,17.0,39
PRO_5982,beleza_saude,60.0,1090.0,1.0,2400.0,30.0,20.0,20.0,43
PRO_5983,relogios_presentes,43.0,548.0,3.0,381.0,18.0,12.0,15.0,71
PRO_5984,informatica_acessorios,40.0,602.0,1.0,850.0,30.0,15.0,15.0,15
PRO_5985,telefonia,57.0,319.0,3.0,275.0,16.0,5.0,11.0,68
PRO_5986,cama_mesa_banho,54.0,704.0,1.0,1250.0,20.0,20.0,20.0,7
PRO_5987,moveis_decoracao,60.0,2063.0,3.0,2950.0,69.0,11.0,11.0,39
PRO_5988,beleza_saude,37.0,634.0,2.0,200.0,16.0,10.0,16.0,43
PRO_5989,esporte_lazer,32.0,1961.0,1.0,250.0,16.0,17.0,22.0,65
PRO_5990,bebes,44.0,282.0,1.0,550.0,50.0,10.0,50.0,6
PRO_5991,ferramentas_jardim,60.0,624.0,3.0,250.0,17.0,7.0,13.0,42
PRO_5992,cama_mesa_banho,54.0,611.0,1.0,20700.0,58.0,50.0,49.0,7
PRO_5993,brinquedos,50.0,685.0,1.0,2483.0,42.0,22.0,30.0,69
PRO_5994,cama_mesa_banho,40.0,324.0,1.0,1500.0,37.0,9.0,30.0,7
PRO_5995,esporte_lazer,53.0,2267.0,1.0,1400.0,16.0,16.0,16.0,65
PRO_5996,fashion_roupa_masculina,28.0,696.0,2.0,100.0,16.0,2.0,11.0,30
PRO_5997,cool_stuff,54.0,2471.0,1.0,2000.0,33.0,44.0,19.0,20
PRO_5998,informatica_acessorios,31.0,694.0,1.0,167.0,16.0,14.0,13.0,15
PRO_5999,moveis_decoracao,53.0,87.0,1.0,1300.0,25.0,25.0,20.0,39
PRO_6000,cama_mesa_banho,59.0,186.0,1.0,11150.0,45.0,18.0,38.0,7
PRO_6001,unknown,51.0,595.0,1.0,400.0,16.0,15.0,11.0,70
PRO_6002,esporte_lazer,56.0,898.0,6.0,1800.0,72.0,22.0,11.0,65
PRO_6003,esporte_lazer,59.0,417.0,1.0,5200.0,20.0,22.0,22.0,65
PRO_6004,moveis_decoracao,42.0,199.0,2.0,6100.0,35.0,15.0,30.0,39
PRO_6005,moveis_decoracao,61.0,603.0,2.0,30000.0,70.0,60.0,60.0,39
PRO_6006,ferramentas_jardim,63.0,842.0,1.0,2400.0,40.0,15.0,30.0,42
PRO_6007,cama_mesa_banho,53.0,729.0,1.0,2400.0,20.0,30.0,30.0,7
PRO_6008,esporte_lazer,59.0,355.0,2.0,15450.0,16.0,105.0,55.0,65
PRO_6009,perfumaria,48.0,259.0,1.0,249.0,19.0,13.0,15.0,59
PRO_6010,construcao_ferramentas_iluminacao,55.0,325.0,1.0,1450.0,20.0,20.0,20.0,18
PRO_6011,livros_tecnicos,46.0,1111.0,1.0,1300.0,27.0,2.0,19.0,10
PRO_6012,papelaria,59.0,314.0,3.0,8000.0,30.0,55.0,35.0,66
PRO_6013,moveis_decoracao,25.0,175.0,2.0,3000.0,70.0,55.0,70.0,39
PRO_6014,papelaria,38.0,251.0,1.0,50.0,16.0,6.0,11.0,66
PRO_6015,telefonia_fixa,31.0,338.0,3.0,200.0,19.0,3.0,11.0,34
PRO_6016,esporte_lazer,55.0,3956.0,1.0,5150.0,27.0,26.0,25.0,65
PRO_6017,cool_stuff,54.0,1594.0,2.0,1600.0,60.0,5.0,36.0,20
PRO_6018,beleza_saude,58.0,1419.0,1.0,210.0,33.0,8.0,19.0,43
PRO_6019,cama_mesa_banho,47.0,302.0,1.0,300.0,16.0,22.0,11.0,7
PRO_6020,esporte_lazer,41.0,786.0,1.0,400.0,16.0,10.0,11.0,65
PRO_6021,relogios_presentes,50.0,520.0,2.0,225.0,20.0,12.0,13.0,71
PRO_6022,informatica_acessorios,56.0,306.0,5.0,4400.0,19.0,23.0,19.0,15
PRO_6023,construcao_ferramentas_construcao,60.0,339.0,1.0,3100.0,24.0,7.0,24.0,17
PRO_6024,telefonia_fixa,51.0,1325.0,1.0,2550.0,100.0,20.0,30.0,34
PRO_6025,papelaria,51.0,404.0,4.0,1400.0,35.0,46.0,31.0,66
PRO_6026,moveis_decoracao,46.0,192.0,1.0,1700.0,40.0,10.0,40.0,39
PRO_6027,artigos_de_natal,39.0,749.0,1.0,4450.0,50.0,8.0,45.0,12
PRO_6028,esporte_lazer,53.0,852.0,2.0,1033.0,46.0,32.0,14.0,65
PRO_6029,informatica_acessorios,57.0,1370.0,1.0,200.0,20.0,15.0,15.0,15
PRO_6030,casa_construcao,58.0,415.0,6.0,900.0,32.0,24.0,11.0,48
PRO_6031,moveis_decoracao,59.0,413.0,2.0,1100.0,30.0,6.0,32.0,39
PRO_6032,cama_mesa_banho,46.0,522.0,2.0,500.0,16.0,16.0,16.0,7
PRO_6033,cama_mesa_banho,57.0,329.0,1.0,8550.0,50.0,20.0,45.0,7
PRO_6034,audio,60.0,780.0,1.0,600.0,16.0,10.0,24.0,4
PRO_6035,bebes,60.0,1599.0,3.0,400.0,30.0,14.0,21.0,6
PRO_6036,pet_shop,50.0,1463.0,3.0,5500.0,26.0,47.0,27.0,60
PRO_6037,informatica_acessorios,58.0,459.0,1.0,4300.0,28.0,23.0,20.0,15
PRO_6038,esporte_lazer,52.0,847.0,1.0,600.0,16.0,6.0,15.0,65
PRO_6039,cama_mesa_banho,53.0,236.0,2.0,1975.0,41.0,13.0,31.0,7
PRO_6040,unknown,51.0,595.0,1.0,500.0,24.0,4.0,15.0,70
PRO_6041,livros_importados,51.0,93.0,1.0,600.0,29.0,2.0,22.0,9
PRO_6042,eletroportateis,58.0,296.0,1.0,1050.0,20.0,20.0,20.0,63
PRO_6043,pet_shop,56.0,1143.0,2.0,1700.0,50.0,20.0,40.0,60
PRO_6044,beleza_saude,50.0,3929.0,1.0,550.0,16.0,20.0,16.0,43
PRO_6045,utilidades_domesticas,45.0,841.0,5.0,1350.0,44.0,22.0,30.0,49
PRO_6046,moveis_decoracao,52.0,1786.0,2.0,600.0,68.0,8.0,13.0,39
PRO_6047,construcao_ferramentas_construcao,54.0,756.0,1.0,600.0,16.0,11.0,11.0,17
PRO_6048,beleza_saude,50.0,252.0,1.0,367.0,18.0,14.0,17.0,43
PRO_6049,telefonia,48.0,856.0,6.0,300.0,16.0,5.0,11.0,68
PRO_6050,esporte_lazer,59.0,1299.0,3.0,500.0,20.0,10.0,15.0,65
PRO_6051,relogios_presentes,55.0,744.0,2.0,210.0,18.0,12.0,17.0,71
PRO_6052,unknown,51.0,595.0,1.0,1800.0,20.0,30.0,20.0,70
PRO_6053,moveis_decoracao,50.0,531.0,4.0,1600.0,35.0,6.0,32.0,39
PRO_6054,cama_mesa_banho,58.0,144.0,2.0,500.0,28.0,10.0,23.0,7
PRO_6055,cama_mesa_banho,55.0,92.0,1.0,300.0,28.0,13.0,12.0,7
PRO_6056,papelaria,48.0,1235.0,2.0,800.0,20.0,50.0,40.0,66
PRO_6057,malas_acessorios,52.0,1862.0,4.0,750.0,25.0,55.0,40.0,53
PRO_6058,automotivo,47.0,790.0,2.0,300.0,16.0,5.0,11.0,5
PRO_6059,cama_mesa_banho,60.0,460.0,2.0,567.0,45.0,4.0,35.0,7
PRO_6060,pet_shop,55.0,444.0,2.0,300.0,17.0,12.0,14.0,60
PRO_6061,seguros_e_servicos,48.0,461.0,4.0,400.0,26.0,22.0,11.0,61
PRO_6062,brinquedos,38.0,471.0,1.0,600.0,35.0,8.0,20.0,69
PRO_6063,esporte_lazer,59.0,247.0,2.0,1675.0,60.0,15.0,15.0,65
PRO_6064,informatica_acessorios,36.0,2016.0,2.0,600.0,19.0,5.0,15.0,15
PRO_6065,cama_mesa_banho,36.0,432.0,1.0,4940.0,65.0,18.0,55.0,7
PRO_6066,fashion_bolsas_e_acessorios,28.0,177.0,3.0,100.0,16.0,11.0,13.0,28
PRO_6067,automotivo,57.0,1291.0,4.0,617.0,22.0,17.0,15.0,5
PRO_6068,informatica_acessorios,43.0,230.0,1.0,580.0,32.0,13.0,17.0,15
PRO_6069,beleza_saude,40.0,789.0,3.0,450.0,40.0,7.0,20.0,43
PRO_6070,automotivo,43.0,481.0,4.0,100.0,18.0,9.0,16.0,5
PRO_6071,moveis_escritorio,33.0,1197.0,1.0,21450.0,101.0,8.0,60.0,57
PRO_6072,brinquedos,27.0,708.0,2.0,250.0,17.0,7.0,18.0,69
PRO_6073,audio,50.0,447.0,1.0,150.0,27.0,5.0,20.0,4
PRO_6074,cool_stuff,53.0,431.0,1.0,1000.0,16.0,19.0,15.0,20
PRO_6075,unknown,51.0,595.0,1.0,200.0,25.0,5.0,15.0,70
PRO_6076,beleza_saude,63.0,1192.0,1.0,188.0,18.0,18.0,18.0,43
PRO_6077,unknown,51.0,595.0,1.0,750.0,30.0,19.0,18.0,70
PRO_6078,beleza_saude,49.0,484.0,1.0,150.0,16.0,7.0,15.0,43
PRO_6079,construcao_ferramentas_construcao,49.0,645.0,1.0,1800.0,20.0,6.0,20.0,17
PRO_6080,bebes,60.0,1217.0,2.0,500.0,25.0,4.0,18.0,6
PRO_6081,climatizacao,37.0,1907.0,5.0,300.0,16.0,10.0,11.0,1
PRO_6082,cama_mesa_banho,55.0,221.0,1.0,450.0,16.0,20.0,30.0,7
PRO_6083,moveis_decoracao,58.0,2128.0,2.0,350.0,69.0,11.0,11.0,39
PRO_6084,automotivo,56.0,871.0,2.0,3500.0,25.0,5.0,25.0,5
PRO_6085,informatica_acessorios,32.0,1095.0,2.0,600.0,38.0,2.0,29.0,15
PRO_6086,papelaria,58.0,238.0,1.0,1900.0,18.0,38.0,30.0,66
PRO_6087,esporte_lazer,58.0,1100.0,1.0,3720.0,26.0,32.0,33.0,65
PRO_6088,cama_mesa_banho,54.0,405.0,1.0,700.0,45.0,15.0,30.0,7
PRO_6089,livros_importados,48.0,636.0,1.0,700.0,29.0,2.0,22.0,9
PRO_6090,esporte_lazer,48.0,567.0,1.0,1400.0,26.0,18.0,18.0,65
PRO_6091,informatica_acessorios,22.0,716.0,2.0,150.0,41.0,2.0,29.0,15
PRO_6092,consoles_games,53.0,520.0,6.0,300.0,20.0,5.0,15.0,16
PRO_6093,moveis_decoracao,30.0,459.0,1.0,350.0,16.0,28.0,16.0,39
PRO_6094,relogios_presentes,60.0,261.0,3.0,200.0,16.0,2.0,11.0,71
PRO_6095,ferramentas_jardim,39.0,374.0,3.0,700.0,16.0,3.0,12.0,42
PRO_6096,instrumentos_musicais,52.0,206.0,1.0,1400.0,31.0,50.0,31.0,56
PRO_6097,utilidades_domesticas,52.0,340.0,3.0,250.0,25.0,10.0,15.0,49
PRO_6098,utilidades_domesticas,60.0,257.0,1.0,465.0,17.0,14.0,19.0,49
PRO_6099,fashion_bolsas_e_acessorios,59.0,412.0,3.0,200.0,16.0,2.0,11.0,28
PRO_6100,fashion_roupa_masculina,54.0,265.0,2.0,800.0,40.0,6.0,30.0,30
PRO_6101,eletrodomesticos,57.0,217.0,1.0,250.0,27.0,13.0,17.0,44
PRO_6102,esporte_lazer,54.0,1394.0,2.0,7700.0,59.0,38.0,42.0,65
PRO_6103,brinquedos,45.0,128.0,1.0,400.0,22.0,14.0,14.0,69
PRO_6104,eletrodomesticos,54.0,156.0,1.0,400.0,55.0,13.0,12.0,44
PRO_6105,esporte_lazer,46.0,3985.0,1.0,150.0,19.0,7.0,16.0,65
PRO_6106,moveis_cozinha_area_de_servico_jantar_e_jardim,55.0,875.0,5.0,15800.0,60.0,105.0,15.0,51
PRO_6107,ferramentas_jardim,45.0,287.0,1.0,700.0,21.0,14.0,17.0,42
PRO_6108,cama_mesa_banho,52.0,126.0,2.0,1300.0,50.0,5.0,50.0,7
PRO_6109,telefonia,55.0,592.0,1.0,275.0,18.0,4.0,12.0,68
PRO_6110,telefonia_fixa,60.0,789.0,4.0,394.0,21.0,16.0,17.0,34
PRO_6111,moveis_decoracao,51.0,1244.0,3.0,700.0,35.0,20.0,35.0,39
PRO_6112,fashion_bolsas_e_acessorios,46.0,128.0,7.0,350.0,16.0,2.0,20.0,28
PRO_6113,pet_shop,52.0,717.0,2.0,300.0,20.0,30.0,20.0,60
PRO_6114,brinquedos,60.0,678.0,1.0,192.0,20.0,16.0,12.0,69
PRO_6115,utilidades_domesticas,53.0,534.0,1.0,350.0,27.0,10.0,27.0,49
PRO_6116,relogios_presentes,41.0,66.0,1.0,700.0,20.0,13.0,15.0,71
PRO_6117,relogios_presentes,43.0,886.0,1.0,275.0,18.0,9.0,12.0,71
PRO_6118,beleza_saude,53.0,908.0,1.0,1375.0,23.0,14.0,16.0,43
PRO_6119,brinquedos,29.0,643.0,1.0,10408.0,65.0,40.0,54.0,69
PRO_6120,consoles_games,52.0,1916.0,5.0,900.0,20.0,20.0,16.0,16
PRO_6121,utilidades_domesticas,57.0,347.0,1.0,800.0,30.0,40.0,30.0,49
PRO_6122,beleza_saude,46.0,578.0,1.0,3350.0,36.0,22.0,22.0,43
PRO_6123,beleza_saude,47.0,1920.0,1.0,342.0,18.0,14.0,14.0,43
PRO_6124,telefonia_fixa,59.0,2087.0,1.0,700.0,16.0,8.0,16.0,34
PRO_6125,beleza_saude,37.0,367.0,1.0,50.0,16.0,3.0,15.0,43
PRO_6126,utilidades_domesticas,45.0,711.0,1.0,9700.0,25.0,60.0,25.0,49
PRO_6127,eletronicos,56.0,320.0,1.0,150.0,24.0,8.0,16.0,26
PRO_6128,moveis_escritorio,33.0,2403.0,1.0,16750.0,58.0,28.0,58.0,57
PRO_6129,brinquedos,58.0,992.0,1.0,19500.0,45.0,50.0,45.0,69
PRO_6130,automotivo,55.0,248.0,1.0,3750.0,33.0,20.0,33.0,5
PRO_6131,eletronicos,46.0,272.0,1.0,175.0,22.0,12.0,16.0,26
PRO_6132,utilidades_domesticas,60.0,312.0,2.0,1950.0,23.0,65.0,23.0,49
PRO_6133,perfumaria,43.0,574.0,1.0,150.0,17.0,9.0,11.0,59
PRO_6134,construcao_ferramentas_iluminacao,58.0,575.0,1.0,750.0,28.0,5.0,25.0,18
PRO_6135,moveis_decoracao,53.0,400.0,1.0,1200.0,49.0,7.0,40.0,39
PRO_6136,eletrodomesticos_2,38.0,2030.0,1.0,16100.0,58.0,19.0,85.0,45
PRO_6137,moveis_decoracao,54.0,351.0,1.0,600.0,35.0,10.0,35.0,39
PRO_6138,esporte_lazer,58.0,413.0,5.0,750.0,16.0,5.0,11.0,65
PRO_6139,cama_mesa_banho,53.0,448.0,3.0,3200.0,37.0,10.0,40.0,7
PRO_6140,esporte_lazer,48.0,324.0,1.0,2100.0,30.0,20.0,45.0,65
PRO_6141,ferramentas_jardim,43.0,594.0,3.0,5683.0,45.0,30.0,30.0,42
PRO_6142,eletrodomesticos,60.0,230.0,3.0,300.0,27.0,13.0,17.0,44
PRO_6143,cool_stuff,57.0,2066.0,1.0,1650.0,33.0,44.0,19.0,20
PRO_6144,utilidades_domesticas,53.0,1564.0,1.0,1100.0,16.0,29.0,11.0,49
PRO_6145,esporte_lazer,41.0,2679.0,2.0,400.0,25.0,15.0,25.0,65
PRO_6146,papelaria,59.0,607.0,6.0,1350.0,45.0,10.0,50.0,66
PRO_6147,esporte_lazer,59.0,2134.0,1.0,4850.0,30.0,25.0,25.0,65
PRO_6148,telefonia,57.0,1238.0,3.0,500.0,18.0,8.0,16.0,68
PRO_6149,perfumaria,19.0,498.0,1.0,2500.0,30.0,16.0,30.0,59
PRO_6150,beleza_saude,55.0,261.0,1.0,5300.0,25.0,105.0,12.0,43
PRO_6151,fashion_bolsas_e_acessorios,37.0,558.0,4.0,100.0,17.0,3.0,12.0,28
PRO_6152,automotivo,58.0,855.0,6.0,2050.0,30.0,25.0,30.0,5
PRO_6153,moveis_decoracao,54.0,2240.0,2.0,3000.0,69.0,11.0,11.0,39
PRO_6154,pet_shop,51.0,1348.0,2.0,1250.0,30.0,15.0,30.0,60
PRO_6155,esporte_lazer,58.0,958.0,3.0,600.0,16.0,7.0,12.0,65
PRO_6156,moveis_escritorio,59.0,1318.0,1.0,7450.0,52.0,52.0,17.0,57
PRO_6157,fashion_calcados,40.0,303.0,12.0,300.0,29.0,7.0,16.0,31
PRO_6158,perfumaria,45.0,951.0,2.0,100.0,16.0,11.0,14.0,59
PRO_6159,moveis_escritorio,42.0,1326.0,1.0,6025.0,57.0,55.0,22.0,57
PRO_6160,beleza_saude,47.0,332.0,1.0,2000.0,30.0,12.0,16.0,43
PRO_6161,fashion_bolsas_e_acessorios,48.0,150.0,2.0,400.0,16.0,5.0,16.0,28
PRO_6162,esporte_lazer,60.0,941.0,8.0,6300.0,90.0,15.0,25.0,65
PRO_6163,relogios_presentes,58.0,329.0,4.0,1400.0,33.0,10.0,33.0,71
PRO_6164,utilidades_domesticas,25.0,558.0,1.0,900.0,26.0,32.0,31.0,49
PRO_6165,bebes,59.0,1591.0,1.0,2400.0,43.0,50.0,37.0,6
PRO_6166,construcao_ferramentas_seguranca,34.0,1094.0,2.0,882.0,18.0,19.0,14.0,19
PRO_6167,moveis_decoracao,63.0,188.0,1.0,13700.0,100.0,7.0,90.0,39
PRO_6168,utilidades_domesticas,50.0,349.0,1.0,300.0,50.0,4.0,11.0,49
PRO_6169,brinquedos,57.0,882.0,4.0,350.0,20.0,25.0,20.0,69
PRO_6170,moveis_decoracao,49.0,720.0,1.0,10050.0,40.0,45.0,40.0,39
PRO_6171,utilidades_domesticas,46.0,200.0,1.0,1100.0,40.0,10.0,35.0,49
PRO_6172,utilidades_domesticas,59.0,303.0,1.0,9900.0,61.0,31.0,31.0,49
PRO_6173,unknown,51.0,595.0,1.0,800.0,20.0,12.0,15.0,70
PRO_6174,cama_mesa_banho,53.0,128.0,2.0,900.0,50.0,5.0,50.0,7
PRO_6175,esporte_lazer,58.0,3604.0,1.0,600.0,21.0,19.0,13.0,65
PRO_6176,cama_mesa_banho,60.0,418.0,1.0,1750.0,40.0,6.0,30.0,7
PRO_6177,informatica_acessorios,34.0,561.0,1.0,250.0,16.0,7.0,16.0,15
PRO_6178,unknown,51.0,595.0,1.0,1950.0,40.0,8.0,30.0,70
PRO_6179,perfumaria,53.0,1227.0,1.0,850.0,20.0,20.0,15.0,59
PRO_6180,bebes,48.0,513.0,1.0,16900.0,62.0,35.0,52.0,6
PRO_6181,relogios_presentes,42.0,712.0,1.0,350.0,16.0,12.0,11.0,71
PRO_6182,beleza_saude,60.0,1330.0,2.0,383.0,25.0,11.0,15.0,43
PRO_6183,fashion_calcados,34.0,240.0,12.0,200.0,29.0,7.0,16.0,31
PRO_6184,moveis_decoracao,56.0,2042.0,2.0,3000.0,69.0,11.0,11.0,39
PRO_6185,malas_acessorios,55.0,947.0,2.0,6360.0,31.0,45.0,54.0,53
PRO_6186,ferramentas_jardim,60.0,1280.0,2.0,750.0,24.0,9.0,24.0,42
PRO_6187,moveis_decoracao,43.0,523.0,1.0,500.0,50.0,5.0,30.0,39
PRO_6188,cama_mesa_banho,48.0,1304.0,1.0,3600.0,35.0,35.0,35.0,7
PRO_6189,papelaria,44.0,366.0,3.0,1500.0,38.0,30.0,28.0,66
PRO_6190,esporte_lazer,60.0,220.0,2.0,300.0,20.0,5.0,20.0,65
PRO_6191,moveis_decoracao,43.0,802.0,1.0,12950.0,68.0,26.0,44.0,39
PRO_6192,automotivo,51.0,1276.0,1.0,850.0,16.0,28.0,16.0,5
PRO_6193,utilidades_domesticas,53.0,462.0,1.0,530.0,17.0,17.0,19.0,49
PRO_6194,automotivo,55.0,519.0,2.0,700.0,26.0,10.0,35.0,5
PRO_6195,relogios_presentes,53.0,553.0,2.0,700.0,19.0,9.0,15.0,71
PRO_6196,moveis_decoracao,48.0,145.0,1.0,700.0,21.0,12.0,16.0,39
PRO_6197,papelaria,43.0,166.0,1.0,200.0,16.0,10.0,11.0,66
PRO_6198,bebes,53.0,623.0,2.0,21200.0,75.0,52.0,25.0,6
PRO_6199,utilidades_domesticas,59.0,1403.0,10.0,30000.0,60.0,60.0,60.0,49
PRO_6200,eletrodomesticos,52.0,1363.0,2.0,4920.0,65.0,11.0,33.0,44
PRO_6201,cama_mesa_banho,52.0,166.0,1.0,250.0,16.0,10.0,16.0,7
PRO_6202,beleza_saude,46.0,1527.0,1.0,1317.0,20.0,19.0,16.0,43
PRO_6203,utilidades_domesticas,47.0,484.0,6.0,1500.0,30.0,14.0,28.0,49
PRO_6204,brinquedos,57.0,87.0,5.0,5700.0,39.0,30.0,29.0,69
PRO_6205,informatica_acessorios,58.0,870.0,2.0,700.0,28.0,10.0,19.0,15
PRO_6206,cama_mesa_banho,60.0,369.0,1.0,2050.0,45.0,22.0,33.0,7
PRO_6207,bebes,37.0,235.0,2.0,9400.0,75.0,15.0,50.0,6
PRO_6208,livros_tecnicos,33.0,918.0,1.0,500.0,23.0,3.0,16.0,10
PRO_6209,esporte_lazer,30.0,221.0,4.0,150.0,25.0,25.0,25.0,65
PRO_6210,eletronicos,48.0,1406.0,3.0,264.0,19.0,15.0,21.0,26
PRO_6211,fashion_bolsas_e_acessorios,17.0,98.0,1.0,200.0,16.0,3.0,15.0,28
PRO_6212,esporte_lazer,45.0,2578.0,1.0,1325.0,24.0,24.0,20.0,65
PRO_6213,cool_stuff,56.0,542.0,1.0,19500.0,71.0,76.0,50.0,20
PRO_6214,relogios_presentes,47.0,759.0,3.0,300.0,16.0,11.0,11.0,71
PRO_6215,cama_mesa_banho,58.0,127.0,3.0,3300.0,44.0,18.0,34.0,7
PRO_6216,beleza_saude,59.0,458.0,1.0,750.0,20.0,20.0,20.0,43
PRO_6217,relogios_presentes,48.0,709.0,6.0,547.0,21.0,12.0,16.0,71
PRO_6218,eletroportateis,44.0,876.0,4.0,575.0,20.0,11.0,17.0,63
PRO_6219,utilidades_domesticas,46.0,1329.0,1.0,1000.0,20.0,10.0,20.0,49
PRO_6220,beleza_saude,58.0,1307.0,1.0,350.0,35.0,16.0,20.0,43
PRO_6221,beleza_saude,62.0,1621.0,1.0,3600.0,40.0,11.0,21.0,43
PRO_6222,malas_acessorios,40.0,508.0,2.0,400.0,65.0,11.0,11.0,53
PRO_6223,brinquedos,39.0,554.0,3.0,1700.0,36.0,18.0,27.0,69
PRO_6224,moveis_decoracao,31.0,122.0,1.0,1500.0,59.0,10.0,25.0,39
PRO_6225,utilidades_domesticas,55.0,773.0,1.0,26950.0,44.0,48.0,44.0,49
PRO_6226,livros_interesse_geral,27.0,458.0,1.0,250.0,27.0,9.0,18.0,8
PRO_6227,ferramentas_jardim,55.0,640.0,4.0,8000.0,49.0,28.0,57.0,42
PRO_6228,esporte_lazer,31.0,486.0,1.0,500.0,25.0,15.0,20.0,65
PRO_6229,bebes,21.0,618.0,1.0,483.0,17.0,24.0,21.0,6
PRO_6230,informatica_acessorios,52.0,1731.0,4.0,9600.0,52.0,19.0,51.0,15
PRO_6231,perfumaria,49.0,304.0,1.0,487.0,21.0,17.0,17.0,59
PRO_6232,eletrodomesticos,59.0,250.0,1.0,250.0,27.0,13.0,17.0,44
PRO_6233,utilidades_domesticas,59.0,887.0,1.0,5500.0,32.0,32.0,32.0,49
PRO_6234,esporte_lazer,37.0,1023.0,1.0,300.0,17.0,17.0,12.0,65
PRO_6235,beleza_saude,47.0,886.0,4.0,667.0,30.0,16.0,16.0,43
PRO_6236,eletronicos,31.0,374.0,1.0,100.0,25.0,7.0,16.0,26
PRO_6237,esporte_lazer,33.0,1375.0,1.0,300.0,18.0,8.0,14.0,65
PRO_6238,cool_stuff,54.0,1012.0,1.0,1200.0,42.0,25.0,15.0,20
PRO_6239,esporte_lazer,46.0,582.0,1.0,6650.0,30.0,50.0,30.0,65
PRO_6240,informatica_acessorios,58.0,679.0,4.0,140.0,16.0,11.0,17.0,15
PRO_6241,informatica_acessorios,36.0,983.0,4.0,1700.0,31.0,12.0,22.0,15
PRO_6242,papelaria,42.0,456.0,1.0,750.0,16.0,20.0,35.0,66
PRO_6243,relogios_presentes,57.0,558.0,2.0,400.0,16.0,11.0,20.0,71
PRO_6244,cama_mesa_banho,51.0,749.0,1.0,750.0,16.0,16.0,16.0,7
PRO_6245,fashion_bolsas_e_acessorios,53.0,408.0,3.0,1100.0,42.0,13.0,43.0,28
PRO_6246,automotivo,51.0,186.0,1.0,9250.0,67.0,6.0,20.0,5
PRO_6247,utilidades_domesticas,54.0,351.0,2.0,145.0,19.0,4.0,12.0,49
PRO_6248,automotivo,55.0,703.0,6.0,5100.0,47.0,19.0,23.0,5
PRO_6249,beleza_saude,53.0,348.0,1.0,450.0,86.0,15.0,15.0,43
PRO_6250,informatica_acessorios,44.0,624.0,7.0,200.0,30.0,2.0,39.0,15
PRO_6251,sinalizacao_e_seguranca,57.0,2162.0,5.0,1350.0,33.0,13.0,20.0,62
PRO_6252,fashion_bolsas_e_acessorios,45.0,809.0,1.0,100.0,16.0,5.0,16.0,28
PRO_6253,cama_mesa_banho,48.0,207.0,1.0,950.0,35.0,15.0,25.0,7
PRO_6254,cool_stuff,34.0,365.0,1.0,517.0,25.0,18.0,22.0,20
PRO_6255,automotivo,54.0,145.0,4.0,100.0,24.0,2.0,17.0,5
PRO_6256,cool_stuff,22.0,165.0,1.0,423.0,24.0,13.0,16.0,20
PRO_6257,informatica_acessorios,60.0,274.0,1.0,867.0,34.0,15.0,15.0,15
PRO_6258,construcao_ferramentas_construcao,59.0,320.0,1.0,100.0,20.0,4.0,25.0,17
PRO_6259,papelaria,58.0,213.0,3.0,4200.0,25.0,55.0,37.0,66
PRO_6260,brinquedos,48.0,273.0,2.0,583.0,18.0,21.0,21.0,69
PRO_6261,bebes,56.0,379.0,2.0,12350.0,60.0,32.0,42.0,6
PRO_6262,telefonia,60.0,755.0,6.0,350.0,17.0,4.0,12.0,68
PRO_6263,pet_shop,63.0,1440.0,3.0,1400.0,50.0,20.0,40.0,60
PRO_6264,pet_shop,63.0,687.0,2.0,200.0,20.0,10.0,20.0,60
PRO_6265,cama_mesa_banho,59.0,416.0,1.0,1750.0,40.0,6.0,30.0,7
PRO_6266,telefonia,51.0,394.0,7.0,150.0,19.0,3.0,11.0,68
PRO_6267,automotivo,59.0,1114.0,3.0,350.0,16.0,5.0,11.0,5
PRO_6268,moveis_decoracao,36.0,1087.0,1.0,300.0,38.0,15.0,30.0,39
PRO_6269,esporte_lazer,56.0,661.0,5.0,200.0,16.0,5.0,13.0,65
PRO_6270,moveis_decoracao,49.0,1750.0,3.0,3150.0,105.0,3.0,70.0,39
PRO_6271,brinquedos,59.0,549.0,3.0,11600.0,24.0,77.0,24.0,69
PRO_6272,cama_mesa_banho,54.0,204.0,1.0,550.0,16.0,10.0,16.0,7
PRO_6273,pet_shop,55.0,285.0,1.0,700.0,20.0,11.0,13.0,60
PRO_6274,eletroportateis,52.0,1074.0,1.0,1150.0,16.0,16.0,16.0,63
PRO_6275,moveis_decoracao,53.0,553.0,1.0,1500.0,35.0,9.0,25.0,39
PRO_6276,construcao_ferramentas_construcao,60.0,2438.0,4.0,6143.0,24.0,13.0,14.0,17
PRO_6277,relogios_presentes,47.0,1387.0,3.0,440.0,18.0,14.0,17.0,71
PRO_6278,moveis_escritorio,40.0,2137.0,1.0,10850.0,58.0,28.0,58.0,57
PRO_6279,papelaria,60.0,589.0,3.0,250.0,21.0,7.0,15.0,66
PRO_6280,cama_mesa_banho,54.0,617.0,2.0,350.0,47.0,4.0,35.0,7
PRO_6281,unknown,51.0,595.0,1.0,200.0,16.0,12.0,15.0,70
PRO_6282,beleza_saude,59.0,703.0,1.0,150.0,20.0,20.0,15.0,43
PRO_6283,cool_stuff,42.0,2461.0,1.0,700.0,25.0,5.0,15.0,20
PRO_6284,utilidades_domesticas,59.0,881.0,2.0,1600.0,42.0,15.0,24.0,49
PRO_6285,sinalizacao_e_seguranca,54.0,1049.0,1.0,300.0,20.0,11.0,15.0,62
PRO_6286,esporte_lazer,48.0,2639.0,5.0,1200.0,20.0,35.0,26.0,65
PRO_6287,automotivo,57.0,1076.0,3.0,3150.0,100.0,3.0,42.0,5
PRO_6288,relogios_presentes,59.0,1271.0,3.0,153.0,17.0,11.0,15.0,71
PRO_6289,moveis_decoracao,59.0,272.0,1.0,250.0,24.0,3.0,12.0,39
PRO_6290,eletronicos,26.0,123.0,2.0,175.0,21.0,11.0,13.0,26
PRO_6291,beleza_saude,59.0,629.0,2.0,200.0,18.0,11.0,13.0,43
PRO_6292,livros_interesse_geral,24.0,1495.0,3.0,300.0,24.0,3.0,18.0,8
PRO_6293,casa_construcao,59.0,218.0,4.0,600.0,39.0,12.0,12.0,48
PRO_6294,cool_stuff,21.0,608.0,1.0,850.0,31.0,20.0,32.0,20
PRO_6295,informatica_acessorios,59.0,2046.0,6.0,250.0,17.0,10.0,13.0,15
PRO_6296,papelaria,39.0,210.0,2.0,1475.0,40.0,33.0,24.0,66
PRO_6297,automotivo,55.0,840.0,1.0,1700.0,45.0,20.0,45.0,5
PRO_6298,moveis_decoracao,48.0,1459.0,1.0,1600.0,53.0,8.0,11.0,39
PRO_6299,pet_shop,47.0,1077.0,1.0,6372.0,64.0,17.0,52.0,60
PRO_6300,moveis_sala,54.0,529.0,2.0,17800.0,70.0,15.0,24.0,40
PRO_6301,moveis_decoracao,63.0,1817.0,2.0,300.0,16.0,2.0,11.0,39
PRO_6302,moveis_decoracao,64.0,669.0,4.0,200.0,16.0,16.0,16.0,39
PRO_6303,construcao_ferramentas_construcao,55.0,1098.0,1.0,6267.0,30.0,27.0,24.0,17
PRO_6304,esporte_lazer,31.0,219.0,2.0,1150.0,60.0,15.0,15.0,65
PRO_6305,telefonia,59.0,756.0,2.0,100.0,23.0,13.0,16.0,68
PRO_6306,moveis_sala,20.0,275.0,1.0,3400.0,33.0,13.0,33.0,40
PRO_6307,informatica_acessorios,52.0,118.0,2.0,100.0,16.0,8.0,11.0,15
PRO_6308,eletrodomesticos_2,37.0,388.0,2.0,1938.0,32.0,19.0,21.0,45
PRO_6309,utilidades_domesticas,50.0,364.0,1.0,10450.0,61.0,28.0,28.0,49
PRO_6310,informatica_acessorios,60.0,872.0,1.0,820.0,48.0,8.0,28.0,15
PRO_6311,market_place,56.0,817.0,3.0,1500.0,48.0,9.0,16.0,54
PRO_6312,moveis_sala,60.0,1483.0,2.0,12400.0,72.0,25.0,22.0,40
PRO_6313,cama_mesa_banho,52.0,222.0,1.0,7150.0,40.0,20.0,40.0,7
PRO_6314,utilidades_domesticas,53.0,916.0,1.0,153.0,30.0,13.0,17.0,49
PRO_6315,fashion_bolsas_e_acessorios,38.0,900.0,2.0,150.0,17.0,7.0,12.0,28
PRO_6316,telefonia,60.0,818.0,4.0,350.0,17.0,4.0,12.0,68
PRO_6317,consoles_games,63.0,71.0,3.0,800.0,20.0,20.0,20.0,16
PRO_6318,informatica_acessorios,59.0,507.0,1.0,100.0,16.0,8.0,12.0,15
PRO_6319,perfumaria,54.0,860.0,2.0,400.0,20.0,20.0,20.0,59
PRO_6320,fashion_bolsas_e_acessorios,51.0,221.0,1.0,100.0,24.0,4.0,34.0,28
PRO_6321,moveis_decoracao,30.0,615.0,1.0,22625.0,66.0,43.0,66.0,39
PRO_6322,automotivo,57.0,361.0,5.0,100.0,24.0,2.0,17.0,5
PRO_6323,instrumentos_musicais,41.0,163.0,1.0,500.0,30.0,20.0,30.0,56
PRO_6324,automotivo,54.0,582.0,1.0,5575.0,63.0,9.0,63.0,5
PRO_6325,relogios_presentes,29.0,1533.0,1.0,250.0,16.0,10.0,11.0,71
PRO_6326,casa_conforto,60.0,249.0,3.0,1050.0,40.0,20.0,30.0,47
PRO_6327,brinquedos,47.0,1375.0,9.0,550.0,29.0,18.0,28.0,69
PRO_6328,ferramentas_jardim,57.0,3533.0,4.0,2100.0,32.0,16.0,31.0,42
PRO_6329,eletrodomesticos,33.0,96.0,1.0,21000.0,63.0,21.0,37.0,44
PRO_6330,brinquedos,47.0,662.0,2.0,10800.0,55.0,18.0,19.0,69
PRO_6331,esporte_lazer,58.0,1249.0,1.0,4350.0,20.0,20.0,20.0,65
PRO_6332,informatica_acessorios,56.0,155.0,1.0,100.0,23.0,13.0,13.0,15
PRO_6333,moveis_decoracao,55.0,321.0,1.0,1600.0,45.0,7.0,35.0,39
PRO_6334,fashion_bolsas_e_acessorios,42.0,150.0,1.0,100.0,16.0,7.0,15.0,28
PRO_6335,eletrodomesticos,59.0,490.0,3.0,200.0,27.0,13.0,17.0,44
PRO_6336,beleza_saude,56.0,390.0,1.0,250.0,16.0,5.0,15.0,43
PRO_6337,brinquedos,46.0,195.0,2.0,575.0,23.0,17.0,20.0,69
PRO_6338,informatica_acessorios,51.0,931.0,3.0,5690.0,30.0,23.0,25.0,15
PRO_6339,artes,57.0,728.0,2.0,1650.0,30.0,4.0,30.0,2
PRO_6340,utilidades_domesticas,52.0,933.0,2.0,550.0,30.0,16.0,25.0,49
PRO_6341,moveis_decoracao,59.0,2010.0,2.0,1200.0,69.0,11.0,11.0,39
PRO_6342,informatica_acessorios,60.0,491.0,1.0,1600.0,25.0,9.0,25.0,15
PRO_6343,utilidades_domesticas,51.0,584.0,1.0,16000.0,30.0,30.0,30.0,49
PRO_6344,eletronicos,48.0,219.0,3.0,550.0,16.0,5.0,20.0,26
PRO_6345,unknown,51.0,595.0,1.0,200.0,16.0,2.0,11.0,70
PRO_6346,beleza_saude,49.0,1616.0,3.0,775.0,28.0,15.0,16.0,43
PRO_6347,perfumaria,39.0,211.0,1.0,442.0,23.0,15.0,17.0,59
PRO_6348,informatica_acessorios,28.0,1558.0,1.0,1000.0,34.0,15.0,14.0,15
PRO_6349,climatizacao,50.0,1358.0,1.0,1900.0,21.0,31.0,25.0,1
PRO_6350,moveis_escritorio,41.0,154.0,1.0,2600.0,40.0,45.0,39.0,57
PRO_6351,informatica_acessorios,52.0,708.0,5.0,200.0,16.0,2.0,11.0,15
PRO_6352,sinalizacao_e_seguranca,51.0,742.0,2.0,9350.0,55.0,55.0,22.0,62
PRO_6353,utilidades_domesticas,56.0,397.0,4.0,7350.0,56.0,14.0,56.0,49
PRO_6354,utilidades_domesticas,56.0,357.0,2.0,1050.0,91.0,13.0,11.0,49
PRO_6355,pet_shop,39.0,776.0,1.0,8500.0,16.0,15.0,25.0,60
PRO_6356,esporte_lazer,43.0,767.0,1.0,200.0,21.0,21.0,21.0,65
PRO_6357,climatizacao,54.0,964.0,1.0,9200.0,20.0,8.0,15.0,1
PRO_6358,esporte_lazer,42.0,2096.0,2.0,1600.0,25.0,15.0,25.0,65
PRO_6359,perfumaria,47.0,609.0,1.0,600.0,30.0,10.0,30.0,59
PRO_6360,beleza_saude,48.0,681.0,1.0,500.0,18.0,18.0,18.0,43
PRO_6361,automotivo,56.0,304.0,7.0,550.0,30.0,5.0,20.0,5
PRO_6362,informatica_acessorios,50.0,1626.0,1.0,97.0,65.0,3.0,13.0,15
PRO_6363,fashion_roupa_masculina,28.0,572.0,2.0,800.0,45.0,10.0,35.0,30
PRO_6364,papelaria,38.0,284.0,1.0,100.0,16.0,6.0,11.0,66
PRO_6365,automotivo,58.0,370.0,1.0,1100.0,30.0,25.0,25.0,5
PRO_6366,moveis_decoracao,50.0,414.0,1.0,800.0,35.0,15.0,20.0,39
PRO_6367,utilidades_domesticas,41.0,1188.0,3.0,700.0,70.0,10.0,15.0,49
PRO_6368,beleza_saude,40.0,1151.0,1.0,1106.0,19.0,22.0,18.0,43
PRO_6369,informatica_acessorios,54.0,199.0,1.0,300.0,42.0,8.0,17.0,15
PRO_6370,relogios_presentes,53.0,486.0,2.0,533.0,20.0,8.0,11.0,71
PRO_6371,telefonia,52.0,734.0,1.0,100.0,19.0,4.0,11.0,68
PRO_6372,automotivo,43.0,591.0,1.0,5200.0,16.0,2.0,11.0,5
PRO_6373,brinquedos,36.0,908.0,1.0,425.0,16.0,5.0,14.0,69
PRO_6374,bebes,52.0,917.0,4.0,1000.0,50.0,19.0,45.0,6
PRO_6375,climatizacao,45.0,1045.0,1.0,5300.0,51.0,22.0,34.0,1
PRO_6376,esporte_lazer,38.0,2007.0,4.0,300.0,19.0,12.0,12.0,65
PRO_6377,esporte_lazer,63.0,942.0,1.0,200.0,16.0,3.0,11.0,65
PRO_6378,informatica_acessorios,36.0,664.0,4.0,1000.0,20.0,30.0,20.0,15
PRO_6379,cama_mesa_banho,46.0,352.0,2.0,900.0,50.0,11.0,11.0,7
PRO_6380,fashion_roupa_masculina,39.0,51.0,1.0,400.0,30.0,40.0,11.0,30
PRO_6381,moveis_decoracao,31.0,471.0,1.0,1200.0,20.0,20.0,20.0,39
PRO_6382,papelaria,60.0,298.0,1.0,450.0,16.0,6.0,11.0,66
PRO_6383,ferramentas_jardim,56.0,828.0,2.0,650.0,30.0,7.0,21.0,42
PRO_6384,ferramentas_jardim,50.0,422.0,2.0,1700.0,30.0,25.0,45.0,42
PRO_6385,cool_stuff,55.0,504.0,2.0,538.0,29.0,13.0,21.0,20
PRO_6386,automotivo,45.0,562.0,4.0,325.0,25.0,25.0,25.0,5
PRO_6387,automotivo,50.0,311.0,1.0,2100.0,16.0,2.0,11.0,5
PRO_6388,brinquedos,59.0,453.0,2.0,300.0,16.0,16.0,16.0,69
PRO_6389,esporte_lazer,55.0,2361.0,1.0,150.0,16.0,2.0,11.0,65
PRO_6390,relogios_presentes,51.0,482.0,2.0,160.0,18.0,12.0,17.0,71
PRO_6391,alimentos,44.0,1373.0,1.0,1358.0,27.0,21.0,20.0,36
PRO_6392,automotivo,59.0,891.0,5.0,850.0,23.0,7.0,38.0,5
PRO_6393,esporte_lazer,52.0,354.0,1.0,1123.0,32.0,25.0,23.0,65
PRO_6394,livros_interesse_geral,37.0,546.0,1.0,450.0,28.0,6.0,19.0,8
PRO_6395,informatica_acessorios,53.0,886.0,6.0,200.0,29.0,5.0,20.0,15
PRO_6396,automotivo,58.0,2310.0,1.0,1600.0,24.0,19.0,20.0,5
PRO_6397,moveis_decoracao,56.0,1893.0,6.0,3000.0,69.0,11.0,11.0,39
PRO_6398,esporte_lazer,55.0,1123.0,8.0,4000.0,82.0,15.0,22.0,65
PRO_6399,eletronicos,47.0,196.0,1.0,190.0,19.0,16.0,10.0,26
PRO_6400,esporte_lazer,40.0,977.0,1.0,3663.0,27.0,27.0,27.0,65
PRO_6401,brinquedos,37.0,1353.0,3.0,958.0,65.0,15.0,50.0,69
PRO_6402,consoles_games,43.0,1330.0,2.0,275.0,17.0,6.0,12.0,16
PRO_6403,fashion_calcados,34.0,240.0,12.0,200.0,29.0,7.0,16.0,31
PRO_6404,ferramentas_jardim,40.0,288.0,1.0,600.0,25.0,40.0,25.0,42
PRO_6405,moveis_decoracao,60.0,1701.0,2.0,700.0,60.0,7.0,11.0,39
PRO_6406,perfumaria,60.0,441.0,1.0,500.0,23.0,8.0,15.0,59
PRO_6407,automotivo,60.0,651.0,5.0,6850.0,64.0,5.0,39.0,5
PRO_6408,brinquedos,52.0,962.0,3.0,6150.0,60.0,17.0,34.0,69
PRO_6409,brinquedos,44.0,867.0,2.0,950.0,23.0,24.0,23.0,69
PRO_6410,relogios_presentes,59.0,591.0,2.0,500.0,16.0,11.0,20.0,71
PRO_6411,ferramentas_jardim,54.0,1313.0,2.0,900.0,20.0,20.0,20.0,42
PRO_6412,fashion_bolsas_e_acessorios,27.0,458.0,4.0,150.0,16.0,12.0,16.0,28
PRO_6413,beleza_saude,59.0,1828.0,1.0,1400.0,20.0,20.0,20.0,43
PRO_6414,beleza_saude,33.0,1369.0,1.0,700.0,31.0,13.0,21.0,43
PRO_6415,moveis_cozinha_area_de_servico_jantar_e_jardim,38.0,731.0,5.0,6400.0,16.0,2.0,11.0,51
PRO_6416,perfumaria,47.0,159.0,1.0,390.0,22.0,11.0,16.0,59
PRO_6417,eletronicos,55.0,983.0,2.0,900.0,70.0,5.0,11.0,26
PRO_6418,construcao_ferramentas_construcao,58.0,1281.0,1.0,2220.0,54.0,10.0,11.0,17
PRO_6419,moveis_decoracao,9.0,283.0,1.0,10400.0,40.0,42.0,40.0,39
PRO_6420,cool_stuff,37.0,1925.0,2.0,4950.0,48.0,46.0,15.0,20
PRO_6421,telefonia_fixa,59.0,1809.0,5.0,2400.0,26.0,26.0,26.0,34
PRO_6422,consoles_games,44.0,648.0,1.0,150.0,20.0,13.0,15.0,16
PRO_6423,informatica_acessorios,52.0,791.0,2.0,510.0,18.0,17.0,13.0,15
PRO_6424,bebes,47.0,224.0,2.0,9400.0,75.0,15.0,50.0,6
PRO_6425,eletronicos,38.0,1390.0,3.0,600.0,30.0,8.0,18.0,26
PRO_6426,moveis_decoracao,27.0,336.0,2.0,2000.0,39.0,42.0,39.0,39
PRO_6427,livros_interesse_geral,36.0,749.0,1.0,800.0,30.0,5.0,30.0,8
PRO_6428,beleza_saude,45.0,1587.0,1.0,567.0,19.0,10.0,13.0,43
PRO_6429,esporte_lazer,53.0,236.0,2.0,300.0,30.0,5.0,20.0,65
PRO_6430,informatica_acessorios,30.0,204.0,3.0,4400.0,35.0,15.0,30.0,15
PRO_6431,portateis_casa_forno_e_cafe,57.0,1123.0,2.0,450.0,32.0,11.0,11.0,64
PRO_6432,brinquedos,36.0,434.0,1.0,400.0,23.0,25.0,11.0,69
PRO_6433,bebes,48.0,1369.0,2.0,6850.0,48.0,25.0,34.0,6
PRO_6434,eletroportateis,54.0,124.0,1.0,400.0,16.0,35.0,25.0,63
PRO_6435,cama_mesa_banho,54.0,1050.0,1.0,2800.0,33.0,19.0,45.0,7
PRO_6436,unknown,51.0,595.0,1.0,1400.0,40.0,15.0,40.0,70
PRO_6437,papelaria,30.0,283.0,3.0,300.0,16.0,11.0,11.0,66
PRO_6438,utilidades_domesticas,57.0,326.0,1.0,800.0,16.0,2.0,11.0,49
PRO_6439,cool_stuff,33.0,389.0,2.0,150.0,20.0,6.0,15.0,20
PRO_6440,beleza_saude,51.0,762.0,1.0,700.0,25.0,12.0,19.0,43
PRO_6441,beleza_saude,30.0,548.0,1.0,150.0,16.0,5.0,17.0,43
PRO_6442,esporte_lazer,32.0,463.0,3.0,450.0,29.0,25.0,26.0,65
PRO_6443,cama_mesa_banho,58.0,366.0,1.0,600.0,63.0,15.0,28.0,7
PRO_6444,beleza_saude,60.0,183.0,1.0,700.0,19.0,17.0,15.0,43
PRO_6445,telefonia,31.0,275.0,2.0,200.0,18.0,6.0,11.0,68
PRO_6446,informatica_acessorios,52.0,2518.0,2.0,400.0,28.0,6.0,20.0,15
PRO_6447,informatica_acessorios,49.0,209.0,1.0,100.0,16.0,8.0,12.0,15
PRO_6448,beleza_saude,58.0,1021.0,1.0,1425.0,17.0,28.0,15.0,43
PRO_6449,eletrodomesticos,60.0,940.0,2.0,950.0,25.0,11.0,15.0,44
PRO_6450,fashion_roupa_masculina,46.0,1765.0,2.0,600.0,35.0,35.0,15.0,30
PRO_6451,moveis_escritorio,54.0,604.0,1.0,8800.0,52.0,51.0,17.0,57
PRO_6452,automotivo,52.0,1367.0,1.0,200.0,16.0,2.0,11.0,5
PRO_6453,automotivo,55.0,114.0,5.0,100.0,16.0,18.0,14.0,5
PRO_6454,eletronicos,39.0,1360.0,4.0,200.0,18.0,10.0,15.0,26
PRO_6455,automotivo,25.0,712.0,1.0,200.0,21.0,17.0,17.0,5
PRO_6456,utilidades_domesticas,52.0,440.0,3.0,2000.0,33.0,35.0,33.0,49
PRO_6457,consoles_games,36.0,1485.0,5.0,1000.0,20.0,30.0,20.0,16
PRO_6458,ferramentas_jardim,55.0,617.0,6.0,340.0,14.0,16.0,13.0,42
PRO_6459,utilidades_domesticas,48.0,527.0,2.0,800.0,25.0,10.0,25.0,49
PRO_6460,cama_mesa_banho,58.0,679.0,1.0,1325.0,19.0,17.0,23.0,7
PRO_6461,utilidades_domesticas,57.0,571.0,1.0,2350.0,25.0,30.0,25.0,49
PRO_6462,esporte_lazer,42.0,394.0,5.0,600.0,32.0,18.0,23.0,65
PRO_6463,moveis_decoracao,35.0,159.0,2.0,600.0,22.0,7.0,32.0,39
PRO_6464,relogios_presentes,60.0,515.0,2.0,100.0,16.0,3.0,11.0,71
PRO_6465,informatica_acessorios,49.0,1830.0,1.0,6200.0,23.0,12.0,15.0,15
PRO_6466,beleza_saude,47.0,1509.0,1.0,500.0,35.0,12.0,18.0,43
PRO_6467,cama_mesa_banho,59.0,275.0,1.0,5050.0,57.0,18.0,51.0,7
PRO_6468,relogios_presentes,54.0,650.0,1.0,325.0,25.0,12.0,23.0,71
PRO_6469,brinquedos,37.0,226.0,1.0,450.0,45.0,15.0,35.0,69
PRO_6470,beleza_saude,60.0,242.0,2.0,1350.0,19.0,28.0,17.0,43
PRO_6471,automotivo,45.0,593.0,1.0,1100.0,42.0,12.0,22.0,5
PRO_6472,fashion_calcados,55.0,344.0,3.0,3000.0,36.0,37.0,16.0,31
PRO_6473,relogios_presentes,40.0,148.0,1.0,22175.0,19.0,9.0,12.0,71
PRO_6474,unknown,51.0,595.0,1.0,1300.0,30.0,10.0,20.0,70
PRO_6475,ferramentas_jardim,52.0,317.0,1.0,10100.0,53.0,30.0,38.0,42
PRO_6476,brinquedos,58.0,411.0,1.0,200.0,28.0,13.0,22.0,69
PRO_6477,papelaria,53.0,500.0,2.0,550.0,16.0,4.0,11.0,66
PRO_6478,cama_mesa_banho,56.0,255.0,1.0,1950.0,43.0,10.0,33.0,7
PRO_6479,moveis_decoracao,57.0,646.0,1.0,300.0,16.0,30.0,20.0,39
PRO_6480,papelaria,41.0,134.0,2.0,200.0,21.0,7.0,15.0,66
PRO_6481,cama_mesa_banho,46.0,164.0,1.0,1650.0,44.0,24.0,37.0,7
PRO_6482,fashion_bolsas_e_acessorios,35.0,545.0,5.0,200.0,16.0,11.0,11.0,28
PRO_6483,agro_industria_e_comercio,45.0,3177.0,6.0,1700.0,80.0,22.0,11.0,0
PRO_6484,esporte_lazer,48.0,566.0,1.0,200.0,21.0,25.0,21.0,65
PRO_6485,unknown,51.0,595.0,1.0,500.0,22.0,11.0,11.0,70
PRO_6486,moveis_decoracao,50.0,844.0,3.0,900.0,86.0,4.0,20.0,39
PRO_6487,beleza_saude,47.0,1290.0,1.0,1200.0,25.0,12.0,19.0,43
PRO_6488,moveis_decoracao,19.0,443.0,1.0,9000.0,105.0,30.0,30.0,39
PRO_6489,bebes,40.0,820.0,4.0,139.0,17.0,11.0,15.0,6
PRO_6490,beleza_saude,41.0,1350.0,3.0,400.0,16.0,8.0,11.0,43
PRO_6491,esporte_lazer,50.0,2164.0,5.0,3400.0,33.0,25.0,28.0,65
PRO_6492,brinquedos,36.0,225.0,2.0,1700.0,19.0,27.0,40.0,69
PRO_6493,moveis_decoracao,38.0,581.0,2.0,23700.0,49.0,42.0,42.0,39
PRO_6494,automotivo,60.0,695.0,6.0,5050.0,47.0,19.0,23.0,5
PRO_6495,cool_stuff,53.0,629.0,1.0,750.0,42.0,25.0,15.0,20
PRO_6496,unknown,51.0,595.0,1.0,400.0,24.0,4.0,15.0,70
PRO_6497,cama_mesa_banho,55.0,291.0,1.0,2600.0,45.0,17.0,35.0,7
PRO_6498,cama_mesa_banho,52.0,301.0,2.0,840.0,37.0,23.0,35.0,7
PRO_6499,climatizacao,57.0,200.0,1.0,200.0,20.0,8.0,13.0,1
PRO_6500,instrumentos_musicais,58.0,815.0,8.0,18600.0,100.0,15.0,50.0,56
PRO_6501,moveis_escritorio,48.0,1066.0,1.0,12160.0,56.0,51.0,28.0,57
PRO_6502,esporte_lazer,46.0,104.0,1.0,400.0,26.0,16.0,21.0,65
PRO_6503,casa_conforto,59.0,349.0,1.0,1600.0,45.0,15.0,35.0,47
PRO_6504,bebes,35.0,301.0,1.0,500.0,33.0,8.0,31.0,6
PRO_6505,cama_mesa_banho,58.0,254.0,1.0,2800.0,40.0,20.0,40.0,7
PRO_6506,perfumaria,54.0,573.0,1.0,295.0,19.0,14.0,14.0,59
PRO_6507,construcao_ferramentas_seguranca,60.0,1201.0,3.0,825.0,18.0,14.0,18.0,19
PRO_6508,automotivo,60.0,2256.0,5.0,3400.0,30.0,20.0,30.0,5
PRO_6509,moveis_decoracao,43.0,523.0,1.0,400.0,50.0,5.0,30.0,39
PRO_6510,utilidades_domesticas,55.0,858.0,1.0,6950.0,35.0,30.0,35.0,49
PRO_6511,relogios_presentes,57.0,864.0,8.0,200.0,16.0,2.0,11.0,71
PRO_6512,beleza_saude,41.0,586.0,3.0,225.0,18.0,8.0,13.0,43
PRO_6513,esporte_lazer,29.0,973.0,1.0,7400.0,49.0,22.0,41.0,65
PRO_6514,automotivo,49.0,840.0,1.0,1700.0,45.0,20.0,45.0,5
PRO_6515,telefonia,59.0,717.0,1.0,250.0,17.0,4.0,16.0,68
PRO_6516,informatica_acessorios,25.0,978.0,3.0,1400.0,25.0,15.0,25.0,15
PRO_6517,beleza_saude,55.0,3950.0,1.0,2500.0,35.0,20.0,20.0,43
PRO_6518,instrumentos_musicais,51.0,291.0,5.0,200.0,16.0,30.0,16.0,56
PRO_6519,telefonia,61.0,440.0,1.0,250.0,18.0,3.0,28.0,68
PRO_6520,ferramentas_jardim,58.0,1966.0,4.0,18500.0,67.0,58.0,38.0,42
PRO_6521,construcao_ferramentas_construcao,54.0,672.0,2.0,1000.0,60.0,30.0,15.0,17
PRO_6522,consoles_games,58.0,71.0,1.0,900.0,17.0,16.0,13.0,16
PRO_6523,esporte_lazer,54.0,1719.0,1.0,975.0,20.0,20.0,14.0,65
PRO_6524,malas_acessorios,37.0,386.0,3.0,700.0,40.0,15.0,40.0,53
PRO_6525,papelaria,55.0,322.0,3.0,600.0,21.0,7.0,15.0,66
PRO_6526,consoles_games,53.0,718.0,4.0,400.0,20.0,10.0,25.0,16
PRO_6527,relogios_presentes,57.0,1889.0,2.0,850.0,33.0,17.0,12.0,71
PRO_6528,relogios_presentes,58.0,600.0,3.0,250.0,16.0,2.0,11.0,71
PRO_6529,automotivo,60.0,695.0,6.0,5500.0,47.0,19.0,23.0,5
PRO_6530,esporte_lazer,49.0,373.0,4.0,150.0,20.0,4.0,15.0,65
PRO_6531,brinquedos,54.0,228.0,2.0,450.0,16.0,16.0,16.0,69
PRO_6532,beleza_saude,49.0,660.0,1.0,483.0,16.0,16.0,14.0,43
PRO_6533,perfumaria,32.0,375.0,2.0,291.0,20.0,9.0,14.0,59
PRO_6534,relogios_presentes,54.0,345.0,4.0,1650.0,42.0,10.0,42.0,71
PRO_6535,esporte_lazer,38.0,1731.0,1.0,350.0,20.0,15.0,17.0,65
PRO_6536,moveis_decoracao,49.0,1799.0,5.0,650.0,68.0,8.0,13.0,39
PRO_6537,esporte_lazer,60.0,1052.0,5.0,600.0,30.0,20.0,20.0,65
PRO_6538,dvds_blu_ray,49.0,917.0,1.0,200.0,20.0,2.0,14.0,25
PRO_6539,beleza_saude,44.0,1253.0,1.0,200.0,17.0,10.0,14.0,43
PRO_6540,construcao_ferramentas_iluminacao,58.0,311.0,1.0,600.0,16.0,16.0,30.0,18
PRO_6541,fashion_bolsas_e_acessorios,19.0,270.0,1.0,150.0,20.0,10.0,20.0,28
PRO_6542,cama_mesa_banho,36.0,734.0,5.0,550.0,16.0,10.0,11.0,7
PRO_6543,ferramentas_jardim,58.0,655.0,4.0,800.0,35.0,8.0,13.0,42
PRO_6544,bebes,59.0,799.0,2.0,2250.0,36.0,31.0,19.0,6
PRO_6545,esporte_lazer,56.0,293.0,2.0,1850.0,60.0,15.0,15.0,65
PRO_6546,esporte_lazer,31.0,236.0,2.0,2100.0,60.0,15.0,15.0,65
PRO_6547,instrumentos_musicais,52.0,648.0,1.0,2750.0,103.0,12.0,17.0,56
PRO_6548,construcao_ferramentas_seguranca,57.0,230.0,2.0,1850.0,37.0,10.0,26.0,19
PRO_6549,cama_mesa_banho,52.0,120.0,1.0,750.0,34.0,18.0,44.0,7
PRO_6550,construcao_ferramentas_construcao,52.0,657.0,1.0,775.0,27.0,24.0,12.0,17
PRO_6551,utilidades_domesticas,56.0,1221.0,3.0,1450.0,21.0,17.0,22.0,49
PRO_6552,relogios_presentes,37.0,517.0,3.0,850.0,48.0,16.0,35.0,71
PRO_6553,fashion_bolsas_e_acessorios,29.0,107.0,1.0,800.0,16.0,10.0,15.0,28
PRO_6554,cama_mesa_banho,49.0,528.0,2.0,2350.0,33.0,8.0,33.0,7
PRO_6555,informatica_acessorios,41.0,493.0,1.0,242.0,22.0,14.0,14.0,15
PRO_6556,audio,60.0,908.0,2.0,900.0,20.0,8.0,11.0,4
PRO_6557,pet_shop,55.0,2378.0,2.0,750.0,30.0,15.0,15.0,60
PRO_6558,beleza_saude,46.0,586.0,1.0,200.0,20.0,20.0,30.0,43
PRO_6559,cama_mesa_banho,58.0,352.0,2.0,400.0,50.0,11.0,11.0,7
PRO_6560,pet_shop,49.0,352.0,2.0,4900.0,50.0,20.0,50.0,60
PRO_6561,market_place,35.0,1186.0,5.0,400.0,35.0,15.0,25.0,54
PRO_6562,fashion_bolsas_e_acessorios,45.0,385.0,4.0,300.0,16.0,5.0,20.0,28
PRO_6563,beleza_saude,55.0,3554.0,2.0,225.0,18.0,19.0,17.0,43
PRO_6564,beleza_saude,53.0,681.0,2.0,700.0,17.0,20.0,17.0,43
PRO_6565,beleza_saude,24.0,1208.0,2.0,761.0,28.0,13.0,20.0,43
PRO_6566,moveis_decoracao,59.0,1490.0,3.0,2550.0,105.0,3.0,70.0,39
PRO_6567,informatica_acessorios,51.0,842.0,1.0,200.0,16.0,5.0,11.0,15
PRO_6568,automotivo,60.0,978.0,3.0,100.0,16.0,4.0,12.0,5
PRO_6569,moveis_decoracao,34.0,593.0,1.0,500.0,28.0,8.0,18.0,39
PRO_6570,casa_conforto,56.0,209.0,2.0,5700.0,40.0,20.0,40.0,47
PRO_6571,moveis_decoracao,59.0,150.0,1.0,7000.0,70.0,21.0,16.0,39
PRO_6572,fashion_calcados,57.0,404.0,3.0,750.0,22.0,12.0,33.0,31
PRO_6573,unknown,51.0,595.0,1.0,5850.0,36.0,27.0,54.0,70
PRO_6574,moveis_decoracao,53.0,747.0,9.0,2700.0,27.0,35.0,23.0,39
PRO_6575,esporte_lazer,55.0,986.0,2.0,400.0,18.0,9.0,11.0,65
PRO_6576,papelaria,42.0,173.0,2.0,700.0,36.0,6.0,29.0,66
PRO_6577,pet_shop,49.0,1245.0,1.0,6050.0,50.0,10.0,36.0,60
PRO_6578,automotivo,44.0,301.0,1.0,540.0,24.0,20.0,18.0,5
PRO_6579,cama_mesa_banho,54.0,235.0,1.0,1900.0,34.0,8.0,32.0,7
PRO_6580,beleza_saude,60.0,751.0,2.0,150.0,20.0,10.0,15.0,43
PRO_6581,cama_mesa_banho,54.0,836.0,1.0,1400.0,16.0,16.0,16.0,7
PRO_6582,esporte_lazer,44.0,711.0,1.0,1100.0,57.0,16.0,21.0,65
PRO_6583,moveis_decoracao,55.0,285.0,1.0,600.0,50.0,15.0,40.0,39
PRO_6584,automotivo,57.0,862.0,1.0,350.0,20.0,15.0,15.0,5
PRO_6585,informatica_acessorios,46.0,314.0,1.0,1000.0,17.0,12.0,40.0,15
PRO_6586,beleza_saude,36.0,401.0,1.0,286.0,16.0,18.0,15.0,43
PRO_6587,esporte_lazer,56.0,400.0,1.0,300.0,16.0,16.0,16.0,65
PRO_6588,automotivo,54.0,2125.0,1.0,300.0,24.0,18.0,18.0,5
PRO_6589,moveis_decoracao,51.0,1151.0,1.0,12333.0,55.0,54.0,19.0,39
PRO_6590,utilidades_domesticas,45.0,466.0,1.0,628.0,21.0,31.0,18.0,49
PRO_6591,ferramentas_jardim,43.0,1067.0,2.0,700.0,33.0,10.0,18.0,42
PRO_6592,perfumaria,60.0,867.0,1.0,700.0,19.0,13.0,16.0,59
PRO_6593,utilidades_domesticas,54.0,705.0,1.0,250.0,18.0,9.0,12.0,49
PRO_6594,livros_importados,17.0,327.0,1.0,800.0,30.0,2.0,20.0,9
PRO_6595,cool_stuff,43.0,1000.0,1.0,2100.0,99.0,5.0,47.0,20
PRO_6596,brinquedos,43.0,474.0,2.0,380.0,18.0,18.0,18.0,69
PRO_6597,livros_tecnicos,34.0,3936.0,1.0,650.0,23.0,3.0,16.0,10
PRO_6598,moveis_cozinha_area_de_servico_jantar_e_jardim,28.0,820.0,5.0,1600.0,30.0,10.0,20.0,51
PRO_6599,automotivo,52.0,655.0,4.0,2000.0,30.0,28.0,30.0,5
PRO_6600,cama_mesa_banho,58.0,381.0,2.0,1600.0,43.0,8.0,33.0,7
PRO_6601,beleza_saude,36.0,1046.0,1.0,583.0,17.0,11.0,12.0,43
PRO_6602,moveis_sala,33.0,317.0,1.0,13800.0,59.0,17.0,58.0,40
PRO_6603,esporte_lazer,54.0,92.0,4.0,700.0,30.0,15.0,25.0,65
PRO_6604,telefonia,59.0,911.0,3.0,355.0,16.0,8.0,12.0,68
PRO_6605,informatica_acessorios,56.0,257.0,1.0,325.0,46.0,8.0,20.0,15
PRO_6606,moveis_decoracao,52.0,264.0,1.0,650.0,25.0,25.0,25.0,39
PRO_6607,utilidades_domesticas,35.0,1174.0,1.0,1000.0,34.0,10.0,21.0,49
PRO_6608,telefonia,48.0,2004.0,1.0,190.0,30.0,30.0,11.0,68
PRO_6609,informatica_acessorios,56.0,1026.0,1.0,350.0,16.0,12.0,12.0,15
PRO_6610,moveis_decoracao,45.0,2047.0,1.0,1700.0,46.0,19.0,15.0,39
PRO_6611,brinquedos,39.0,111.0,2.0,400.0,20.0,31.0,30.0,69
PRO_6612,moveis_escritorio,44.0,900.0,2.0,23950.0,62.0,16.0,49.0,57
PRO_6613,esporte_lazer,61.0,990.0,5.0,150.0,26.0,2.0,21.0,65
PRO_6614,relogios_presentes,40.0,153.0,3.0,550.0,16.0,16.0,11.0,71
PRO_6615,moveis_escritorio,33.0,143.0,3.0,18950.0,31.0,88.0,64.0,57
PRO_6616,automotivo,55.0,185.0,1.0,500.0,16.0,38.0,38.0,5
PRO_6617,automotivo,38.0,231.0,3.0,100.0,17.0,17.0,17.0,5
PRO_6618,esporte_lazer,44.0,1161.0,3.0,3450.0,100.0,15.0,15.0,65
PRO_6619,moveis_decoracao,29.0,593.0,2.0,3750.0,30.0,35.0,30.0,39
PRO_6620,esporte_lazer,53.0,689.0,2.0,217.0,18.0,13.0,15.0,65
PRO_6621,telefonia,42.0,661.0,4.0,250.0,16.0,4.0,20.0,68
PRO_6622,brinquedos,42.0,669.0,1.0,1550.0,43.0,44.0,43.0,69
PRO_6623,telefonia,52.0,823.0,2.0,300.0,16.0,22.0,11.0,68
PRO_6624,relogios_presentes,50.0,406.0,3.0,860.0,22.0,14.0,17.0,71
PRO_6625,beleza_saude,32.0,500.0,2.0,300.0,16.0,11.0,12.0,43
PRO_6626,informatica_acessorios,46.0,441.0,1.0,540.0,39.0,8.0,21.0,15
PRO_6627,brinquedos,54.0,916.0,5.0,350.0,22.0,22.0,13.0,69
PRO_6628,ferramentas_jardim,28.0,887.0,5.0,30000.0,75.0,50.0,50.0,42
PRO_6629,moveis_decoracao,59.0,471.0,1.0,2100.0,30.0,5.0,20.0,39
PRO_6630,utilidades_domesticas,38.0,818.0,1.0,1100.0,25.0,32.0,25.0,49
PRO_6631,moveis_decoracao,56.0,472.0,2.0,500.0,80.0,10.0,60.0,39
PRO_6632,moveis_decoracao,57.0,208.0,1.0,1100.0,40.0,10.0,34.0,39
PRO_6633,relogios_presentes,52.0,150.0,4.0,250.0,16.0,2.0,11.0,71
PRO_6634,eletronicos,31.0,369.0,1.0,150.0,25.0,7.0,16.0,26
PRO_6635,casa_construcao,52.0,451.0,1.0,900.0,40.0,15.0,44.0,48
PRO_6636,fashion_bolsas_e_acessorios,30.0,128.0,2.0,100.0,16.0,9.0,11.0,28
PRO_6637,cama_mesa_banho,51.0,684.0,1.0,1800.0,30.0,10.0,38.0,7
PRO_6638,esporte_lazer,42.0,1101.0,3.0,225.0,19.0,4.0,11.0,65
PRO_6639,automotivo,58.0,490.0,5.0,100.0,23.0,2.0,17.0,5
PRO_6640,unknown,51.0,595.0,1.0,200.0,22.0,14.0,14.0,70
PRO_6641,pcs,59.0,3913.0,2.0,14150.0,52.0,27.0,52.0,14
PRO_6642,brinquedos,48.0,609.0,3.0,823.0,25.0,28.0,28.0,69
PRO_6643,cama_mesa_banho,52.0,195.0,3.0,750.0,37.0,6.0,35.0,7
PRO_6644,cama_mesa_banho,60.0,624.0,1.0,3300.0,45.0,13.0,35.0,7
PRO_6645,cool_stuff,54.0,998.0,1.0,2850.0,42.0,25.0,15.0,20
PRO_6646,esporte_lazer,52.0,801.0,5.0,418.0,18.0,7.0,13.0,65
PRO_6647,papelaria,36.0,326.0,1.0,300.0,16.0,10.0,11.0,66
PRO_6648,esporte_lazer,47.0,1149.0,1.0,1080.0,32.0,24.0,23.0,65
PRO_6649,bebes,54.0,305.0,6.0,1400.0,40.0,30.0,30.0,6
PRO_6650,livros_interesse_geral,42.0,1223.0,6.0,500.0,22.0,3.0,13.0,8
PRO_6651,relogios_presentes,41.0,734.0,1.0,417.0,18.0,11.0,12.0,71
PRO_6652,agro_industria_e_comercio,54.0,1874.0,7.0,16100.0,40.0,42.0,36.0,0
PRO_6653,cama_mesa_banho,58.0,393.0,1.0,600.0,16.0,10.0,16.0,7
PRO_6654,relogios_presentes,60.0,89.0,4.0,250.0,16.0,2.0,11.0,71
PRO_6655,eletronicos,46.0,92.0,1.0,200.0,24.0,5.0,18.0,26
PRO_6656,moveis_decoracao,59.0,2055.0,3.0,600.0,68.0,8.0,13.0,39
PRO_6657,informatica_acessorios,54.0,439.0,5.0,250.0,25.0,25.0,25.0,15
PRO_6658,consoles_games,57.0,762.0,4.0,200.0,21.0,7.0,16.0,16
PRO_6659,cool_stuff,63.0,1066.0,6.0,14100.0,46.0,33.0,27.0,20
PRO_6660,moveis_decoracao,49.0,627.0,1.0,450.0,25.0,5.0,20.0,39
PRO_6661,informatica_acessorios,47.0,507.0,1.0,2125.0,29.0,18.0,33.0,15
PRO_6662,automotivo,51.0,1624.0,3.0,850.0,20.0,9.0,15.0,5
PRO_6663,pet_shop,54.0,1102.0,2.0,650.0,20.0,18.0,20.0,60
PRO_6664,cama_mesa_banho,58.0,192.0,1.0,1400.0,46.0,2.0,36.0,7
PRO_6665,moveis_decoracao,54.0,1078.0,1.0,500.0,35.0,7.0,27.0,39
PRO_6666,moveis_sala,49.0,677.0,2.0,14500.0,49.0,39.0,17.0,40
PRO_6667,esporte_lazer,30.0,415.0,4.0,800.0,30.0,20.0,30.0,65
PRO_6668,informatica_acessorios,59.0,401.0,4.0,300.0,16.0,5.0,20.0,15
PRO_6669,fashion_bolsas_e_acessorios,40.0,444.0,4.0,150.0,16.0,5.0,20.0,28
PRO_6670,agro_industria_e_comercio,60.0,864.0,1.0,4600.0,22.0,22.0,22.0,0
PRO_6671,consoles_games,49.0,998.0,2.0,200.0,16.0,16.0,11.0,16
PRO_6672,informatica_acessorios,52.0,159.0,2.0,2800.0,34.0,35.0,29.0,15
PRO_6673,informatica_acessorios,32.0,604.0,1.0,150.0,16.0,15.0,13.0,15
PRO_6674,automotivo,52.0,373.0,1.0,17200.0,50.0,30.0,30.0,5
PRO_6675,perfumaria,32.0,1088.0,1.0,300.0,20.0,20.0,20.0,59
PRO_6676,moveis_decoracao,63.0,996.0,2.0,200.0,16.0,10.0,20.0,39
PRO_6677,esporte_lazer,55.0,1381.0,4.0,1100.0,40.0,20.0,20.0,65
PRO_6678,utilidades_domesticas,48.0,659.0,2.0,3000.0,45.0,13.0,25.0,49
PRO_6679,cama_mesa_banho,57.0,123.0,1.0,200.0,50.0,8.0,35.0,7
PRO_6680,brinquedos,49.0,648.0,1.0,610.0,39.0,7.0,28.0,69
PRO_6681,moveis_escritorio,46.0,1157.0,1.0,14775.0,63.0,60.0,25.0,57
PRO_6682,informatica_acessorios,59.0,1949.0,5.0,650.0,25.0,11.0,15.0,15
PRO_6683,moveis_decoracao,54.0,570.0,5.0,10000.0,100.0,55.0,11.0,39
PRO_6684,automotivo,50.0,897.0,3.0,350.0,33.0,12.0,20.0,5
PRO_6685,cool_stuff,58.0,503.0,2.0,1800.0,51.0,15.0,32.0,20
PRO_6686,beleza_saude,48.0,426.0,1.0,800.0,18.0,18.0,18.0,43
PRO_6687,esporte_lazer,48.0,831.0,1.0,650.0,18.0,18.0,18.0,65
PRO_6688,automotivo,56.0,1723.0,6.0,250.0,25.0,10.0,15.0,5
PRO_6689,cama_mesa_banho,57.0,665.0,1.0,1422.0,42.0,10.0,36.0,7
PRO_6690,telefonia_fixa,30.0,732.0,3.0,456.0,16.0,15.0,17.0,34
PRO_6691,cama_mesa_banho,39.0,254.0,1.0,10050.0,50.0,30.0,40.0,7
PRO_6692,moveis_decoracao,60.0,953.0,7.0,900.0,32.0,17.0,30.0,39
PRO_6693,papelaria,43.0,785.0,3.0,1825.0,38.0,21.0,38.0,66
PRO_6694,fashion_bolsas_e_acessorios,38.0,141.0,6.0,150.0,16.0,9.0,11.0,28
PRO_6695,eletroportateis,55.0,2209.0,5.0,20500.0,39.0,39.0,58.0,63
PRO_6696,automotivo,41.0,348.0,1.0,1600.0,55.0,15.0,15.0,5
PRO_6697,beleza_saude,53.0,934.0,3.0,400.0,18.0,9.0,28.0,43
PRO_6698,papelaria,27.0,729.0,1.0,300.0,16.0,16.0,11.0,66
PRO_6699,casa_conforto,60.0,302.0,2.0,4250.0,45.0,15.0,35.0,47
PRO_6700,telefonia,58.0,818.0,6.0,300.0,17.0,4.0,12.0,68
PRO_6701,cama_mesa_banho,52.0,149.0,1.0,250.0,16.0,10.0,16.0,7
PRO_6702,eletrodomesticos_2,33.0,111.0,1.0,7350.0,44.0,14.0,30.0,45
PRO_6703,fashion_bolsas_e_acessorios,44.0,117.0,3.0,150.0,16.0,5.0,11.0,28
PRO_6704,eletronicos,51.0,521.0,1.0,200.0,21.0,7.0,18.0,26
PRO_6705,utilidades_domesticas,52.0,1004.0,1.0,1600.0,26.0,25.0,24.0,49
PRO_6706,moveis_decoracao,25.0,383.0,3.0,1350.0,35.0,24.0,25.0,39
PRO_6707,construcao_ferramentas_jardim,60.0,1500.0,1.0,2350.0,22.0,22.0,22.0,21
PRO_6708,automotivo,28.0,151.0,1.0,2233.0,16.0,13.0,10.0,5
PRO_6709,papelaria,45.0,398.0,2.0,200.0,24.0,7.0,14.0,66
PRO_6710,ferramentas_jardim,37.0,226.0,1.0,400.0,25.0,5.0,11.0,42
PRO_6711,brinquedos,58.0,462.0,2.0,400.0,16.0,23.0,15.0,69
PRO_6712,beleza_saude,57.0,2453.0,1.0,1150.0,22.0,5.0,16.0,43
PRO_6713,tablets_impressao_imagem,56.0,512.0,1.0,300.0,26.0,10.0,26.0,67
PRO_6714,informatica_acessorios,38.0,553.0,2.0,773.0,19.0,20.0,12.0,15
PRO_6715,utilidades_domesticas,60.0,614.0,1.0,4250.0,30.0,35.0,30.0,49
PRO_6716,informatica_acessorios,55.0,92.0,1.0,50.0,16.0,3.0,11.0,15
PRO_6717,pet_shop,37.0,1219.0,2.0,974.0,26.0,30.0,28.0,60
PRO_6718,moveis_decoracao,64.0,423.0,3.0,600.0,50.0,2.0,40.0,39
PRO_6719,cool_stuff,51.0,462.0,1.0,1330.0,28.0,31.0,21.0,20
PRO_6720,construcao_ferramentas_construcao,21.0,1405.0,1.0,1833.0,20.0,18.0,22.0,17
PRO_6721,beleza_saude,59.0,3037.0,1.0,1650.0,28.0,14.0,20.0,43
PRO_6722,informatica_acessorios,40.0,896.0,3.0,1450.0,25.0,15.0,25.0,15
PRO_6723,esporte_lazer,58.0,192.0,1.0,923.0,18.0,21.0,27.0,65
PRO_6724,informatica_acessorios,48.0,148.0,1.0,200.0,17.0,12.0,13.0,15
PRO_6725,brinquedos,59.0,1385.0,7.0,250.0,19.0,7.0,18.0,69
PRO_6726,informatica_acessorios,41.0,559.0,2.0,300.0,16.0,6.0,13.0,15
PRO_6727,telefonia,57.0,412.0,2.0,200.0,25.0,10.0,13.0,68
PRO_6728,esporte_lazer,54.0,1598.0,1.0,250.0,16.0,15.0,16.0,65
PRO_6729,moveis_decoracao,61.0,603.0,2.0,29700.0,70.0,60.0,60.0,39
PRO_6730,unknown,51.0,595.0,1.0,800.0,40.0,5.0,50.0,70
PRO_6731,informatica_acessorios,36.0,236.0,1.0,900.0,36.0,16.0,16.0,15
PRO_6732,fashion_roupa_feminina,35.0,335.0,1.0,700.0,20.0,20.0,20.0,27
PRO_6733,utilidades_domesticas,25.0,364.0,3.0,550.0,19.0,24.0,12.0,49
PRO_6734,eletronicos,37.0,400.0,1.0,250.0,25.0,7.0,16.0,26
PRO_6735,cama_mesa_banho,43.0,303.0,1.0,2600.0,45.0,15.0,41.0,7
PRO_6736,moveis_decoracao,52.0,1384.0,3.0,12880.0,48.0,43.0,49.0,39
PRO_6737,cama_mesa_banho,36.0,734.0,5.0,600.0,16.0,10.0,11.0,7
PRO_6738,bebes,58.0,340.0,2.0,14150.0,55.0,30.0,55.0,6
PRO_6739,automotivo,30.0,707.0,1.0,633.0,20.0,20.0,16.0,5
PRO_6740,moveis_decoracao,60.0,304.0,3.0,600.0,100.0,15.0,15.0,39
PRO_6741,fashion_roupa_masculina,47.0,316.0,2.0,400.0,16.0,5.0,16.0,30
PRO_6742,moveis_decoracao,33.0,1200.0,1.0,14033.0,101.0,8.0,57.0,39
PRO_6743,utilidades_domesticas,20.0,122.0,1.0,400.0,25.0,15.0,25.0,49
PRO_6744,automotivo,32.0,200.0,1.0,250.0,20.0,10.0,15.0,5
PRO_6745,utilidades_domesticas,46.0,630.0,3.0,1200.0,22.0,30.0,22.0,49
PRO_6746,beleza_saude,47.0,595.0,5.0,300.0,20.0,8.0,26.0,43
PRO_6747,esporte_lazer,59.0,432.0,6.0,300.0,30.0,5.0,11.0,65
PRO_6748,utilidades_domesticas,58.0,545.0,2.0,250.0,25.0,10.0,36.0,49
PRO_6749,relogios_presentes,34.0,519.0,2.0,400.0,16.0,27.0,17.0,71
PRO_6750,esporte_lazer,60.0,1278.0,4.0,600.0,18.0,5.0,18.0,65
PRO_6751,telefonia,59.0,601.0,1.0,200.0,19.0,4.0,11.0,68
PRO_6752,papelaria,54.0,171.0,2.0,1100.0,38.0,30.0,28.0,66
PRO_6753,tablets_impressao_imagem,54.0,512.0,1.0,283.0,22.0,12.0,21.0,67
PRO_6754,moveis_escritorio,43.0,1128.0,1.0,16133.0,63.0,59.0,25.0,57
PRO_6755,papelaria,48.0,182.0,1.0,300.0,25.0,11.0,11.0,66
PRO_6756,moveis_escritorio,60.0,2083.0,1.0,20500.0,58.0,28.0,58.0,57
PRO_6757,brinquedos,43.0,183.0,3.0,700.0,26.0,15.0,26.0,69
PRO_6758,utilidades_domesticas,52.0,164.0,2.0,8950.0,95.0,6.0,45.0,49
PRO_6759,malas_acessorios,39.0,38.0,6.0,200.0,16.0,7.0,11.0,53
PRO_6760,brinquedos,23.0,234.0,1.0,350.0,17.0,14.0,12.0,69
PRO_6761,cool_stuff,39.0,3210.0,3.0,575.0,23.0,16.0,18.0,20
PRO_6762,moveis_sala,62.0,302.0,2.0,5000.0,45.0,66.0,14.0,40
PRO_6763,esporte_lazer,54.0,1814.0,1.0,1286.0,24.0,21.0,22.0,65
PRO_6764,informatica_acessorios,54.0,714.0,3.0,1500.0,17.0,33.0,44.0,15
PRO_6765,cool_stuff,48.0,1689.0,3.0,700.0,16.0,2.0,11.0,20
PRO_6766,beleza_saude,56.0,1670.0,1.0,300.0,28.0,24.0,11.0,43
PRO_6767,cama_mesa_banho,53.0,795.0,2.0,200.0,49.0,10.0,40.0,7
PRO_6768,unknown,51.0,595.0,1.0,500.0,16.0,19.0,12.0,70
PRO_6769,beleza_saude,45.0,1364.0,1.0,650.0,20.0,15.0,15.0,43
PRO_6770,esporte_lazer,36.0,669.0,1.0,1000.0,34.0,36.0,37.0,65
PRO_6771,casa_conforto,60.0,407.0,1.0,19800.0,45.0,15.0,35.0,47
PRO_6772,beleza_saude,42.0,791.0,1.0,200.0,22.0,2.0,15.0,43
PRO_6773,bebes,55.0,973.0,2.0,2950.0,32.0,22.0,16.0,6
PRO_6774,instrumentos_musicais,56.0,802.0,2.0,3750.0,18.0,30.0,29.0,56
PRO_6775,relogios_presentes,57.0,440.0,2.0,600.0,18.0,18.0,16.0,71
PRO_6776,telefonia,52.0,1151.0,3.0,550.0,24.0,8.0,18.0,68
PRO_6777,telefonia,55.0,1350.0,3.0,300.0,16.0,22.0,11.0,68
PRO_6778,perfumaria,36.0,165.0,1.0,425.0,18.0,13.0,14.0,59
PRO_6779,moveis_decoracao,47.0,628.0,2.0,500.0,80.0,20.0,20.0,39
PRO_6780,fashion_bolsas_e_acessorios,63.0,328.0,4.0,150.0,16.0,5.0,11.0,28
PRO_6781,cama_mesa_banho,30.0,215.0,1.0,300.0,33.0,5.0,23.0,7
PRO_6782,pet_shop,59.0,803.0,1.0,550.0,20.0,50.0,20.0,60
PRO_6783,informatica_acessorios,57.0,201.0,2.0,850.0,41.0,8.0,31.0,15
PRO_6784,pet_shop,63.0,1451.0,3.0,900.0,35.0,20.0,45.0,60
PRO_6785,cama_mesa_banho,55.0,476.0,1.0,1917.0,46.0,9.0,37.0,7
PRO_6786,cool_stuff,60.0,530.0,4.0,350.0,16.0,11.0,11.0,20
PRO_6787,esporte_lazer,58.0,1074.0,5.0,700.0,16.0,11.0,11.0,65
PRO_6788,utilidades_domesticas,50.0,615.0,4.0,500.0,16.0,12.0,12.0,49
PRO_6789,beleza_saude,20.0,1688.0,1.0,1450.0,30.0,12.0,16.0,43
PRO_6790,papelaria,50.0,893.0,10.0,800.0,30.0,40.0,11.0,66
PRO_6791,pet_shop,57.0,159.0,1.0,300.0,16.0,16.0,16.0,60
PRO_6792,esporte_lazer,48.0,255.0,1.0,450.0,16.0,12.0,12.0,65
PRO_6793,instrumentos_musicais,55.0,968.0,5.0,6600.0,30.0,30.0,30.0,56
PRO_6794,relogios_presentes,56.0,640.0,2.0,350.0,19.0,13.0,13.0,71
PRO_6795,cama_mesa_banho,59.0,395.0,1.0,8950.0,40.0,25.0,48.0,7
PRO_6796,utilidades_domesticas,40.0,73.0,5.0,200.0,18.0,4.0,12.0,49
PRO_6797,eletroportateis,52.0,214.0,1.0,250.0,16.0,35.0,25.0,63
PRO_6798,beleza_saude,53.0,2138.0,3.0,100.0,34.0,2.0,26.0,43
PRO_6799,esporte_lazer,59.0,682.0,1.0,200.0,22.0,15.0,22.0,65
PRO_6800,fashion_bolsas_e_acessorios,63.0,627.0,4.0,100.0,16.0,5.0,11.0,28
PRO_6801,cama_mesa_banho,59.0,626.0,2.0,1075.0,43.0,8.0,20.0,7
PRO_6802,eletrodomesticos,46.0,147.0,2.0,1200.0,20.0,12.0,15.0,44
PRO_6803,relogios_presentes,35.0,606.0,3.0,700.0,23.0,15.0,19.0,71
PRO_6804,cama_mesa_banho,45.0,113.0,1.0,350.0,40.0,4.0,30.0,7
PRO_6805,automotivo,59.0,265.0,2.0,1300.0,21.0,11.0,16.0,5
PRO_6806,beleza_saude,58.0,1440.0,2.0,150.0,18.0,15.0,12.0,43
PRO_6807,fashion_bolsas_e_acessorios,59.0,497.0,6.0,200.0,16.0,9.0,11.0,28
PRO_6808,utilidades_domesticas,59.0,324.0,4.0,550.0,20.0,15.0,15.0,49
PRO_6809,eletronicos,39.0,480.0,3.0,217.0,16.0,13.0,16.0,26
PRO_6810,papelaria,50.0,537.0,6.0,1750.0,28.0,33.0,44.0,66
PRO_6811,eletronicos,47.0,485.0,1.0,200.0,30.0,10.0,20.0,26
PRO_6812,la_cuisine,59.0,748.0,1.0,1450.0,74.0,12.0,15.0,52
PRO_6813,utilidades_domesticas,45.0,316.0,1.0,200.0,25.0,10.0,20.0,49
PRO_6814,pet_shop,43.0,259.0,3.0,700.0,20.0,20.0,20.0,60
PRO_6815,utilidades_domesticas,56.0,616.0,1.0,250.0,35.0,10.0,15.0,49
PRO_6816,utilidades_domesticas,55.0,340.0,1.0,2300.0,30.0,30.0,30.0,49
PRO_6817,papelaria,54.0,194.0,3.0,350.0,24.0,7.0,14.0,66
PRO_6818,informatica_acessorios,38.0,247.0,3.0,1300.0,20.0,30.0,20.0,15
PRO_6819,esporte_lazer,28.0,1182.0,4.0,900.0,50.0,6.0,20.0,65
PRO_6820,moveis_decoracao,57.0,945.0,1.0,6300.0,21.0,21.0,42.0,39
PRO_6821,beleza_saude,59.0,1064.0,1.0,200.0,16.0,8.0,11.0,43
PRO_6822,cama_mesa_banho,56.0,2079.0,2.0,1000.0,43.0,8.0,33.0,7
PRO_6823,informatica_acessorios,54.0,914.0,3.0,693.0,39.0,7.0,16.0,15
PRO_6824,relogios_presentes,35.0,1073.0,1.0,348.0,18.0,11.0,15.0,71
PRO_6825,cama_mesa_banho,51.0,220.0,1.0,2050.0,30.0,5.0,30.0,7
PRO_6826,cama_mesa_banho,54.0,515.0,1.0,1000.0,16.0,10.0,16.0,7
PRO_6827,esporte_lazer,58.0,402.0,4.0,500.0,24.0,16.0,16.0,65
PRO_6828,informatica_acessorios,39.0,1313.0,1.0,700.0,31.0,13.0,11.0,15
PRO_6829,cama_mesa_banho,49.0,397.0,1.0,1640.0,21.0,10.0,29.0,7
PRO_6830,fashion_bolsas_e_acessorios,28.0,353.0,4.0,300.0,16.0,12.0,16.0,28
PRO_6831,relogios_presentes,54.0,780.0,2.0,300.0,16.0,11.0,20.0,71
PRO_6832,informatica_acessorios,41.0,726.0,2.0,1240.0,15.0,5.0,9.0,15
PRO_6833,consoles_games,42.0,778.0,1.0,700.0,26.0,12.0,18.0,16
PRO_6834,agro_industria_e_comercio,40.0,628.0,1.0,2650.0,52.0,13.0,32.0,0
PRO_6835,pcs,60.0,1091.0,1.0,12100.0,50.0,50.0,25.0,14
PRO_6836,beleza_saude,39.0,798.0,1.0,688.0,17.0,13.0,16.0,43
PRO_6837,moveis_decoracao,32.0,303.0,1.0,2300.0,37.0,30.0,20.0,39
PRO_6838,construcao_ferramentas_construcao,32.0,424.0,1.0,333.0,25.0,11.0,19.0,17
PRO_6839,cama_mesa_banho,58.0,505.0,2.0,150.0,16.0,10.0,16.0,7
PRO_6840,automotivo,49.0,469.0,1.0,1200.0,20.0,10.0,20.0,5
PRO_6841,informatica_acessorios,48.0,561.0,2.0,593.0,41.0,13.0,14.0,15
PRO_6842,brinquedos,31.0,460.0,1.0,600.0,26.0,6.0,17.0,69
PRO_6843,cama_mesa_banho,60.0,870.0,1.0,17800.0,58.0,40.0,50.0,7
PRO_6844,utilidades_domesticas,36.0,808.0,2.0,300.0,16.0,25.0,11.0,49
PRO_6845,relogios_presentes,50.0,769.0,4.0,200.0,19.0,13.0,13.0,71
PRO_6846,eletroportateis,58.0,566.0,3.0,3150.0,37.0,30.0,21.0,63
PRO_6847,telefonia,30.0,355.0,1.0,50.0,19.0,3.0,11.0,68
PRO_6848,bebes,59.0,121.0,1.0,850.0,39.0,16.0,40.0,6
